2/1/91;-0.85
3/1/91;-1.61
4/1/91;-0.39
7/1/91;-1.31
8/1/91;0.37
9/1/91;-0.11
10/1/91;0.89
11/1/91;0.85
14/1/91;0.23
15/1/91;0.06
16/1/91;1.47
17/1/91;1.44
18/1/91;1.39
21/1/91;0.03
22/1/91;-0.54
23/1/91;1.74
24/1/91;1.94
25/1/91;-0.04
28/1/91;0.71
29/1/91;0.23
30/1/91;1.88
31/1/91;0.13
1/2/91;0.56
4/2/91;2.56
5/2/91;0.50
6/2/91;0.17
7/2/91;-1.46
8/2/91;0.48
11/2/91;2.63
12/2/91;-0.69
13/2/91;0.66
14/2/91;-1.40
15/2/91;0.09
19/2/91;2.89
20/2/91;0.12
21/2/91;-0.92
22/2/91;-0.13
25/2/91;1.87
26/2/91;-0.60
27/2/91;2.38
28/2/91;0.57
1/3/91;1.49
4/3/91;-0.80
5/3/91;3.11
6/3/91;1.62
7/3/91;0.75
8/3/91;-0.24
11/3/91;-3.25
12/3/91;-0.95
13/3/91;1.83
14/3/91;-0.13
15/3/91;-1.71
18/3/91;-0.84
19/3/91;-0.35
20/3/91;2.53
21/3/91;0.67
22/3/91;0.45
25/3/91;0.79
26/3/91;2.35
27/3/91;-0.76
28/3/91;0.14
1/4/91;-1.13
2/4/91;2.31
3/4/91;0.08
4/4/91;0.17
5/4/91;-1.46
8/4/91;0.26
9/4/91;-1.47
10/4/91;-1.79
11/4/91;1.51
12/4/91;0.12
15/4/91;-0.15
16/4/91;1.17
17/4/91;1.18
18/4/91;-2.84
19/4/91;-2.43
22/4/91;-2.30
23/4/91;1.41
24/4/91;1.27
25/4/91;-0.54
26/4/91;0.07
29/4/91;-2.09
30/4/91;-0.95
1/5/91;0.76
2/5/91;0.59
3/5/91;0.09
6/5/91;-0.87
7/5/91;-0.71
8/5/91;0.90
9/5/91;1.05
10/5/91;-1.01
13/5/91;-0.74
14/5/91;-0.56
15/5/91;-0.90
16/5/91;1.70
17/5/91;-0.29
20/5/91;-0.32
21/5/91;1.80
22/5/91;0.54
23/5/91;1.10
24/5/91;0.53
28/5/91;0.62
29/5/91;1.67
30/5/91;2.44
31/5/91;0.67
3/6/91;-2.69
4/6/91;0.56
5/6/91;2.11
6/6/91;-0.84
7/6/91;-2.39
10/6/91;-0.38
11/6/91;0.29
12/6/91;-1.99
13/6/91;-1.13
14/6/91;3.66
17/6/91;-0.64
18/6/91;-0.28
19/6/91;-1.50
20/6/91;0.29
21/6/91;-0.06
24/6/91;-4.11
25/6/91;1.14
26/6/91;-0.60
27/6/91;0.50
28/6/91;-1.07
1/7/91;4.24
2/7/91;0.45
3/7/91;-2.22
5/7/91;0.45
8/7/91;0.44
9/7/91;1.52
10/7/91;1.48
11/7/91;1.36
12/7/91;1.44
15/7/91;0.80
16/7/91;0.01
17/7/91;0.53
18/7/91;1.68
19/7/91;-0.72
22/7/91;-2.12
23/7/91;-2.23
24/7/91;0.23
25/7/91;1.03
26/7/91;1.19
29/7/91;0.57
30/7/91;0.56
31/7/91;0.29
1/8/91;1.53
2/8/91;0.60
5/8/91;-1.21
6/8/91;2.53
7/8/91;1.76
8/8/91;1.82
9/8/91;0.34
12/8/91;1.70
13/8/91;0.80
14/8/91;1.55
15/8/91;-1.90
16/8/91;-2.26
19/8/91;-3.16
20/8/91;0.82
21/8/91;4.40
22/8/91;1.35
23/8/91;-1.93
26/8/91;-0.30
27/8/91;0.57
28/8/91;2.29
29/8/91;-2.45
30/8/91;-1.24
3/9/91;-1.15
4/9/91;-0.61
5/9/91;1.60
6/9/91;1.02
9/9/91;0.11
10/9/91;-2.32
11/9/91;-0.08
12/9/91;1.16
13/9/91;-1.56
16/9/91;1.44
17/9/91;-0.10
18/9/91;0.62
19/9/91;0.42
20/9/91;0.14
23/9/91;-0.45
24/9/91;0.11
25/9/91;0.56
26/9/91;-0.99
27/9/91;-0.69
30/9/91;-1.08
1/10/91;0.93
2/10/91;-0.64
3/10/91;-1.59
4/10/91;-1.67
7/10/91;-1.47
8/10/91;1.48
9/10/91;0.51
10/10/91;0.95
11/10/91;0.75
14/10/91;2.36
15/10/91;1.31
16/10/91;0.79
17/10/91;-2.42
18/10/91;0.26
21/10/91;-0.27
22/10/91;-1.19
23/10/91;0.92
24/10/91;-0.13
25/10/91;-2.55
28/10/91;3.32
29/10/91;0.86
30/10/91;1.12
31/10/91;-5.53
1/11/91;-1.86
4/11/91;-0.73
5/11/91;0.31
6/11/91;2.37
7/11/91;1.56
8/11/91;-0.82
11/11/91;0.16
12/11/91;0.70
13/11/91;1.84
14/11/91;-0.24
15/11/91;-5.58
18/11/91;1.87
19/11/91;-1.83
20/11/91;1.55
21/11/91;0.96
22/11/91;1.32
25/11/91;-0.67
26/11/91;1.13
27/11/91;0.64
29/11/91;-0.64
2/12/91;1.13
3/12/91;1.50
4/12/91;-0.44
5/12/91;-1.47
6/12/91;0.32
9/12/91;0.36
10/12/91;-0.15
11/12/91;0.03
12/12/91;1.97
13/12/91;0.99
16/12/91;-0.18
17/12/91;-0.64
18/12/91;-0.66
19/12/91;0.22
20/12/91;-0.39
23/12/91;2.74
24/12/91;1.15
26/12/91;0.36
27/12/91;0.68
30/12/91;2.92
31/12/91;-0.17
2/1/92;1.00
3/1/92;1.16
6/1/92;-0.42
7/1/92;-1.17
8/1/92;0.35
9/1/92;-0.53
10/1/92;-1.18
13/1/92;0.32
14/1/92;2.74
15/1/92;0.81
16/1/92;-1.15
17/1/92;-2.00
20/1/92;-3.34
21/1/92;-3.78
22/1/92;4.27
23/1/92;-0.31
24/1/92;1.05
27/1/92;-0.50
28/1/92;-1.09
29/1/92;-0.84
30/1/92;0.02
31/1/92;1.34
3/2/92;2.14
4/2/92;1.79
5/2/92;0.85
6/2/92;-1.52
7/2/92;-1.25
10/2/92;0.40
11/2/92;-0.55
12/2/92;1.00
13/2/92;-1.05
14/2/92;-2.02
18/2/92;-1.51
19/2/92;0.73
20/2/92;2.80
21/2/92;-0.36
24/2/92;-0.64
25/2/92;-0.59
26/2/92;-0.25
27/2/92;0.40
28/2/92;1.06
2/3/92;0.19
3/3/92;-0.75
4/3/92;-0.47
5/3/92;-1.19
6/3/92;-1.52
9/3/92;0.93
10/3/92;1.75
11/3/92;-1.09
12/3/92;-0.59
13/3/92;1.04
16/3/92;-0.01
17/3/92;1.11
18/3/92;0.61
19/3/92;0.96
20/3/92;1.24
23/3/92;-0.06
24/3/92;-2.03
25/3/92;0.50
26/3/92;-1.68
27/3/92;0.36
30/3/92;-0.69
31/3/92;0.46
1/4/92;-0.50
2/4/92;-1.27
3/4/92;-0.75
6/4/92;-0.16
7/4/92;-2.64
8/4/92;-0.55
9/4/92;1.86
10/4/92;0.98
13/4/92;2.92
14/4/92;2.09
15/4/92;1.87
16/4/92;-1.43
20/4/92;0.43
21/4/92;0.27
22/4/92;0.42
23/4/92;0.25
24/4/92;0.58
27/4/92;-0.84
28/4/92;-0.60
29/4/92;0.69
30/4/92;0.29
1/5/92;-0.30
4/5/92;0.84
5/5/92;0.15
6/5/92;0.84
7/5/92;-0.99
8/5/92;1.16
11/5/92;0.44
12/5/92;0.75
13/5/92;0.23
14/5/92;-1.70
15/5/92;-0.21
18/5/92;0.99
19/5/92;0.48
20/5/92;-0.36
21/5/92;-1.13
22/5/92;-0.65
26/5/92;-3.01
27/5/92;-0.10
28/5/92;2.07
29/5/92;1.69
1/6/92;0.56
2/6/92;-0.14
3/6/92;0.91
4/6/92;-0.34
5/6/92;-2.22
8/6/92;-1.13
9/6/92;-2.16
10/6/92;-1.22
11/6/92;0.15
12/6/92;0.70
15/6/92;0.19
16/6/92;-1.69
17/6/92;-2.21
18/6/92;-0.74
19/6/92;0.89
22/6/92;-0.11
23/6/92;1.03
24/6/92;-0.56
25/6/92;1.31
26/6/92;0.72
29/6/92;1.63
30/6/92;0.54
1/7/92;0.89
2/7/92;-0.22
6/7/92;-0.91
7/7/92;-2.27
8/7/92;-1.54
9/7/92;1.43
10/7/92;1.42
13/7/92;-0.36
14/7/92;1.46
15/7/92;-1.15
16/7/92;-2.36
17/7/92;0.10
20/7/92;-0.75
21/7/92;1.25
22/7/92;-0.66
23/7/92;-0.95
24/7/92;0.13
27/7/92;-1.60
28/7/92;2.12
29/7/92;1.95
30/7/92;0.53
31/7/92;0.82
3/8/92;1.84
4/8/92;-1.10
5/8/92;-0.53
6/8/92;-0.76
7/8/92;0.26
10/8/92;-0.32
11/8/92;-0.22
12/8/92;0.40
13/8/92;0.27
14/8/92;1.67
17/8/92;0.58
18/8/92;-0.92
19/8/92;-2.17
20/8/92;0.61
21/8/92;-1.84
24/8/92;-2.18
25/8/92;-2.12
26/8/92;0.66
27/8/92;1.67
28/8/92;-0.47
31/8/92;-0.74
1/9/92;1.88
2/9/92;2.01
3/9/92;-0.69
4/9/92;-0.09
8/9/92;-0.14
9/9/92;2.03
10/9/92;3.73
11/9/92;0.26
14/9/92;0.95
15/9/92;-0.89
16/9/92;0.66
17/9/92;0.89
18/9/92;0.64
21/9/92;-1.14
22/9/92;-1.83
23/9/92;-1.59
24/9/92;0.62
25/9/92;-1.37
28/9/92;1.57
29/9/92;1.47
30/9/92;0.53
1/10/92;-0.98
2/10/92;-0.98
5/10/92;-1.22
6/10/92;2.34
7/10/92;-0.27
8/10/92;1.31
9/10/92;-0.22
12/10/92;0.47
13/10/92;-0.18
14/10/92;-0.20
15/10/92;0.74
16/10/92;0.70
19/10/92;2.15
20/10/92;0.37
21/10/92;1.25
22/10/92;0.32
23/10/92;-0.72
26/10/92;0.61
27/10/92;0.74
28/10/92;1.97
29/10/92;0.71
30/10/92;-2.65
2/11/92;-0.21
3/11/92;0.04
4/11/92;0.50
5/11/92;0.57
6/11/92;-0.71
9/11/92;0.52
10/11/92;1.08
11/11/92;0.47
12/11/92;1.04
13/11/92;-0.03
16/11/92;-0.55
17/11/92;0.40
18/11/92;0.35
19/11/92;0.67
20/11/92;1.06
23/11/92;-0.27
24/11/92;-0.47
25/11/92;0.51
27/11/92;1.46
30/11/92;-0.09
1/12/92;1.56
2/12/92;0.04
3/12/92;1.31
4/12/92;2.28
7/12/92;-0.72
8/12/92;0.59
9/12/92;-0.44
10/12/92;-1.06
11/12/92;-0.65
14/12/92;1.48
15/12/92;-2.01
16/12/92;-1.12
17/12/92;1.70
18/12/92;3.05
21/12/92;2.71
22/12/92;-1.46
23/12/92;1.98
24/12/92;0.50
28/12/92;0.35
29/12/92;-0.07
30/12/92;-0.09
31/12/92;-1.28
4/1/93;-0.09
5/1/93;-0.42
6/1/93;2.79
7/1/93;-1.21
8/1/93;1.26
11/1/93;1.90
12/1/93;0.12
13/1/93;-1.80
14/1/93;2.40
15/1/93;0.91
18/1/93;1.24
19/1/93;-0.52
20/1/93;0.34
21/1/93;0.65
22/1/93;2.58
25/1/93;1.85
26/1/93;-0.10
27/1/93;-1.83
28/1/93;-0.42
29/1/93;-4.00
1/2/93;-0.54
2/2/93;-0.17
3/2/93;0.92
4/2/93;1.49
5/2/93;-0.05
8/2/93;-1.21
9/2/93;-2.74
10/2/93;0.47
11/2/93;0.22
12/2/93;-0.72
16/2/93;-6.17
17/2/93;-0.08
18/2/93;-0.30
19/2/93;0.13
22/2/93;0.24
23/2/93;-2.48
24/2/93;4.08
25/2/93;2.90
26/2/93;0.52
1/3/93;0.36
2/3/93;1.13
3/3/93;1.44
4/3/93;-1.21
5/3/93;0.77
8/3/93;1.72
9/3/93;0.61
10/3/93;-0.38
11/3/93;-0.45
12/3/93;-0.55
15/3/93;1.84
16/3/93;-0.37
17/3/93;-1.88
18/3/93;0.08
19/3/93;-0.51
22/3/93;-0.67
23/3/93;-1.10
24/3/93;1.01
25/3/93;2.53
26/3/93;0.06
29/3/93;0.17
30/3/93;0.22
31/3/93;0.31
1/4/93;-0.19
2/4/93;-4.09
5/4/93;0.91
6/4/93;0.60
7/4/93;1.41
8/4/93;0.73
12/4/93;1.52
13/4/93;-0.15
14/4/93;0.95
15/4/93;-0.91
16/4/93;-1.13
19/4/93;-1.47
20/4/93;-0.02
21/4/93;3.17
22/4/93;-0.44
23/4/93;-2.73
26/4/93;-1.57
27/4/93;1.27
28/4/93;2.17
29/4/93;1.99
30/4/93;0.69
3/5/93;1.40
4/5/93;0.82
5/5/93;2.16
6/5/93;0.01
7/5/93;0.59
10/5/93;0.34
11/5/93;0.39
12/5/93;-0.12
13/5/93;-1.70
14/5/93;0.47
17/5/93;1.10
18/5/93;0.18
19/5/93;1.89
20/5/93;1.38
21/5/93;-0.37
24/5/93;1.94
25/5/93;-0.19
26/5/93;2.07
27/5/93;0.15
28/5/93;-1.38
1/6/93;2.06
2/6/93;0.56
3/6/93;0.27
4/6/93;-1.77
7/6/93;-3.42
8/6/93;-1.56
9/6/93;0.50
10/6/93;-0.81
11/6/93;2.39
14/6/93;2.08
15/6/93;1.69
16/6/93;-0.03
17/6/93;0.79
18/6/93;-1.62
21/6/93;-0.92
22/6/93;0.37
23/6/93;-0.32
24/6/93;1.10
25/6/93;3.17
28/6/93;2.11
29/6/93;-2.67
30/6/93;2.23
1/7/93;0.33
2/7/93;-0.14
6/7/93;-0.59
7/7/93;-1.62
8/7/93;0.82
9/7/93;2.28
12/7/93;1.95
13/7/93;0.34
14/7/93;-0.69
15/7/93;0.21
16/7/93;-2.86
19/7/93;-0.73
20/7/93;3.24
21/7/93;0.30
22/7/93;-0.35
23/7/93;0.29
26/7/93;2.74
27/7/93;-0.49
28/7/93;-0.73
29/7/93;1.28
30/7/93;-0.73
2/8/93;2.83
3/8/93;0.51
4/8/93;1.06
5/8/93;1.35
6/8/93;1.95
9/8/93;-0.12
10/8/93;-1.21
11/8/93;2.05
12/8/93;-0.88
13/8/93;0.09
16/8/93;3.40
17/8/93;0.81
18/8/93;-0.19
19/8/93;-0.86
20/8/93;0.15
23/8/93;1.93
24/8/93;0.34
25/8/93;0.97
26/8/93;-1.85
27/8/93;0.16
30/8/93;1.06
31/8/93;1.45
1/9/93;0.16
2/9/93;-0.15
3/9/93;-1.56
7/9/93;-3.26
8/9/93;-2.09
9/9/93;1.54
10/9/93;-0.14
13/9/93;-2.41
14/9/93;-2.43
15/9/93;1.75
16/9/93;1.42
17/9/93;2.34
20/9/93;1.81
21/9/93;-1.71
22/9/93;4.49
23/9/93;1.10
24/9/93;1.24
27/9/93;1.01
28/9/93;1.92
29/9/93;-1.98
30/9/93;-2.99
1/10/93;0.21
4/10/93;0.94
5/10/93;-0.29
6/10/93;-1.36
7/10/93;-0.94
8/10/93;1.63
11/10/93;1.64
12/10/93;1.69
13/10/93;1.81
14/10/93;0.13
15/10/93;2.06
18/10/93;-0.52
19/10/93;-3.47
20/10/93;-1.04
21/10/93;0.87
22/10/93;1.61
25/10/93;-2.23
26/10/93;-0.75
27/10/93;2.05
28/10/93;-2.53
29/10/93;1.46
1/11/93;0.13
2/11/93;-1.19
3/11/93;-2.79
4/11/93;-4.63
5/11/93;3.24
8/11/93;2.30
9/11/93;-0.23
10/11/93;1.57
11/11/93;2.54
12/11/93;0.05
15/11/93;-1.44
16/11/93;0.08
17/11/93;-2.57
18/11/93;-1.64
19/11/93;-1.10
22/11/93;-3.90
23/11/93;2.18
24/11/93;2.12
26/11/93;0.67
29/11/93;-3.24
30/11/93;-0.18
1/12/93;1.99
2/12/93;-0.06
3/12/93;1.34
6/12/93;-0.48
7/12/93;-0.14
8/12/93;0.66
9/12/93;-0.27
10/12/93;-0.82
13/12/93;0.32
14/12/93;-0.63
15/12/93;0.12
16/12/93;0.12
17/12/93;0.70
20/12/93;0.77
21/12/93;-1.21
22/12/93;0.56
23/12/93;0.69
27/12/93;0.65
28/12/93;0.79
29/12/93;0.66
30/12/93;0.25
31/12/93;-0.33
3/1/94;-1.21
4/1/94;2.05
5/1/94;0.83
6/1/94;0.28
7/1/94;0.23
10/1/94;2.13
11/1/94;-0.11
12/1/94;0.43
13/1/94;0.82
14/1/94;-0.09
17/1/94;1.12
18/1/94;-0.97
19/1/94;-0.33
20/1/94;0.28
21/1/94;0.37
24/1/94;-1.21
25/1/94;-1.55
26/1/94;0.48
27/1/94;0.83
28/1/94;1.03
31/1/94;-0.66
1/2/94;0.33
2/2/94;0.13
3/2/94;-0.45
4/2/94;-3.23
7/2/94;1.09
8/2/94;4.13
9/2/94;0.51
10/2/94;0.59
11/2/94;-0.54
14/2/94;-0.08
15/2/94;0.82
16/2/94;-2.13
17/2/94;-2.36
18/2/94;0.12
22/2/94;1.68
23/2/94;0.00
24/2/94;0.07
25/2/94;-0.26
28/2/94;1.11
1/3/94;-1.97
2/3/94;-1.14
3/3/94;0.59
4/3/94;0.12
7/3/94;-0.07
8/3/94;-0.82
9/3/94;0.14
10/3/94;0.33
11/3/94;0.45
14/3/94;0.12
15/3/94;-0.16
16/3/94;-0.07
17/3/94;1.24
18/3/94;-0.23
21/3/94;-0.89
22/3/94;-0.11
23/3/94;0.41
24/3/94;-1.21
25/3/94;-1.04
28/3/94;-1.39
29/3/94;-0.55
30/3/94;0.10
31/3/94;-0.20
4/4/94;-1.07
5/4/94;2.28
6/4/94;0.41
7/4/94;0.48
8/4/94;-1.08
11/4/94;0.13
12/4/94;-1.24
13/4/94;-1.01
14/4/94;0.82
15/4/94;-0.05
18/4/94;-1.07
19/4/94;-0.49
20/4/94;-3.28
21/4/94;-0.01
22/4/94;0.37
25/4/94;3.46
26/4/94;1.12
28/4/94;-0.20
29/4/94;0.69
2/5/94;0.35
3/5/94;-0.31
4/5/94;0.10
5/5/94;-0.25
6/5/94;-0.36
9/5/94;-0.56
10/5/94;0.18
11/5/94;-0.54
12/5/94;-0.20
13/5/94;0.05
16/5/94;-0.48
17/5/94;0.02
18/5/94;0.58
19/5/94;0.20
20/5/94;-0.18
23/5/94;0.00
24/5/94;0.26
25/5/94;0.09
26/5/94;-0.40
27/5/94;-0.02
31/5/94;0.00
1/6/94;0.11
2/6/94;0.20
3/6/94;-0.16
6/6/94;-0.42
7/6/94;-0.48
8/6/94;-0.70
9/6/94;-0.21
10/6/94;0.16
13/6/94;-0.09
14/6/94;0.46
15/6/94;0.26
16/6/94;-0.04
17/6/94;-0.39
20/6/94;-0.61
21/6/94;-0.42
22/6/94;0.34
23/6/94;-0.39
24/6/94;-0.30
27/6/94;0.55
28/6/94;0.12
29/6/94;-0.14
30/6/94;-0.34
1/7/94;0.01
5/7/94;-0.12
6/7/94;-0.12
7/7/94;0.26
8/7/94;-0.01
11/7/94;0.21
12/7/94;0.20
13/7/94;0.27
14/7/94;0.15
15/7/94;0.08
18/7/94;0.27
19/7/94;-0.26
20/7/94;-0.08
21/7/94;-0.02
22/7/94;-0.07
25/7/94;-0.11
26/7/94;-0.30
27/7/94;-0.03
28/7/94;0.20
29/7/94;0.42
1/8/94;1.69
2/8/94;-1.01
3/8/94;0.40
4/8/94;-2.08
5/8/94;-0.64
8/8/94;1.08
9/8/94;0.14
10/8/94;0.60
11/8/94;-0.32
12/8/94;0.76
15/8/94;0.73
16/8/94;2.20
17/8/94;-0.50
18/8/94;0.26
19/8/94;0.54
22/8/94;-0.20
23/8/94;1.24
24/8/94;0.71
25/8/94;0.70
26/8/94;1.66
29/8/94;1.84
30/8/94;0.96
31/8/94;-0.57
1/9/94;-0.86
2/9/94;0.76
6/9/94;0.40
7/9/94;1.03
8/9/94;0.98
9/9/94;-0.58
12/9/94;-1.32
13/9/94;1.35
14/9/94;-0.23
15/9/94;2.14
16/9/94;1.50
19/9/94;1.33
20/9/94;-0.64
21/9/94;0.69
22/9/94;-0.47
23/9/94;-0.72
26/9/94;-1.85
27/9/94;1.26
28/9/94;0.99
29/9/94;-1.13
30/9/94;-0.05
3/10/94;-0.17
4/10/94;-1.86
5/10/94;1.32
6/10/94;0.02
7/10/94;0.19
10/10/94;0.87
11/10/94;1.95
12/10/94;-0.12
13/10/94;0.16
14/10/94;0.58
17/10/94;-0.26
18/10/94;-0.23
19/10/94;1.32
20/10/94;-0.74
21/10/94;0.25
24/10/94;-2.40
25/10/94;0.68
26/10/94;1.63
27/10/94;0.86
28/10/94;0.75
31/10/94;-0.93
1/11/94;-0.02
2/11/94;0.04
3/11/94;-0.04
4/11/94;-1.60
7/11/94;0.00
8/11/94;0.88
9/11/94;-0.16
10/11/94;-0.77
11/11/94;-0.28
14/11/94;1.05
15/11/94;0.57
16/11/94;0.17
17/11/94;-0.93
18/11/94;0.48
21/11/94;0.38
22/11/94;-2.71
23/11/94;0.83
25/11/94;1.40
28/11/94;0.36
29/11/94;0.38
30/11/94;-0.22
1/12/94;-1.05
2/12/94;0.18
5/12/94;1.19
6/12/94;0.28
7/12/94;-0.59
8/12/94;-2.84
9/12/94;1.21
12/12/94;-0.45
13/12/94;-0.39
14/12/94;1.16
15/12/94;2.56
16/12/94;-0.55
19/12/94;-0.11
20/12/94;0.73
21/12/94;1.50
22/12/94;0.57
23/12/94;0.83
27/12/94;1.23
28/12/94;-0.53
29/12/94;1.73
30/12/94;-1.01
3/1/95;-1.16
4/1/95;0.20
5/1/95;-0.32
6/1/95;0.60
9/1/95;0.44
10/1/95;0.40
11/1/95;-0.07
12/1/95;-0.22
13/1/95;0.06
16/1/95;0.60
17/1/95;-0.36
18/1/95;0.16
19/1/95;-0.37
20/1/95;-0.61
23/1/95;0.02
24/1/95;0.44
25/1/95;-0.58
26/1/95;-0.45
27/1/95;-0.36
30/1/95;-0.89
31/1/95;0.36
1/2/95;0.79
2/2/95;0.99
3/2/95;-0.65
6/2/95;2.35
7/2/95;-0.73
8/2/95;1.48
9/2/95;1.69
10/2/95;1.21
13/2/95;-1.41
14/2/95;-0.99
15/2/95;-0.73
16/2/95;0.78
17/2/95;-0.99
21/2/95;-1.30
22/2/95;2.89
23/2/95;0.92
24/2/95;0.45
27/2/95;-1.86
28/2/95;0.82
1/3/95;0.70
2/3/95;0.64
3/3/95;1.04
6/3/95;2.01
7/3/95;-2.20
8/3/95;0.26
9/3/95;0.86
10/3/95;1.83
13/3/95;0.30
14/3/95;1.14
15/3/95;-0.80
16/3/95;-1.36
17/3/95;-0.14
20/3/95;1.98
21/3/95;0.72
22/3/95;-0.97
23/3/95;0.86
24/3/95;0.98
27/3/95;1.90
28/3/95;-0.83
29/3/95;-2.47
30/3/95;-1.33
31/3/95;-0.43
3/4/95;1.45
4/4/95;-1.93
5/4/95;-0.69
6/4/95;-1.02
7/4/95;1.09
10/4/95;2.12
11/4/95;0.42
12/4/95;0.81
13/4/95;-2.16
17/4/95;-3.90
18/4/95;0.93
19/4/95;-0.25
20/4/95;-0.28
21/4/95;1.29
24/4/95;3.38
25/4/95;0.76
26/4/95;-2.66
27/4/95;-0.37
28/4/95;-0.61
1/5/95;-1.67
2/5/95;-1.53
3/5/95;2.98
4/5/95;1.22
5/5/95;-0.57
8/5/95;0.75
9/5/95;-0.68
10/5/95;0.47
11/5/95;3.60
12/5/95;1.17
15/5/95;0.02
16/5/95;0.59
17/5/95;2.22
18/5/95;-1.16
19/5/95;0.62
22/5/95;1.54
23/5/95;3.77
24/5/95;-2.67
25/5/95;-0.22
26/5/95;-2.05
30/5/95;-4.78
31/5/95;0.48
1/6/95;3.06
2/6/95;2.88
5/6/95;0.19
6/6/95;-1.35
7/6/95;0.96
8/6/95;0.12
9/6/95;0.35
12/6/95;0.12
13/6/95;1.57
14/6/95;-0.07
15/6/95;1.20
16/6/95;0.65
19/6/95;2.72
20/6/95;3.26
21/6/95;-1.03
22/6/95;1.90
23/6/95;0.25
26/6/95;-2.41
27/6/95;-1.91
28/6/95;-1.10
29/6/95;3.48
30/6/95;-0.55
3/7/95;-0.15
5/7/95;1.86
6/7/95;3.93
7/7/95;0.77
10/7/95;-0.34
11/7/95;-1.13
12/7/95;2.61
13/7/95;1.00
14/7/95;-0.38
17/7/95;1.50
18/7/95;-3.42
19/7/95;-5.50
20/7/95;2.58
21/7/95;1.89
24/7/95;3.79
25/7/95;2.02
26/7/95;1.23
27/7/95;3.12
28/7/95;-1.29
31/7/95;-0.76
1/8/95;-2.14
2/8/95;-3.13
3/8/95;-1.47
4/8/95;1.31
7/8/95;0.14
8/8/95;0.32
9/8/95;1.08
10/8/95;0.17
11/8/95;1.58
14/8/95;1.97
15/8/95;0.62
16/8/95;4.05
17/8/95;-0.70
18/8/95;-0.76
21/8/95;-4.36
22/8/95;2.60
23/8/95;-0.07
24/8/95;-2.70
25/8/95;-0.02
28/8/95;-2.79
29/8/95;0.81
30/8/95;0.06
31/8/95;1.03
1/9/95;-0.60
5/9/95;7.05
6/9/95;1.21
7/9/95;-0.76
8/9/95;2.20
11/9/95;2.54
12/9/95;-2.51
13/9/95;-0.14
14/9/95;-1.48
15/9/95;-2.99
18/9/95;0.77
19/9/95;4.27
20/9/95;-0.50
21/9/95;-1.50
22/9/95;-1.72
25/9/95;-1.52
26/9/95;-0.69
27/9/95;-0.96
28/9/95;5.66
29/9/95;-3.39
2/10/95;-2.63
3/10/95;1.89
4/10/95;-5.33
5/10/95;4.74
6/10/95;-1.82
9/10/95;-5.94
10/10/95;2.33
11/10/95;4.24
12/10/95;0.68
13/10/95;-1.83
16/10/95;-3.18
17/10/95;6.77
18/10/95;-0.41
19/10/95;2.43
20/10/95;-2.06
23/10/95;1.51
24/10/95;-1.38
25/10/95;-2.04
26/10/95;0.66
27/10/95;1.09
30/10/95;3.74
31/10/95;-3.22
1/11/95;-0.86
2/11/95;2.17
3/11/95;1.89
6/11/95;1.50
7/11/95;-3.11
8/11/95;-1.87
9/11/95;3.15
10/11/95;0.80
13/11/95;-0.87
14/11/95;-7.55
15/11/95;0.14
16/11/95;1.57
17/11/95;0.55
20/11/95;-3.73
21/11/95;-1.60
22/11/95;-0.29
24/11/95;1.68
27/11/95;-1.12
28/11/95;3.74
29/11/95;1.20
30/11/95;1.02
1/12/95;-0.60
4/12/95;0.95
5/12/95;-1.49
6/12/95;-0.88
7/12/95;0.20
8/12/95;1.53
11/12/95;0.53
12/12/95;-1.57
13/12/95;-1.49
14/12/95;-3.27
15/12/95;-2.80
18/12/95;-2.17
19/12/95;8.42
20/12/95;-0.83
21/12/95;-0.03
22/12/95;1.92
26/12/95;0.06
27/12/95;-1.45
28/12/95;-2.30
29/12/95;1.36
2/1/96;-0.20
3/1/96;-1.14
4/1/96;-1.45
5/1/96;0.24
8/1/96;-0.71
9/1/96;-4.32
10/1/96;-3.70
11/1/96;2.36
12/1/96;-0.95
15/1/96;-2.95
16/1/96;2.09
17/1/96;5.99
18/1/96;1.11
19/1/96;2.74
22/1/96;2.97
23/1/96;-2.00
24/1/96;-0.25
25/1/96;-2.31
26/1/96;0.15
29/1/96;1.71
30/1/96;1.40
31/1/96;1.03
1/2/96;-0.49
2/2/96;2.60
5/2/96;1.60
6/2/96;2.19
7/2/96;-1.26
8/2/96;0.75
9/2/96;0.47
12/2/96;1.05
13/2/96;-0.93
14/2/96;1.40
15/2/96;0.28
16/2/96;0.15
20/2/96;-0.22
21/2/96;2.07
22/2/96;4.74
23/2/96;0.37
26/2/96;-0.05
27/2/96;-0.93
28/2/96;0.06
29/2/96;-0.73
1/3/96;-3.66
4/3/96;-0.07
5/3/96;0.42
6/3/96;-1.18
7/3/96;0.87
8/3/96;-3.15
11/3/96;4.15
12/3/96;1.83
13/3/96;3.95
14/3/96;0.17
15/3/96;1.44
18/3/96;2.67
19/3/96;-1.03
20/3/96;-2.11
21/3/96;0.98
22/3/96;-0.36
25/3/96;-2.60
26/3/96;1.66
27/3/96;0.36
28/3/96;-0.92
29/3/96;0.16
1/4/96;0.83
2/4/96;0.76
3/4/96;1.17
4/4/96;0.88
8/4/96;-2.61
9/4/96;1.00
10/4/96;-1.16
11/4/96;-1.93
12/4/96;0.66
15/4/96;0.34
16/4/96;2.65
17/4/96;0.19
18/4/96;1.49
19/4/96;0.56
22/4/96;-0.53
23/4/96;1.78
24/4/96;0.43
25/4/96;-0.23
26/4/96;1.76
29/4/96;0.71
30/4/96;0.69
1/5/96;0.74
2/5/96;-4.70
3/5/96;0.89
6/5/96;2.14
7/5/96;1.90
8/5/96;0.39
9/5/96;-0.92
10/5/96;0.63
13/5/96;1.70
14/5/96;3.62
15/5/96;-1.04
16/5/96;0.69
17/5/96;-1.21
20/5/96;2.57
21/5/96;-1.59
22/5/96;-0.26
23/5/96;-1.40
24/5/96;-1.31
28/5/96;-0.85
29/5/96;-2.35
30/5/96;0.50
31/5/96;1.17
3/6/96;-1.32
4/6/96;3.66
5/6/96;1.46
6/6/96;-2.40
7/6/96;0.20
10/6/96;0.35
11/6/96;-1.06
12/6/96;-0.49
13/6/96;-1.20
14/6/96;-2.08
17/6/96;-2.37
18/6/96;-3.96
19/6/96;2.33
20/6/96;-1.79
21/6/96;1.08
24/6/96;-0.60
25/6/96;0.05
26/6/96;-1.29
27/6/96;4.64
28/6/96;2.11
1/7/96;2.08
2/7/96;-0.48
3/7/96;0.31
5/7/96;-2.59
8/7/96;-2.39
9/7/96;1.03
10/7/96;-2.91
11/7/96;-1.65
12/7/96;-0.41
15/7/96;-6.21
16/7/96;2.31
17/7/96;5.57
18/7/96;4.19
19/7/96;-4.23
22/7/96;-1.66
23/7/96;-3.70
24/7/96;0.19
25/7/96;0.70
26/7/96;2.64
29/7/96;-0.85
30/7/96;0.41
31/7/96;1.51
1/8/96;1.83
2/8/96;1.30
5/8/96;-0.52
6/8/96;0.18
7/8/96;-0.34
8/8/96;0.46
9/8/96;-0.18
12/8/96;0.36
13/8/96;-0.32
14/8/96;0.21
15/8/96;-0.57
16/8/96;0.04
19/8/96;0.29
20/8/96;0.13
21/8/96;-0.19
22/8/96;0.75
23/8/96;-0.50
26/8/96;-0.19
27/8/96;0.56
28/8/96;0.42
29/8/96;-0.85
30/8/96;-0.28
3/9/96;0.78
4/9/96;0.96
5/9/96;-3.81
6/9/96;2.73
9/9/96;0.88
10/9/96;0.90
11/9/96;-0.49
12/9/96;1.38
13/9/96;2.78
16/9/96;-0.54
17/9/96;0.99
18/9/96;0.28
19/9/96;1.97
20/9/96;0.07
23/9/96;-0.83
24/9/96;0.64
25/9/96;1.64
26/9/96;1.42
27/9/96;2.36
30/9/96;-1.07
1/10/96;-0.87
2/10/96;0.71
3/10/96;1.33
4/10/96;2.39
7/10/96;1.43
8/10/96;-1.70
9/10/96;-1.68
10/10/96;-0.51
11/10/96;-2.95
14/10/96;0.64
15/10/96;0.61
16/10/96;-0.21
17/10/96;0.41
18/10/96;0.60
21/10/96;1.03
22/10/96;-2.25
23/10/96;1.39
24/10/96;1.25
25/10/96;0.51
28/10/96;-0.70
29/10/96;-1.67
30/10/96;-0.38
31/10/96;1.81
1/11/96;-2.09
4/11/96;-0.48
5/11/96;0.29
6/11/96;1.83
7/11/96;2.08
8/11/96;0.75
11/11/96;1.59
12/11/96;0.08
13/11/96;0.20
14/11/96;1.11
15/11/96;-2.15
18/11/96;-0.24
19/11/96;-0.21
20/11/96;0.90
21/11/96;-1.50
22/11/96;2.91
25/11/96;1.69
26/11/96;-1.23
27/11/96;-0.01
29/11/96;0.51
2/12/96;3.10
3/12/96;-1.29
4/12/96;-0.59
5/12/96;1.23
6/12/96;-1.53
9/12/96;4.43
10/12/96;-3.32
11/12/96;1.71
12/12/96;-2.08
13/12/96;-2.27
16/12/96;-3.13
17/12/96;3.42
18/12/96;3.71
19/12/96;2.49
20/12/96;-3.44
23/12/96;-3.13
24/12/96;2.64
26/12/96;-0.60
27/12/96;-0.70
30/12/96;-1.94
31/12/96;-1.29
2/1/97;-2.00
3/1/97;3.82
6/1/97;1.64
7/1/97;0.05
8/1/97;-0.58
9/1/97;0.52
10/1/97;3.16
13/1/97;-0.82
14/1/97;2.88
15/1/97;-2.37
16/1/97;0.45
17/1/97;-0.48
20/1/97;0.18
21/1/97;1.52
22/1/97;2.17
23/1/97;-0.35
24/1/97;-1.97
27/1/97;-1.34
28/1/97;-2.59
29/1/97;0.65
30/1/97;1.90
31/1/97;1.69
3/2/97;-1.10
4/2/97;0.23
5/2/97;-1.83
6/2/97;1.20
7/2/97;2.40
10/2/97;-2.80
11/2/97;-4.13
12/2/97;3.74
13/2/97;0.89
14/2/97;-0.86
18/2/97;0.80
19/2/97;0.98
20/2/97;-0.25
21/2/97;-1.59
24/2/97;3.28
25/2/97;-0.87
26/2/97;1.20
27/2/97;-5.30
28/2/97;0.54
3/3/97;0.01
4/3/97;1.53
5/3/97;1.58
6/3/97;-1.86
7/3/97;0.70
10/3/97;0.71
11/3/97;-0.16
12/3/97;2.37
13/3/97;0.73
14/3/97;-2.92
17/3/97;-2.86
18/3/97;-2.88
19/3/97;-3.12
20/3/97;3.84
21/3/97;-0.30
24/3/97;-1.24
25/3/97;3.75
26/3/97;2.58
27/3/97;-2.35
31/3/97;-2.08
1/4/97;-0.32
2/4/97;-0.02
3/4/97;0.13
4/4/97;4.71
7/4/97;2.54
8/4/97;2.54
9/4/97;-1.73
10/4/97;-3.18
11/4/97;-3.51
14/4/97;2.21
15/4/97;-0.68
16/4/97;0.52
17/4/97;2.59
18/4/97;-1.75
21/4/97;-2.79
22/4/97;2.33
23/4/97;1.71
24/4/97;2.29
25/4/97;-2.86
28/4/97;1.97
29/4/97;3.70
30/4/97;1.31
1/5/97;0.73
2/5/97;3.64
5/5/97;1.75
6/5/97;-1.50
7/5/97;0.38
8/5/97;-0.40
9/5/97;0.18
12/5/97;0.06
13/5/97;-2.21
14/5/97;-0.76
15/5/97;3.34
16/5/97;-1.96
19/5/97;-1.77
20/5/97;2.57
21/5/97;0.32
22/5/97;0.27
23/5/97;0.89
27/5/97;3.31
28/5/97;1.41
29/5/97;-2.55
30/5/97;0.31
2/6/97;-0.50
3/6/97;-3.09
4/6/97;-1.44
5/6/97;1.71
6/6/97;0.44
9/6/97;1.23
10/6/97;-0.79
11/6/97;0.31
12/6/97;0.26
13/6/97;-0.62
16/6/97;2.27
17/6/97;3.16
18/6/97;-2.44
19/6/97;1.16
20/6/97;0.39
23/6/97;-0.86
24/6/97;2.07
25/6/97;-0.97
26/6/97;-1.97
27/6/97;-0.30
30/6/97;0.36
1/7/97;-0.32
2/7/97;2.30
3/7/97;1.71
7/7/97;-0.41
8/7/97;2.20
9/7/97;0.71
10/7/97;0.78
11/7/97;6.03
14/7/97;3.82
15/7/97;0.20
16/7/97;3.34
17/7/97;-0.93
18/7/97;-1.12
21/7/97;0.54
22/7/97;3.49
23/7/97;4.20
24/7/97;2.38
25/7/97;-1.97
28/7/97;-1.98
29/7/97;0.25
30/7/97;2.10
31/7/97;2.30
1/8/97;1.38
4/8/97;0.58
5/8/97;1.95
6/8/97;0.65
7/8/97;-1.18
8/8/97;-1.46
11/8/97;-0.84
12/8/97;0.45
13/8/97;3.39
14/8/97;0.71
15/8/97;-0.70
18/8/97;0.73
19/8/97;2.14
20/8/97;3.87
21/8/97;-2.27
22/8/97;-0.20
25/8/97;-0.11
26/8/97;-1.33
27/8/97;-0.03
28/8/97;-0.50
29/8/97;-0.72
2/9/97;1.58
3/9/97;0.51
4/9/97;-0.26
5/9/97;0.58
8/9/97;-1.03
9/9/97;1.75
10/9/97;-0.01
11/9/97;0.81
12/9/97;0.81
15/9/97;-1.50
16/9/97;1.92
17/9/97;1.27
18/9/97;-0.92
19/9/97;0.34
22/9/97;0.68
23/9/97;0.75
24/9/97;-1.14
25/9/97;-0.22
26/9/97;-0.59
29/9/97;1.40
30/9/97;-2.14
1/10/97;0.50
2/10/97;0.77
3/10/97;0.03
6/10/97;-0.25
7/10/97;0.80
8/10/97;1.06
9/10/97;-0.77
10/10/97;0.85
13/10/97;0.30
14/10/97;-1.84
15/10/97;1.01
16/10/97;-3.66
17/10/97;-3.85
20/10/97;-0.60
21/10/97;1.58
22/10/97;-0.31
23/10/97;-2.84
24/10/97;-2.85
27/10/97;-9.08
28/10/97;9.46
29/10/97;-2.69
30/10/97;-3.09
31/10/97;2.02
3/11/97;1.90
4/11/97;0.72
5/11/97;0.18
6/11/97;-0.43
7/11/97;-0.71
10/11/97;-0.34
11/11/97;-0.34
12/11/97;-1.19
13/11/97;-0.12
14/11/97;1.10
17/11/97;1.58
18/11/97;-0.76
19/11/97;-1.09
20/11/97;1.31
21/11/97;-0.53
24/11/97;-1.63
25/11/97;0.39
26/11/97;0.27
28/11/97;-0.22
1/12/97;2.18
2/12/97;-1.54
3/12/97;1.40
4/12/97;-0.82
5/12/97;2.82
8/12/97;2.30
9/12/97;-2.70
10/12/97;-2.73
11/12/97;-4.11
12/12/97;-1.13
15/12/97;-2.97
16/12/97;2.13
17/12/97;-1.48
18/12/97;-3.56
19/12/97;-0.31
22/12/97;-0.01
23/12/97;-0.85
24/12/97;-1.21
26/12/97;1.33
29/12/97;2.42
30/12/97;2.95
31/12/97;1.26
2/1/98;-0.07
5/1/98;0.90
6/1/98;0.49
7/1/98;1.31
8/1/98;-0.23
9/1/98;-2.42
12/1/98;1.93
13/1/98;0.82
14/1/98;1.63
15/1/98;-0.02
16/1/98;0.62
20/1/98;1.19
21/1/98;0.18
22/1/98;-1.56
23/1/98;-0.78
26/1/98;-0.59
27/1/98;0.67
28/1/98;1.64
29/1/98;0.71
30/1/98;0.53
2/2/98;3.80
3/2/98;2.16
4/2/98;0.88
5/2/98;-0.66
6/2/98;1.54
9/2/98;-0.40
10/2/98;0.21
11/2/98;1.10
12/2/98;-0.43
13/2/98;-0.28
17/2/98;-2.07
18/2/98;1.47
19/2/98;2.77
20/2/98;0.19
23/2/98;1.82
24/2/98;-0.83
25/2/98;1.09
26/2/98;2.61
27/2/98;0.01
2/3/98;-0.32
3/3/98;-1.65
4/3/98;1.97
5/3/98;-1.14
6/3/98;3.87
9/3/98;-1.83
10/3/98;0.75
11/3/98;0.27
12/3/98;0.01
13/3/98;0.63
16/3/98;0.85
17/3/98;-0.43
18/3/98;0.91
19/3/98;0.11
20/3/98;-0.60
23/3/98;-0.95
24/3/98;1.28
25/3/98;-0.03
26/3/98;-0.80
27/3/98;-0.23
30/3/98;-0.64
31/3/98;0.27
1/4/98;1.17
2/4/98;0.72
3/4/98;-0.11
6/4/98;-1.97
7/4/98;-3.47
8/4/98;4.10
9/4/98;-0.02
13/4/98;-0.26
14/4/98;2.91
15/4/98;3.62
16/4/98;-1.40
17/4/98;1.42
20/4/98;4.06
21/4/98;1.48
22/4/98;0.97
23/4/98;-1.27
24/4/98;0.23
27/4/98;-3.38
28/4/98;1.58
29/4/98;1.52
30/4/98;0.76
1/5/98;0.63
4/5/98;-0.76
5/5/98;-2.00
6/5/98;0.11
7/5/98;-0.23
8/5/98;1.74
11/5/98;-1.49
12/5/98;0.71
13/5/98;0.46
14/5/98;-0.59
15/5/98;0.20
18/5/98;-1.08
19/5/98;0.64
20/5/98;-0.08
21/5/98;-1.56
22/5/98;-1.28
26/5/98;-2.09
27/5/98;1.99
28/5/98;-0.08
29/5/98;-1.28
1/6/98;-1.50
2/6/98;0.61
3/6/98;-0.86
4/6/98;1.23
5/6/98;0.68
8/6/98;0.35
9/6/98;1.44
10/6/98;-0.84
11/6/98;-0.49
12/6/98;-0.49
15/6/98;-0.30
16/6/98;2.25
17/6/98;0.73
18/6/98;0.45
19/6/98;0.09
22/6/98;1.34
23/6/98;2.20
24/6/98;1.11
25/6/98;-0.83
26/6/98;0.01
29/6/98;0.67
30/6/98;-0.25
1/7/98;0.61
2/7/98;-0.55
6/7/98;1.49
7/7/98;-0.16
8/7/98;1.47
9/7/98;-0.49
10/7/98;-0.52
13/7/98;0.33
14/7/98;0.43
15/7/98;0.04
16/7/98;0.54
17/7/98;0.05
20/7/98;0.65
21/7/98;-1.15
22/7/98;0.27
23/7/98;-1.52
24/7/98;-0.14
27/7/98;-0.33
28/7/98;-0.70
29/7/98;-0.98
30/7/98;2.51
31/7/98;-1.78
3/8/98;-0.93
4/8/98;-4.47
5/8/98;1.69
6/8/98;0.67
7/8/98;-0.08
10/8/98;0.33
11/8/98;-2.02
12/8/98;1.36
13/8/98;-0.10
14/8/98;-0.35
17/8/98;1.36
18/8/98;0.97
19/8/98;0.87
20/8/98;0.04
21/8/98;-1.80
24/8/98;-0.06
25/8/98;-0.03
26/8/98;-0.17
27/8/98;-2.77
28/8/98;-2.04
31/8/98;-7.85
1/9/98;3.03
2/9/98;0.40
3/9/98;-0.16
4/9/98;-0.60
8/9/98;2.86
9/9/98;-0.15
10/9/98;-1.20
11/9/98;0.67
14/9/98;1.41
15/9/98;0.63
16/9/98;0.17
17/9/98;-1.65
18/9/98;-0.27
21/9/98;0.11
22/9/98;0.48
23/9/98;0.87
24/9/98;-1.03
25/9/98;0.00
28/9/98;-0.21
29/9/98;0.69
30/9/98;-1.78
1/10/98;-1.46
2/10/98;0.23
5/10/98;-1.45
6/10/98;-0.68
7/10/98;-1.13
8/10/98;-0.57
9/10/98;2.01
12/10/98;0.75
13/10/98;-0.25
14/10/98;0.32
15/10/98;1.01
16/10/98;-0.04
19/10/98;0.74
20/10/98;-0.31
21/10/98;0.35
22/10/98;0.33
23/10/98;-0.27
26/10/98;0.54
27/10/98;-0.42
28/10/98;0.89
29/10/98;0.37
30/10/98;0.25
2/11/98;1.56
3/11/98;-1.33
4/11/98;2.87
5/11/98;0.31
6/11/98;0.35
9/11/98;1.79
10/11/98;0.60
11/11/98;-2.31
12/11/98;0.61
13/11/98;-1.27
16/11/98;0.99
17/11/98;1.59
18/11/98;3.10
19/11/98;0.49
20/11/98;0.75
23/11/98;6.57
24/11/98;-2.57
25/11/98;0.95
27/11/98;0.89
30/11/98;-7.29
1/12/98;0.06
2/12/98;-0.20
3/12/98;-3.09
4/12/98;3.28
7/12/98;3.97
8/12/98;-0.44
9/12/98;0.01
10/12/98;-2.77
11/12/98;0.32
14/12/98;-3.60
15/12/98;1.78
16/12/98;-0.18
17/12/98;4.19
18/12/98;1.74
21/12/98;3.74
22/12/98;-2.03
23/12/98;5.06
24/12/98;-0.97
28/12/98;5.53
29/12/98;-1.41
30/12/98;-1.83
31/12/98;1.57
4/1/99;0.72
5/1/99;4.92
6/1/99;2.43
7/1/99;1.45
8/1/99;-0.56
11/1/99;2.75
12/1/99;0.11
13/1/99;2.37
14/1/99;-0.17
15/1/99;4.36
19/1/99;3.74
20/1/99;-0.43
21/1/99;-4.18
22/1/99;0.10
25/1/99;1.03
26/1/99;3.62
27/1/99;0.31
28/1/99;5.39
29/1/99;2.38
1/2/99;1.03
2/2/99;-1.32
3/2/99;0.03
4/2/99;-3.43
5/2/99;-1.82
8/2/99;1.95
9/2/99;-3.92
10/2/99;-0.01
11/2/99;5.81
12/2/99;-3.91
16/2/99;-0.08
17/2/99;-4.03
18/2/99;1.35
19/2/99;1.17
22/2/99;3.10
23/2/99;2.52
24/2/99;-2.79
25/2/99;-0.32
26/2/99;-1.39
1/3/99;-0.98
2/3/99;-1.08
3/3/99;-0.93
4/3/99;2.73
5/3/99;1.22
8/3/99;1.83
9/3/99;1.69
10/3/99;-0.72
11/3/99;0.75
12/3/99;-3.86
15/3/99;2.62
16/3/99;-0.10
17/3/99;-0.76
18/3/99;1.86
19/3/99;-2.70
22/3/99;0.24
23/3/99;-2.34
24/3/99;-0.10
25/3/99;3.28
26/3/99;0.79
29/3/99;3.23
30/3/99;-0.98
31/3/99;-0.32
1/4/99;1.96
5/4/99;2.65
6/4/99;0.72
7/4/99;0.14
8/4/99;1.91
9/4/99;0.08
12/4/99;-0.77
13/4/99;-0.51
14/4/99;-3.05
15/4/99;-1.11
16/4/99;-3.05
19/4/99;-4.14
20/4/99;7.63
21/4/99;6.03
22/4/99;0.71
23/4/99;-2.85
26/4/99;2.79
27/4/99;-2.48
28/4/99;-1.69
29/4/99;-1.76
30/4/99;0.66
3/5/99;0.20
4/5/99;-0.11
5/5/99;3.46
6/5/99;-4.46
7/5/99;1.34
10/5/99;1.62
11/5/99;10.03
12/5/99;1.29
13/5/99;-4.81
14/5/99;-2.71
17/5/99;5.41
18/5/99;-1.67
19/5/99;1.71
20/5/99;-4.46
21/5/99;-0.02
24/5/99;-4.55
25/5/99;-5.33
26/5/99;6.06
27/5/99;-0.41
28/5/99;1.86
1/6/99;-3.34
2/6/99;0.03
3/6/99;-2.07
4/6/99;4.20
7/6/99;3.98
8/6/99;-2.79
9/6/99;2.36
10/6/99;-2.15
11/6/99;0.68
14/6/99;-7.53
15/6/99;0.96
16/6/99;4.38
17/6/99;0.58
18/6/99;1.36
21/6/99;3.70
22/6/99;-2.18
23/6/99;0.76
24/6/99;-3.14
25/6/99;1.34
28/6/99;2.26
29/6/99;1.29
30/6/99;1.05
1/7/99;-0.20
2/7/99;1.29
6/7/99;1.48
7/7/99;-1.41
8/7/99;-0.15
9/7/99;-0.62
12/7/99;-0.79
13/7/99;-1.19
14/7/99;2.54
15/7/99;1.42
16/7/99;0.48
19/7/99;-1.37
20/7/99;-4.61
21/7/99;0.34
22/7/99;-1.42
23/7/99;-0.85
26/7/99;-0.70
27/7/99;3.20
28/7/99;1.97
29/7/99;-2.53
30/7/99;0.14
2/8/99;-0.36
3/8/99;-1.96
4/8/99;-1.66
5/8/99;0.76
6/8/99;0.19
9/8/99;-0.08
10/8/99;-0.29
11/8/99;3.77
12/8/99;1.09
13/8/99;4.30
16/8/99;-0.38
17/8/99;0.10
18/8/99;-1.29
19/8/99;0.23
20/8/99;2.16
23/8/99;0.89
24/8/99;0.37
25/8/99;1.60
26/8/99;-0.81
27/8/99;-1.62
30/8/99;-1.26
31/8/99;1.08
1/9/99;0.88
2/9/99;-1.97
3/9/99;2.76
7/9/99;-0.15
8/9/99;-0.88
9/9/99;0.98
10/9/99;1.09
13/9/99;-1.74
14/9/99;0.43
15/9/99;-2.22
16/9/99;1.12
17/9/99;0.93
20/9/99;0.50
21/9/99;-1.84
22/9/99;0.73
23/9/99;-2.64
24/9/99;0.12
27/9/99;1.56
28/9/99;0.09
29/9/99;0.91
30/9/99;-3.08
1/10/99;0.72
4/10/99;3.13
5/10/99;-0.11
6/10/99;1.48
7/10/99;-1.74
8/10/99;-0.77
11/10/99;1.52
12/10/99;-1.35
13/10/99;-1.48
14/10/99;0.19
15/10/99;-0.71
18/10/99;-2.05
19/10/99;-0.79
20/10/99;3.09
21/10/99;3.47
22/10/99;1.88
25/10/99;-0.81
26/10/99;0.83
27/10/99;-0.24
28/10/99;2.80
29/10/99;3.90
1/11/99;-0.23
2/11/99;0.64
3/11/99;3.62
4/11/99;0.25
5/11/99;1.76
8/11/99;0.91
9/11/99;0.23
10/11/99;2.53
11/11/99;2.19
12/11/99;2.03
15/11/99;-1.43
16/11/99;0.84
17/11/99;-0.59
18/11/99;1.64
19/11/99;1.60
22/11/99;-0.26
23/11/99;-1.15
24/11/99;2.39
26/11/99;0.16
29/11/99;-1.58
30/11/99;-1.55
1/12/99;1.22
2/12/99;0.74
3/12/99;3.14
6/12/99;-0.53
7/12/99;-0.55
8/12/99;0.09
9/12/99;1.89
10/12/99;-2.97
13/12/99;0.17
14/12/99;-2.58
15/12/99;0.38
16/12/99;2.50
17/12/99;-0.22
20/12/99;0.28
21/12/99;2.29
22/12/99;0.97
23/12/99;1.65
27/12/99;-1.80
28/12/99;-0.95
29/12/99;0.79
30/12/99;0.18
31/12/99;0.12
3/1/00;0.11
4/1/00;-4.00
5/1/00;-2.67
6/1/00;-1.98
7/1/00;4.49
10/1/00;3.77
11/1/00;-1.69
12/1/00;1.91
13/1/00;2.86
14/1/00;3.52
18/1/00;2.55
19/1/00;-0.12
20/1/00;0.81
21/1/00;-3.00
24/1/00;-1.81
25/1/00;0.68
26/1/00;-0.33
27/1/00;0.93
28/1/00;0.83
31/1/00;1.81
1/2/00;2.42
2/2/00;2.50
3/2/00;3.60
4/2/00;2.16
7/2/00;3.71
8/2/00;-0.27
9/2/00;-0.39
10/2/00;1.54
11/2/00;-0.89
14/2/00;-0.68
15/2/00;2.14
16/2/00;0.78
17/2/00;2.53
18/2/00;-1.74
22/2/00;2.27
23/2/00;4.32
24/2/00;3.13
25/2/00;1.40
28/2/00;-0.17
29/2/00;4.96
1/3/00;1.54
2/3/00;-1.69
3/3/00;2.57
6/3/00;-0.98
7/3/00;-1.62
8/3/00;3.94
9/3/00;0.22
10/3/00;-0.01
13/3/00;-1.29
14/3/00;-1.36
15/3/00;-2.47
16/3/00;0.54
17/3/00;2.63
20/3/00;-2.22
21/3/00;2.21
22/3/00;1.62
23/3/00;3.06
24/3/00;0.59
27/3/00;0.18
28/3/00;-2.21
29/3/00;-1.54
30/3/00;-2.11
31/3/00;2.81
3/4/00;-5.35
4/4/00;-3.67
5/4/00;-1.85
6/4/00;4.03
7/4/00;4.51
10/4/00;-4.63
11/4/00;-3.84
12/4/00;-7.67
13/4/00;-1.37
14/4/00;-3.17
17/4/00;3.50
18/4/00;4.89
19/4/00;-0.68
20/4/00;-3.05
24/4/00;-5.60
25/4/00;8.78
26/4/00;-0.47
27/4/00;2.98
28/4/00;3.17
1/5/00;1.38
2/5/00;-3.25
3/5/00;-2.17
4/5/00;1.25
5/5/00;3.11
8/5/00;-3.33
9/5/00;-3.23
10/5/00;-5.15
11/5/00;2.83
12/5/00;2.10
15/5/00;-0.12
16/5/00;3.92
17/5/00;-0.76
18/5/00;-1.84
19/5/00;-3.07
22/5/00;-1.44
23/5/00;-2.16
24/5/00;0.22
25/5/00;1.12
26/5/00;-0.98
30/5/00;7.45
31/5/00;0.12
1/6/00;4.96
2/6/00;7.97
5/6/00;-2.31
6/6/00;-0.42
7/6/00;3.05
8/6/00;1.87
9/6/00;0.57
12/6/00;-0.20
13/6/00;3.72
14/6/00;-1.72
15/6/00;2.29
16/6/00;-0.01
19/6/00;3.29
20/6/00;-0.84
21/6/00;-1.07
22/6/00;-2.19
23/6/00;-1.06
26/6/00;4.22
27/6/00;-2.83
28/6/00;1.47
29/6/00;-0.70
30/6/00;1.01
3/7/00;2.18
5/7/00;-5.51
6/7/00;0.22
7/7/00;1.20
10/7/00;-3.62
11/7/00;-1.66
12/7/00;3.41
13/7/00;1.82
14/7/00;3.51
17/7/00;0.52
18/7/00;-2.93
19/7/00;-2.55
20/7/00;7.93
21/7/00;-1.35
24/7/00;-3.15
25/7/00;2.05
26/7/00;0.34
27/7/00;-2.13
28/7/00;-6.68
31/7/00;1.93
1/8/00;-0.55
2/8/00;-2.30
3/8/00;3.15
4/8/00;1.80
7/8/00;3.38
8/8/00;0.37
9/8/00;-0.20
10/8/00;-1.03
11/8/00;0.18
14/8/00;-0.82
15/8/00;-2.43
16/8/00;-0.94
17/8/00;1.90
18/8/00;1.61
21/8/00;0.62
22/8/00;-2.29
23/8/00;-1.41
24/8/00;0.88
25/8/00;0.45
28/8/00;0.54
29/8/00;1.35
30/8/00;1.25
31/8/00;1.33
1/9/00;1.04
5/9/00;-4.55
6/9/00;-5.41
7/9/00;6.38
8/9/00;-4.88
11/9/00;-3.95
12/9/00;-2.60
13/9/00;2.23
14/9/00;3.56
15/9/00;-0.98
18/9/00;-0.68
19/9/00;8.02
20/9/00;3.52
21/9/00;-2.60
22/9/00;4.20
25/9/00;-1.56
26/9/00;-0.88
27/9/00;-1.10
28/9/00;3.93
29/9/00;-4.45
2/10/00;-0.23
3/10/00;-2.35
4/10/00;0.49
5/10/00;0.00
6/10/00;-0.19
9/10/00;-0.03
10/10/00;-1.85
11/10/00;-1.08
12/10/00;-0.88
13/10/00;3.61
16/10/00;1.89
17/10/00;-1.59
18/10/00;-1.87
19/10/00;3.02
20/10/00;2.71
23/10/00;-1.29
24/10/00;-1.26
25/10/00;-6.05
26/10/00;0.22
27/10/00;1.13
30/10/00;-2.93
31/10/00;3.99
1/11/00;-1.29
2/11/00;0.79
3/11/00;-0.03
6/11/00;0.20
7/11/00;-0.10
8/11/00;0.00
9/11/00;-0.57
10/11/00;-0.65
13/11/00;-0.19
14/11/00;0.68
15/11/00;0.80
16/11/00;-0.07
17/11/00;0.15
20/11/00;-0.50
21/11/00;-0.04
22/11/00;-0.47
24/11/00;0.30
27/11/00;-0.14
28/11/00;-0.21
29/11/00;-0.42
30/11/00;0.70
1/12/00;-0.37
4/12/00;-0.39
5/12/00;0.28
6/12/00;-0.28
7/12/00;-0.17
8/12/00;0.02
11/12/00;-0.56
12/12/00;0.00
13/12/00;-0.49
14/12/00;0.40
15/12/00;-0.11
18/12/00;0.84
19/12/00;0.10
20/12/00;-0.06
21/12/00;0.55
22/12/00;0.30
26/12/00;0.28
27/12/00;0.84
28/12/00;0.65
29/12/00;-0.43
2/1/01;-0.74
3/1/01;-0.45
4/1/01;-0.89
5/1/01;0.24
8/1/01;0.26
9/1/01;-0.04
10/1/01;0.40
11/1/01;-0.12
12/1/01;-0.26
16/1/01;0.43
17/1/01;-0.07
18/1/01;-0.51
19/1/01;-0.63
22/1/01;0.92
23/1/01;0.04
24/1/01;0.25
25/1/01;0.19
26/1/01;0.07
29/1/01;0.21
30/1/01;-0.40
31/1/01;-0.32
1/2/01;0.18
2/2/01;0.00
5/2/01;0.00
6/2/01;0.00
7/2/01;0.00
8/2/01;0.00
9/2/01;0.00
12/2/01;0.00
13/2/01;0.00
14/2/01;0.00
15/2/01;0.00
16/2/01;0.00
20/2/01;0.00
21/2/01;0.00
22/2/01;0.00
23/2/01;0.00
26/2/01;0.00
27/2/01;0.00
28/2/01;0.00
1/3/01;0.21
2/3/01;0.13
5/3/01;-0.22
6/3/01;-0.24
7/3/01;0.19
8/3/01;-0.15
9/3/01;-0.14
12/3/01;-0.43
13/3/01;-0.15
14/3/01;-0.17
15/3/01;0.04
16/3/01;-0.22
19/3/01;-0.13
20/3/01;-0.05
21/3/01;-0.36
22/3/01;-0.73
23/3/01;0.50
26/3/01;0.18
27/3/01;-0.08
28/3/01;-0.15
29/3/01;0.31
30/3/01;-0.10
2/4/01;0.11
3/4/01;0.00
4/4/01;0.00
5/4/01;0.00
6/4/01;0.00
9/4/01;0.00
10/4/01;0.00
11/4/01;0.00
12/4/01;0.00
16/4/01;0.00
17/4/01;0.00
18/4/01;0.00
19/4/01;0.00
20/4/01;0.00
23/4/01;0.00
24/4/01;0.00
25/4/01;0.00
26/4/01;0.00
27/4/01;0.00
30/4/01;0.00
1/5/01;0.00
2/5/01;0.00
3/5/01;0.00
4/5/01;0.00
7/5/01;0.00
8/5/01;0.00
9/5/01;0.00
10/5/01;0.00
11/5/01;0.00
14/5/01;0.00
15/5/01;0.00
16/5/01;0.00
17/5/01;0.00
18/5/01;0.00
21/5/01;0.00
22/5/01;0.00
23/5/01;0.00
24/5/01;0.00
25/5/01;0.00
29/5/01;0.00
30/5/01;0.00
31/5/01;0.00
1/6/01;-0.13
4/6/01;0.10
5/6/01;0.12
6/6/01;-0.02
7/6/01;-0.30
8/6/01;0.03
11/6/01;-0.04
12/6/01;-0.00
13/6/01;-0.12
14/6/01;-0.14
15/6/01;0.13
18/6/01;0.01
19/6/01;-0.04
20/6/01;0.11
21/6/01;-0.05
22/6/01;-0.11
25/6/01;0.02
26/6/01;-0.20
27/6/01;0.18
28/6/01;0.29
29/6/01;0.55
2/7/01;-0.11
3/7/01;0.04
5/7/01;-0.02
6/7/01;-0.06
9/7/01;0.10
10/7/01;-0.05
11/7/01;-0.04
12/7/01;0.23
13/7/01;0.28
16/7/01;-0.33
17/7/01;0.02
18/7/01;0.27
19/7/01;-0.25
20/7/01;-0.23
23/7/01;-0.22
24/7/01;-0.54
25/7/01;-0.02
26/7/01;0.52
27/7/01;-0.10
30/7/01;0.09
31/7/01;0.22
1/8/01;0.06
2/8/01;0.00
3/8/01;0.00
6/8/01;0.00
7/8/01;0.00
8/8/01;0.00
9/8/01;0.00
10/8/01;0.00
13/8/01;0.00
14/8/01;0.00
15/8/01;0.00
16/8/01;0.00
17/8/01;0.00
20/8/01;0.00
21/8/01;0.00
22/8/01;0.00
23/8/01;0.00
24/8/01;0.00
27/8/01;0.00
28/8/01;0.00
29/8/01;0.00
30/8/01;0.00
31/8/01;0.00
4/9/01;0.00
5/9/01;0.00
6/9/01;0.00
7/9/01;0.00
10/9/01;0.00
17/9/01;0.00
18/9/01;0.00
19/9/01;0.00
20/9/01;0.00
21/9/01;0.00
24/9/01;0.00
25/9/01;0.00
26/9/01;0.00
27/9/01;0.00
28/9/01;0.00
1/10/01;0.00
2/10/01;0.00
3/10/01;0.00
4/10/01;0.00
5/10/01;0.00
8/10/01;0.00
9/10/01;0.00
10/10/01;0.00
11/10/01;0.00
12/10/01;0.00
15/10/01;0.00
16/10/01;0.00
17/10/01;0.00
18/10/01;0.00
19/10/01;0.00
22/10/01;0.00
23/10/01;0.00
24/10/01;0.00
25/10/01;0.00
26/10/01;0.00
29/10/01;0.00
30/10/01;0.00
31/10/01;0.00
1/11/01;0.54
2/11/01;0.10
5/11/01;0.28
6/11/01;0.40
7/11/01;0.01
8/11/01;0.00
9/11/01;0.18
12/11/01;0.17
13/11/01;0.41
14/11/01;0.02
15/11/01;0.10
16/11/01;-0.26
19/11/01;0.47
20/11/01;-0.10
21/11/01;-0.18
23/11/01;0.26
26/11/01;0.36
27/11/01;-0.10
28/11/01;-0.29
29/11/01;0.16
30/11/01;0.02
3/12/01;-0.15
4/12/01;0.81
5/12/01;2.47
6/12/01;-0.43
7/12/01;-0.49
10/12/01;-0.80
11/12/01;0.34
12/12/01;0.16
13/12/01;-0.07
14/12/01;0.57
17/12/01;0.50
18/12/01;-0.02
19/12/01;-0.25
20/12/01;-0.28
21/12/01;0.51
24/12/01;0.44
26/12/01;0.32
27/12/01;0.19
28/12/01;-0.10
31/12/01;-0.38
2/1/02;-0.78
3/1/02;0.26
4/1/02;0.34
7/1/02;0.11
8/1/02;0.03
9/1/02;-0.64
10/1/02;-0.20
11/1/02;-0.54
14/1/02;-1.00
15/1/02;0.95
16/1/02;-0.68
17/1/02;0.59
18/1/02;-0.32
22/1/02;-0.11
23/1/02;0.89
24/1/02;0.14
25/1/02;-0.28
28/1/02;0.39
29/1/02;-1.07
30/1/02;0.81
31/1/02;0.55
1/2/02;-0.31
4/2/02;-0.42
5/2/02;0.29
6/2/02;-0.13
7/2/02;-0.29
8/2/02;-0.02
11/2/02;0.55
12/2/02;0.12
13/2/02;0.07
14/2/02;-0.01
15/2/02;-1.00
19/2/02;-1.42
20/2/02;1.11
21/2/02;-0.54
22/2/02;-1.50
25/2/02;0.48
26/2/02;0.13
27/2/02;-0.25
28/2/02;0.25
1/3/02;-0.05
4/3/02;0.34
5/3/02;-0.06
6/3/02;0.18
7/3/02;-0.13
8/3/02;-0.30
11/3/02;-0.23
12/3/02;0.11
13/3/02;0.01
14/3/02;0.21
15/3/02;0.06
18/3/02;0.12
19/3/02;0.27
20/3/02;-0.16
21/3/02;0.12
22/3/02;0.03
25/3/02;-0.26
26/3/02;0.10
27/3/02;0.21
28/3/02;-0.05
1/4/02;0.77
2/4/02;-2.80
3/4/02;0.14
4/4/02;-1.12
5/4/02;-0.46
8/4/02;1.72
9/4/02;-1.30
10/4/02;2.56
11/4/02;-2.09
12/4/02;1.55
15/4/02;0.02
16/4/02;1.66
17/4/02;-1.79
18/4/02;1.06
19/4/02;-0.57
22/4/02;-0.66
23/4/02;-1.12
24/4/02;0.57
25/4/02;1.45
26/4/02;-1.67
29/4/02;-2.41
30/4/02;1.70
1/5/02;0.33
2/5/02;0.45
3/5/02;-0.25
6/5/02;-1.25
7/5/02;-0.06
8/5/02;0.53
9/5/02;-0.52
10/5/02;-1.27
13/5/02;1.50
14/5/02;2.02
15/5/02;0.47
16/5/02;1.15
17/5/02;-0.65
20/5/02;-0.20
21/5/02;-1.27
22/5/02;-0.14
23/5/02;0.96
24/5/02;0.15
28/5/02;-0.67
29/5/02;0.09
30/5/02;-0.77
31/5/02;0.63
3/6/02;-0.30
4/6/02;-0.19
5/6/02;0.35
6/6/02;-0.53
7/6/02;0.17
10/6/02;-0.47
11/6/02;-0.12
12/6/02;-0.12
13/6/02;-0.28
14/6/02;-0.12
17/6/02;0.77
18/6/02;0.28
19/6/02;-0.01
20/6/02;-0.28
21/6/02;-0.18
24/6/02;-0.33
25/6/02;-0.78
26/6/02;0.06
27/6/02;0.28
28/6/02;0.28
1/7/02;0.00
2/7/02;0.00
3/7/02;0.00
5/7/02;0.00
8/7/02;0.00
9/7/02;0.00
10/7/02;0.00
11/7/02;0.00
12/7/02;0.00
15/7/02;0.00
16/7/02;0.00
17/7/02;0.00
18/7/02;0.00
19/7/02;0.00
22/7/02;0.00
23/7/02;0.00
24/7/02;0.00
25/7/02;0.00
26/7/02;0.00
29/7/02;0.00
30/7/02;0.00
31/7/02;0.00
1/8/02;0.00
2/8/02;0.00
5/8/02;0.00
6/8/02;0.00
7/8/02;0.00
8/8/02;0.00
9/8/02;0.00
12/8/02;0.00
13/8/02;0.00
14/8/02;0.00
15/8/02;0.00
16/8/02;0.00
19/8/02;0.00
20/8/02;0.00
21/8/02;0.00
22/8/02;0.00
23/8/02;0.00
26/8/02;0.00
27/8/02;0.00
28/8/02;0.00
29/8/02;0.00
30/8/02;0.00
3/9/02;0.00
4/9/02;0.00
5/9/02;0.00
6/9/02;0.00
9/9/02;0.00
10/9/02;0.00
11/9/02;0.00
12/9/02;0.00
13/9/02;0.00
16/9/02;0.00
17/9/02;0.00
18/9/02;0.00
19/9/02;0.00
20/9/02;0.00
23/9/02;0.00
24/9/02;0.00
25/9/02;0.00
26/9/02;0.00
27/9/02;0.00
30/9/02;0.00
1/10/02;0.39
2/10/02;-0.05
3/10/02;-0.14
4/10/02;-0.20
7/10/02;-0.08
8/10/02;0.28
9/10/02;-0.23
10/10/02;0.52
11/10/02;0.19
14/10/02;0.07
15/10/02;0.03
16/10/02;0.11
17/10/02;-0.28
18/10/02;0.01
21/10/02;0.38
22/10/02;-0.31
23/10/02;0.40
24/10/02;-0.23
25/10/02;-0.04
28/10/02;-0.47
29/10/02;0.11
30/10/02;0.18
31/10/02;-0.04
1/11/02;-0.04
4/11/02;0.00
5/11/02;0.00
6/11/02;0.00
7/11/02;0.00
8/11/02;0.00
11/11/02;0.00
12/11/02;0.00
13/11/02;0.00
14/11/02;0.00
15/11/02;0.00
18/11/02;0.00
19/11/02;0.00
20/11/02;0.00
21/11/02;0.00
22/11/02;0.00
25/11/02;0.00
26/11/02;0.00
27/11/02;0.00
29/11/02;0.00
2/12/02;0.08
3/12/02;-0.26
4/12/02;-0.02
5/12/02;-0.18
6/12/02;-0.26
9/12/02;-0.39
10/12/02;-0.01
11/12/02;0.01
12/12/02;0.05
13/12/02;-0.17
16/12/02;0.30
17/12/02;0.01
18/12/02;-0.06
19/12/02;-0.04
20/12/02;0.18
23/12/02;0.10
24/12/02;-0.08
26/12/02;-0.37
27/12/02;-0.40
30/12/02;0.09
31/12/02;-0.02
2/1/03;0.39
3/1/03;0.07
6/1/03;0.15
7/1/03;-0.01
8/1/03;-0.34
9/1/03;0.16
10/1/03;0.06
13/1/03;-0.09
14/1/03;-0.12
15/1/03;0.00
16/1/03;0.14
17/1/03;0.15
21/1/03;-0.16
22/1/03;-0.04
23/1/03;0.09
24/1/03;-0.16
27/1/03;-0.16
28/1/03;-0.05
29/1/03;0.28
30/1/03;-0.22
31/1/03;0.23
3/2/03;0.01
4/2/03;0.00
5/2/03;0.00
6/2/03;0.00
7/2/03;0.00
10/2/03;0.00
11/2/03;0.00
12/2/03;0.00
13/2/03;0.00
14/2/03;0.00
18/2/03;0.00
19/2/03;0.00
20/2/03;0.00
21/2/03;0.00
24/2/03;0.00
25/2/03;0.00
26/2/03;0.00
27/2/03;0.00
28/2/03;0.00
3/3/03;-0.28
4/3/03;-0.26
5/3/03;0.30
6/3/03;-0.22
7/3/03;0.24
10/3/03;-0.63
11/3/03;-0.12
12/3/03;0.14
13/3/03;1.04
14/3/03;0.20
17/3/03;0.66
18/3/03;0.34
19/3/03;0.37
20/3/03;0.09
21/3/03;0.49
24/3/03;-0.76
25/3/03;0.27
26/3/03;0.13
27/3/03;-0.07
28/3/03;-0.27
31/3/03;-0.34
1/4/03;-0.08
2/4/03;0.73
3/4/03;-0.22
4/4/03;-0.41
7/4/03;-0.06
8/4/03;-0.07
9/4/03;-0.86
10/4/03;0.64
11/4/03;-0.10
14/4/03;0.46
15/4/03;0.18
16/4/03;-0.30
17/4/03;0.80
21/4/03;0.07
22/4/03;0.20
23/4/03;0.13
24/4/03;1.12
25/4/03;-0.18
28/4/03;0.56
29/4/03;0.03
30/4/03;-0.26
1/5/03;1.47
2/5/03;4.76
5/5/03;2.31
6/5/03;0.77
7/5/03;-3.51
8/5/03;-2.86
9/5/03;2.53
12/5/03;3.31
13/5/03;0.37
14/5/03;1.75
15/5/03;3.36
16/5/03;0.92
19/5/03;-2.25
20/5/03;-0.79
21/5/03;2.11
22/5/03;1.92
23/5/03;-0.23
27/5/03;2.02
28/5/03;0.15
29/5/03;0.13
30/5/03;0.36
2/6/03;-1.59
3/6/03;-0.51
4/6/03;3.67
5/6/03;0.40
6/6/03;-1.71
9/6/03;-2.62
10/6/03;2.01
11/6/03;1.67
12/6/03;0.32
13/6/03;-2.85
16/6/03;3.16
17/6/03;0.23
18/6/03;1.60
19/6/03;-2.05
20/6/03;-0.88
23/6/03;-3.96
24/6/03;-1.20
25/6/03;1.21
26/6/03;3.19
27/6/03;-0.06
30/6/03;-0.16
1/7/03;-0.52
2/7/03;3.06
3/7/03;-0.29
7/7/03;4.45
8/7/03;3.11
9/7/03;1.76
10/7/03;-4.32
11/7/03;0.35
14/7/03;1.09
15/7/03;-2.04
16/7/03;-3.58
17/7/03;-5.59
18/7/03;-0.55
21/7/03;-0.86
22/7/03;3.99
23/7/03;0.84
24/7/03;-2.30
25/7/03;0.56
28/7/03;0.99
29/7/03;-2.32
30/7/03;-3.21
31/7/03;1.43
1/8/03;0.77
4/8/03;-1.69
5/8/03;-3.77
6/8/03;-3.34
7/8/03;-0.60
8/8/03;0.82
11/8/03;0.81
12/8/03;3.25
13/8/03;1.12
14/8/03;0.12
15/8/03;-0.18
18/8/03;2.25
19/8/03;1.75
20/8/03;2.57
21/8/03;3.17
22/8/03;-0.87
25/8/03;-1.28
26/8/03;1.49
27/8/03;3.33
28/8/03;0.62
29/8/03;0.79
2/9/03;2.23
3/9/03;-1.02
4/9/03;1.77
5/9/03;-0.01
8/9/03;2.61
9/9/03;-1.20
10/9/03;-3.67
11/9/03;-0.37
12/9/03;1.03
15/9/03;-0.39
16/9/03;3.82
17/9/03;1.09
18/9/03;2.17
19/9/03;-0.23
22/9/03;-1.16
23/9/03;0.22
24/9/03;-4.84
25/9/03;-1.02
26/9/03;-0.25
29/9/03;1.42
30/9/03;-0.04
1/10/03;2.24
2/10/03;-0.09
3/10/03;3.60
6/10/03;1.31
7/10/03;2.14
8/10/03;-0.25
9/10/03;0.72
10/10/03;0.90
13/10/03;2.21
14/10/03;0.35
15/10/03;-1.88
16/10/03;0.13
17/10/03;-1.78
20/10/03;0.32
21/10/03;-0.22
22/10/03;-2.05
23/10/03;0.02
24/10/03;0.22
27/10/03;1.23
28/10/03;1.78
29/10/03;0.79
30/10/03;2.59
31/10/03;-0.89
3/11/03;4.14
4/11/03;0.06
5/11/03;1.83
6/11/03;0.07
7/11/03;-0.17
10/11/03;-2.87
11/11/03;-0.32
12/11/03;3.30
13/11/03;0.36
14/11/03;-2.37
17/11/03;-2.78
18/11/03;-1.23
19/11/03;0.97
20/11/03;-0.99
21/11/03;0.76
24/11/03;3.60
25/11/03;0.75
26/11/03;1.25
28/11/03;0.81
1/12/03;1.20
2/12/03;-1.84
3/12/03;-2.58
4/12/03;-2.67
5/12/03;-1.90
8/12/03;-1.80
9/12/03;-5.61
10/12/03;0.18
11/12/03;5.28
12/12/03;0.01
15/12/03;-2.37
16/12/03;-0.37
17/12/03;-1.62
18/12/03;3.21
19/12/03;-0.92
22/12/03;-0.47
23/12/03;1.50
24/12/03;0.43
26/12/03;0.35
29/12/03;2.18
30/12/03;0.62
31/12/03;-0.53
2/1/04;0.14
5/1/04;2.11
6/1/04;-0.42
7/1/04;0.56
8/1/04;3.40
9/1/04;0.38
12/1/04;1.49
13/1/04;-3.17
14/1/04;-2.29
15/1/04;-0.52
16/1/04;3.29
20/1/04;3.32
21/1/04;0.22
22/1/04;-1.57
23/1/04;-2.02
26/1/04;1.34
27/1/04;-0.82
28/1/04;1.17
29/1/04;-3.49
30/1/04;2.76
2/2/04;0.45
3/2/04;0.44
4/2/04;-2.51
5/2/04;0.38
6/2/04;3.81
9/2/04;-0.73
10/2/04;1.81
11/2/04;-0.12
12/2/04;-1.26
13/2/04;-2.09
17/2/04;1.79
18/2/04;0.47
19/2/04;-1.74
20/2/04;-0.99
23/2/04;-2.92
24/2/04;-0.54
25/2/04;2.18
26/2/04;0.67
27/2/04;-0.03
1/3/04;3.13
2/3/04;-1.22
3/3/04;-1.81
4/3/04;2.38
5/3/04;-0.71
8/3/04;-3.06
9/3/04;-2.95
10/3/04;-1.85
11/3/04;-0.15
12/3/04;2.47
15/3/04;-2.13
16/3/04;-0.76
17/3/04;3.55
18/3/04;-0.27
19/3/04;-0.19
22/3/04;-4.00
23/3/04;0.48
24/3/04;0.20
25/3/04;2.45
26/3/04;1.38
29/3/04;1.78
30/3/04;1.66
31/3/04;0.17
1/4/04;1.81
2/4/04;2.92
5/4/04;0.02
6/4/04;-0.90
7/4/04;0.11
8/4/04;0.11
12/4/04;1.03
13/4/04;-2.54
14/4/04;-0.91
15/4/04;-1.64
16/4/04;0.11
19/4/04;1.14
20/4/04;-3.84
21/4/04;0.08
22/4/04;1.89
23/4/04;-0.69
26/4/04;-0.48
27/4/04;-2.25
28/4/04;-4.37
29/4/04;-2.33
30/4/04;-2.68
3/5/04;1.40
4/5/04;0.65
5/5/04;0.29
6/5/04;-0.32
7/5/04;-0.23
10/5/04;-0.92
11/5/04;0.54
12/5/04;-0.60
13/5/04;0.73
14/5/04;-0.34
17/5/04;-0.71
18/5/04;0.13
19/5/04;-0.60
20/5/04;0.15
21/5/04;0.61
24/5/04;-0.20
25/5/04;1.20
26/5/04;-0.24
27/5/04;0.44
28/5/04;-0.30
1/6/04;2.33
2/6/04;-1.00
3/6/04;-1.63
4/6/04;1.39
7/6/04;2.43
8/6/04;-0.38
9/6/04;-1.42
10/6/04;0.70
14/6/04;-1.80
15/6/04;1.34
16/6/04;1.20
17/6/04;0.33
18/6/04;0.23
21/6/04;-0.72
22/6/04;0.82
23/6/04;1.99
24/6/04;0.52
25/6/04;1.47
28/6/04;0.87
29/6/04;-0.73
30/6/04;3.99
1/7/04;-0.95
2/7/04;-0.64
6/7/04;-1.42
7/7/04;0.16
8/7/04;-1.66
9/7/04;-0.31
12/7/04;-0.66
13/7/04;1.30
14/7/04;-0.48
15/7/04;-1.93
16/7/04;-1.20
19/7/04;0.00
20/7/04;1.41
21/7/04;-2.97
22/7/04;1.02
23/7/04;-0.61
26/7/04;-1.97
27/7/04;3.90
28/7/04;1.11
29/7/04;1.72
30/7/04;0.67
2/8/04;-1.10
3/8/04;-0.34
4/8/04;-0.92
5/8/04;-1.58
6/8/04;-1.24
9/8/04;0.61
10/8/04;0.74
11/8/04;-0.60
12/8/04;-0.84
13/8/04;0.31
16/8/04;0.99
17/8/04;-0.89
18/8/04;0.65
19/8/04;0.50
20/8/04;0.32
23/8/04;-0.62
24/8/04;-0.26
25/8/04;0.36
26/8/04;-0.10
27/8/04;0.79
30/8/04;-0.48
31/8/04;0.69
1/9/04;0.31
2/9/04;0.38
3/9/04;-0.18
7/9/04;0.33
8/9/04;-0.04
9/9/04;0.31
10/9/04;0.26
13/9/04;-0.08
14/9/04;0.08
15/9/04;0.14
16/9/04;0.48
17/9/04;0.35
20/9/04;0.23
21/9/04;0.32
22/9/04;-0.46
23/9/04;0.04
24/9/04;0.10
27/9/04;0.13
28/9/04;0.37
29/9/04;0.08
30/9/04;-0.00
1/10/04;0.14
4/10/04;0.62
5/10/04;-0.21
6/10/04;0.38
7/10/04;-0.14
8/10/04;-0.70
11/10/04;0.15
12/10/04;-0.04
13/10/04;0.17
14/10/04;1.28
15/10/04;0.61
18/10/04;1.37
19/10/04;-0.45
20/10/04;0.46
21/10/04;0.46
22/10/04;-0.29
25/10/04;1.35
26/10/04;0.39
27/10/04;0.82
28/10/04;0.22
29/10/04;0.35
1/11/04;1.27
2/11/04;0.19
3/11/04;-0.47
4/11/04;1.46
5/11/04;-1.50
8/11/04;0.20
9/11/04;0.12
10/11/04;1.19
11/11/04;2.31
12/11/04;1.52
15/11/04;-0.55
16/11/04;-0.32
17/11/04;2.11
18/11/04;-1.65
19/11/04;1.00
22/11/04;2.36
23/11/04;1.71
24/11/04;1.23
26/11/04;0.72
29/11/04;0.45
30/11/04;-0.80
1/12/04;0.86
2/12/04;-1.56
3/12/04;-0.52
6/12/04;1.47
7/12/04;-2.74
8/12/04;-0.21
9/12/04;1.23
10/12/04;0.85
13/12/04;1.80
14/12/04;0.48
15/12/04;0.96
16/12/04;-0.92
17/12/04;-0.28
20/12/04;-1.06
21/12/04;2.27
22/12/04;0.16
23/12/04;-0.63
27/12/04;-0.20
28/12/04;1.41
29/12/04;-0.24
30/12/04;-0.15
31/12/04;-0.39
3/1/05;-1.45
4/1/05;-2.01
5/1/05;-0.73
6/1/05;-0.43
7/1/05;1.28
10/1/05;-0.51
11/1/05;-3.01
12/1/05;-0.26
13/1/05;0.97
14/1/05;0.86
18/1/05;0.79
19/1/05;-1.10
20/1/05;-0.34
21/1/05;-0.13
24/1/05;-3.70
25/1/05;1.98
26/1/05;2.16
27/1/05;-0.96
28/1/05;-0.04
31/1/05;2.24
1/2/05;-0.16
2/2/05;2.56
3/2/05;-0.05
4/2/05;1.89
7/2/05;0.35
8/2/05;1.44
9/2/05;-2.46
10/2/05;-0.20
11/2/05;2.14
14/2/05;1.69
15/2/05;1.44
16/2/05;1.38
17/2/05;-1.66
18/2/05;-0.29
22/2/05;-3.31
23/2/05;1.48
24/2/05;1.65
25/2/05;2.18
28/2/05;-0.92
1/3/05;-0.52
2/3/05;0.73
3/3/05;-0.53
4/3/05;3.03
7/3/05;-0.37
8/3/05;-2.45
9/3/05;-1.78
10/3/05;-0.64
11/3/05;3.23
14/3/05;-0.20
15/3/05;0.88
16/3/05;-1.13
17/3/05;1.79
18/3/05;0.55
21/3/05;1.07
22/3/05;-0.70
23/3/05;-0.19
24/3/05;1.77
28/3/05;-0.29
29/3/05;-2.31
30/3/05;1.93
31/3/05;0.86
1/4/05;1.67
4/4/05;1.14
5/4/05;0.05
6/4/05;0.14
7/4/05;0.47
8/4/05;-0.46
11/4/05;0.49
12/4/05;0.17
13/4/05;-1.09
14/4/05;-3.22
15/4/05;-2.13
18/4/05;1.54
19/4/05;1.60
20/4/05;-1.01
21/4/05;1.50
22/4/05;-0.55
25/4/05;1.32
26/4/05;-0.81
27/4/05;-1.00
28/4/05;-0.72
29/4/05;0.43
2/5/05;0.63
3/5/05;0.04
4/5/05;0.39
5/5/05;0.53
6/5/05;0.36
9/5/05;0.59
10/5/05;-0.73
11/5/05;0.06
12/5/05;-1.41
13/5/05;-0.80
16/5/05;0.45
17/5/05;0.30
18/5/05;0.76
19/5/05;0.23
20/5/05;0.16
23/5/05;0.92
24/5/05;0.09
25/5/05;-0.19
26/5/05;0.46
27/5/05;0.27
31/5/05;-0.58
1/6/05;-0.24
2/6/05;1.12
3/6/05;-1.65
6/6/05;0.27
7/6/05;-1.81
8/6/05;-0.75
9/6/05;0.00
10/6/05;-1.83
13/6/05;1.03
14/6/05;0.51
15/6/05;1.98
16/6/05;1.44
17/6/05;1.21
20/6/05;-0.25
21/6/05;-0.32
22/6/05;-0.53
23/6/05;-0.78
24/6/05;-1.19
27/6/05;0.26
28/6/05;2.88
29/6/05;-0.74
30/6/05;0.05
1/7/05;1.09
5/7/05;0.83
6/7/05;0.37
7/7/05;1.36
8/7/05;0.85
11/7/05;1.10
12/7/05;-0.41
13/7/05;-0.28
14/7/05;-2.12
15/7/05;1.60
18/7/05;0.27
19/7/05;0.62
20/7/05;-0.65
21/7/05;-2.00
22/7/05;2.26
25/7/05;-0.95
26/7/05;0.15
27/7/05;-0.08
28/7/05;1.15
29/7/05;-0.39
1/8/05;1.31
2/8/05;0.16
3/8/05;0.62
4/8/05;-0.28
5/8/05;-1.90
8/8/05;-1.10
9/8/05;1.78
10/8/05;0.33
11/8/05;1.42
12/8/05;1.69
15/8/05;0.52
16/8/05;-2.13
17/8/05;-0.53
18/8/05;-0.78
19/8/05;0.32
22/8/05;0.63
23/8/05;-0.49
24/8/05;0.86
25/8/05;-0.06
26/8/05;-0.04
29/8/05;0.74
30/8/05;2.07
31/8/05;3.59
1/9/05;0.24
2/9/05;-0.69
6/9/05;1.64
7/9/05;1.69
8/9/05;1.24
9/9/05;2.34
12/9/05;-1.47
13/9/05;-0.42
14/9/05;-0.91
15/9/05;1.07
16/9/05;-0.28
19/9/05;-0.39
20/9/05;-0.35
21/9/05;0.13
22/9/05;-0.66
23/9/05;0.84
26/9/05;0.94
27/9/05;-0.09
28/9/05;-0.57
29/9/05;0.86
30/9/05;0.03
3/10/05;2.03
4/10/05;-2.08
5/10/05;-3.40
6/10/05;-1.83
7/10/05;0.84
10/10/05;-1.42
11/10/05;1.23
12/10/05;-2.24
13/10/05;0.06
14/10/05;0.94
17/10/05;1.07
18/10/05;-2.36
19/10/05;1.57
20/10/05;-2.06
21/10/05;0.27
24/10/05;2.07
25/10/05;0.62
26/10/05;-0.92
27/10/05;-2.27
28/10/05;1.65
31/10/05;3.36
1/11/05;-0.16
2/11/05;2.16
3/11/05;1.01
4/11/05;-0.66
7/11/05;-1.03
8/11/05;-0.01
9/11/05;0.19
10/11/05;-0.77
11/11/05;0.96
14/11/05;0.61
15/11/05;-0.57
16/11/05;1.03
17/11/05;0.76
18/11/05;-0.35
21/11/05;-0.89
22/11/05;1.51
23/11/05;0.03
25/11/05;0.83
28/11/05;-0.37
29/11/05;-1.33
30/11/05;0.18
1/12/05;2.25
2/12/05;0.51
5/12/05;-0.14
6/12/05;0.76
7/12/05;0.19
8/12/05;0.15
9/12/05;-0.44
12/12/05;0.82
13/12/05;0.03
14/12/05;-0.72
15/12/05;-0.28
16/12/05;-1.19
19/12/05;-0.82
20/12/05;0.45
21/12/05;1.49
22/12/05;0.46
23/12/05;-0.47
27/12/05;-1.10
28/12/05;1.03
29/12/05;0.06
30/12/05;0.16
3/1/06;2.83
4/1/06;0.32
5/1/06;0.54
6/1/06;2.73
9/1/06;1.41
10/1/06;0.46
11/1/06;0.85
12/1/06;-0.37
13/1/06;-0.67
17/1/06;0.11
18/1/06;-0.82
19/1/06;-0.27
20/1/06;-2.56
23/1/06;1.58
24/1/06;0.20
25/1/06;-1.65
26/1/06;0.24
27/1/06;-0.66
30/1/06;1.24
31/1/06;0.59
1/2/06;0.69
2/2/06;-2.11
3/2/06;-0.78
6/2/06;-0.20
7/2/06;-1.01
8/2/06;1.03
9/2/06;-1.71
10/2/06;0.04
13/2/06;-1.29
14/2/06;0.54
15/2/06;0.13
16/2/06;0.68
17/2/06;-1.65
21/2/06;-0.61
22/2/06;2.19
23/2/06;-0.99
24/2/06;0.23
27/2/06;2.33
28/2/06;-1.30
1/3/06;3.55
2/3/06;0.64
3/3/06;0.21
6/3/06;-1.19
7/3/06;-1.99
8/3/06;-0.08
9/3/06;-0.39
10/3/06;1.16
13/3/06;0.48
14/3/06;1.77
15/3/06;1.56
16/3/06;0.83
17/3/06;0.93
20/3/06;0.85
21/3/06;-2.21
22/3/06;1.08
23/3/06;-0.67
24/3/06;1.86
27/3/06;-0.61
28/3/06;-0.26
29/3/06;1.97
30/3/06;0.79
31/3/06;0.50
3/4/06;-0.12
4/4/06;-1.01
5/4/06;0.79
6/4/06;1.76
7/4/06;-2.53
10/4/06;-1.71
11/4/06;-2.81
12/4/06;2.17
13/4/06;1.42
17/4/06;-1.60
18/4/06;5.29
19/4/06;0.78
20/4/06;-1.29
21/4/06;0.58
24/4/06;-0.09
25/4/06;-1.26
26/4/06;-0.86
27/4/06;-4.98
28/4/06;0.80
1/5/06;2.10
2/5/06;-0.08
3/5/06;0.42
4/5/06;0.82
5/5/06;1.07
8/5/06;0.71
9/5/06;0.78
10/5/06;0.86
11/5/06;-1.32
12/5/06;-5.25
15/5/06;-2.19
16/5/06;-1.02
17/5/06;-3.16
18/5/06;-3.33
19/5/06;-0.58
22/5/06;-3.27
23/5/06;1.41
24/5/06;-0.49
25/5/06;-0.12
26/5/06;1.96
30/5/06;-2.90
31/5/06;1.07
1/6/06;0.64
2/6/06;0.66
5/6/06;-2.08
6/6/06;0.27
7/6/06;-1.65
8/6/06;0.15
9/6/06;-0.28
12/6/06;-1.37
13/6/06;-2.07
14/6/06;1.10
15/6/06;2.41
16/6/06;-0.65
19/6/06;-1.42
20/6/06;0.66
21/6/06;1.50
22/6/06;-0.24
23/6/06;1.19
26/6/06;-0.18
27/6/06;-1.00
28/6/06;1.05
29/6/06;1.78
30/6/06;1.05
3/7/06;-2.00
5/7/06;-1.27
6/7/06;0.13
7/7/06;-0.26
10/7/06;-0.92
11/7/06;0.08
12/7/06;-0.68
13/7/06;-1.90
14/7/06;-0.26
17/7/06;-0.87
18/7/06;0.42
19/7/06;1.76
20/7/06;-2.52
21/7/06;-1.75
24/7/06;1.85
25/7/06;0.51
26/7/06;-0.35
27/7/06;1.30
28/7/06;1.40
31/7/06;1.03
1/8/06;-1.14
2/8/06;0.76
3/8/06;0.63
4/8/06;-1.58
7/8/06;-0.17
8/8/06;-1.27
9/8/06;0.36
10/8/06;-0.70
11/8/06;-1.58
14/8/06;-0.34
15/8/06;3.05
16/8/06;0.50
17/8/06;-0.77
18/8/06;1.05
21/8/06;-0.70
22/8/06;-0.03
23/8/06;-0.68
24/8/06;-0.05
25/8/06;-0.05
28/8/06;0.92
29/8/06;-0.10
30/8/06;-0.55
31/8/06;0.15
1/9/06;0.69
5/9/06;1.24
6/9/06;-2.15
7/9/06;-0.37
8/9/06;0.38
11/9/06;1.14
12/9/06;1.58
13/9/06;0.84
14/9/06;0.93
15/9/06;0.21
18/9/06;0.89
19/9/06;-1.85
20/9/06;2.27
21/9/06;0.01
22/9/06;-1.50
25/9/06;2.77
26/9/06;0.31
27/9/06;-0.19
28/9/06;0.78
29/9/06;0.09
2/10/06;-0.51
3/10/06;0.63
4/10/06;2.08
5/10/06;0.73
6/10/06;-1.26
9/10/06;0.06
10/10/06;0.49
11/10/06;0.36
12/10/06;1.50
13/10/06;0.84
16/10/06;0.62
17/10/06;-0.72
18/10/06;-2.11
19/10/06;1.03
20/10/06;-0.19
23/10/06;0.80
24/10/06;1.24
25/10/06;3.18
26/10/06;1.61
27/10/06;-2.85
30/10/06;0.59
31/10/06;0.21
1/11/06;-2.91
2/11/06;0.54
3/11/06;-0.21
6/11/06;3.26
7/11/06;0.19
8/11/06;1.35
9/11/06;0.02
10/11/06;-0.92
13/11/06;2.76
14/11/06;2.03
15/11/06;-0.16
16/11/06;0.91
17/11/06;0.38
20/11/06;0.87
21/11/06;0.96
22/11/06;0.88
24/11/06;0.18
27/11/06;-2.19
28/11/06;-0.11
29/11/06;3.23
30/11/06;1.53
1/12/06;-1.59
4/12/06;2.33
5/12/06;0.59
6/12/06;0.11
7/12/06;0.30
8/12/06;0.89
11/12/06;0.15
12/12/06;-1.41
13/12/06;0.91
14/12/06;1.55
15/12/06;-0.16
18/12/06;-1.51
19/12/06;0.61
20/12/06;-0.63
21/12/06;-0.88
22/12/06;-0.68
26/12/06;-0.35
27/12/06;2.26
28/12/06;-0.23
29/12/06;-0.87
3/1/07;0.23
4/1/07;0.46
5/1/07;-0.46
8/1/07;1.54
9/1/07;0.66
10/1/07;1.11
11/1/07;1.01
12/1/07;0.74
16/1/07;0.03
17/1/07;-1.23
18/1/07;-2.07
19/1/07;1.23
22/1/07;-1.16
23/1/07;0.58
24/1/07;2.28
25/1/07;-1.50
26/1/07;0.51
29/1/07;-0.61
30/1/07;0.96
31/1/07;0.04
1/2/07;-0.51
2/2/07;1.44
5/2/07;2.28
6/2/07;-0.31
7/2/07;0.08
8/2/07;0.93
9/2/07;-3.38
12/2/07;-0.68
13/2/07;0.07
14/2/07;2.97
15/2/07;1.37
16/2/07;-0.78
20/2/07;1.46
21/2/07;0.52
22/2/07;0.34
23/2/07;-0.46
26/2/07;-0.47
27/2/07;-5.13
28/2/07;0.21
1/3/07;1.11
2/3/07;-1.07
5/3/07;-1.11
6/3/07;2.30
7/3/07;0.88
8/3/07;1.70
9/3/07;-0.31
12/3/07;0.92
13/3/07;-2.66
14/3/07;0.89
15/3/07;0.55
16/3/07;-0.40
19/3/07;1.99
20/3/07;0.57
21/3/07;1.14
22/3/07;0.28
23/3/07;0.07
26/3/07;0.98
27/3/07;-0.53
28/3/07;-0.48
29/3/07;0.30
30/3/07;0.11
2/4/07;2.62
3/4/07;0.79
4/4/07;0.63
5/4/07;1.49
9/4/07;0.61
10/4/07;0.57
11/4/07;-1.91
12/4/07;0.94
13/4/07;-0.49
16/4/07;0.62
17/4/07;-0.37
18/4/07;-1.26
19/4/07;0.25
20/4/07;-0.36
23/4/07;0.41
24/4/07;-0.45
25/4/07;1.13
26/4/07;-0.64
27/4/07;1.19
30/4/07;-1.48
1/5/07;-0.45
2/5/07;0.75
3/5/07;0.65
4/5/07;1.07
7/5/07;0.29
8/5/07;0.27
9/5/07;1.55
10/5/07;-2.02
11/5/07;-0.48
14/5/07;0.37
15/5/07;-0.75
16/5/07;1.23
17/5/07;0.47
18/5/07;1.11
21/5/07;1.44
22/5/07;0.28
23/5/07;0.57
24/5/07;-0.79
25/5/07;1.11
29/5/07;1.74
30/5/07;1.30
31/5/07;-2.27
1/6/07;0.44
4/6/07;0.72
5/6/07;1.13
6/6/07;-1.22
7/6/07;-1.57
8/6/07;2.54
11/6/07;-1.88
12/6/07;-1.30
13/6/07;1.68
14/6/07;0.50
15/6/07;0.46
18/6/07;-0.36
19/6/07;-1.53
20/6/07;-1.21
21/6/07;0.85
22/6/07;-0.64
25/6/07;-0.82
26/6/07;-1.04
27/6/07;0.34
28/6/07;0.91
29/6/07;0.14
2/7/07;3.36
3/7/07;-0.35
5/7/07;0.59
6/7/07;0.77
9/7/07;0.48
10/7/07;-2.26
11/7/07;0.02
12/7/07;1.29
13/7/07;0.68
16/7/07;-0.61
17/7/07;-0.10
18/7/07;0.12
19/7/07;0.95
20/7/07;-1.00
23/7/07;-0.39
24/7/07;-2.58
25/7/07;4.94
26/7/07;-2.82
27/7/07;-2.63
30/7/07;-0.15
31/7/07;-1.98
1/8/07;-0.59
2/8/07;1.08
3/8/07;-2.09
6/8/07;1.08
7/8/07;1.06
8/8/07;-0.80
9/8/07;-2.89
10/8/07;0.49
13/8/07;0.96
14/8/07;-1.51
15/8/07;-1.75
16/8/07;-1.16
17/8/07;2.88
20/8/07;1.21
21/8/07;1.64
22/8/07;1.07
23/8/07;-0.60
24/8/07;1.63
27/8/07;-0.54
28/8/07;-1.95
29/8/07;2.47
30/8/07;0.22
31/8/07;1.87
4/9/07;1.63
5/9/07;-0.11
6/9/07;2.06
7/9/07;-2.40
10/9/07;-0.14
11/9/07;2.10
12/9/07;0.69
13/9/07;0.05
14/9/07;-0.20
17/9/07;-0.94
18/9/07;2.95
19/9/07;0.34
20/9/07;0.25
21/9/07;1.15
24/9/07;0.89
25/9/07;1.09
26/9/07;0.49
27/9/07;0.56
28/9/07;-0.48
1/10/07;-0.48
2/10/07;-2.00
3/10/07;-1.00
4/10/07;2.44
5/10/07;4.23
8/10/07;1.35
9/10/07;1.24
10/10/07;0.73
11/10/07;-3.25
12/10/07;3.15
15/10/07;-1.02
16/10/07;-0.77
17/10/07;0.69
18/10/07;0.86
19/10/07;-4.30
22/10/07;0.71
23/10/07;6.95
24/10/07;-3.00
25/10/07;-0.62
26/10/07;0.36
29/10/07;2.01
30/10/07;-3.31
31/10/07;-0.08
1/11/07;-2.98
2/11/07;0.70
5/11/07;-0.83
6/11/07;2.03
7/11/07;-1.52
8/11/07;-2.87
9/11/07;-4.43
12/11/07;-5.25
13/11/07;4.83
14/11/07;-0.87
15/11/07;-2.35
16/11/07;1.42
19/11/07;-1.57
20/11/07;0.39
21/11/07;-0.15
23/11/07;1.81
26/11/07;-1.32
27/11/07;2.10
28/11/07;3.84
29/11/07;0.25
30/11/07;-0.67
3/12/07;-0.64
4/12/07;0.86
5/12/07;1.05
6/12/07;1.09
7/12/07;0.23
10/12/07;0.52
11/12/07;-2.43
12/12/07;0.37
13/12/07;0.95
14/12/07;-0.93
17/12/07;-2.12
18/12/07;-0.30
19/12/07;1.21
20/12/07;1.35
21/12/07;1.09
24/12/07;0.52
26/12/07;0.65
27/12/07;-0.20
28/12/07;-0.23
31/12/07;-0.82
2/1/08;0.27
3/1/08;0.62
4/1/08;-1.23
7/1/08;-0.49
8/1/08;-0.84
9/1/08;0.08
10/1/08;0.42
11/1/08;-0.62
14/1/08;0.64
15/1/08;-1.13
16/1/08;-0.97
17/1/08;-0.94
18/1/08;0.47
22/1/08;0.01
23/1/08;-0.43
24/1/08;0.58
25/1/08;-0.56
28/1/08;0.23
29/1/08;-0.44
30/1/08;-0.09
31/1/08;0.47
1/2/08;0.92
4/2/08;-0.11
5/2/08;-0.80
6/2/08;-0.32
7/2/08;-0.03
8/2/08;0.51
11/2/08;0.44
12/2/08;-0.10
13/2/08;0.16
14/2/08;-0.17
15/2/08;-0.30
19/2/08;0.04
20/2/08;0.37
21/2/08;-0.59
22/2/08;0.10
25/2/08;0.56
26/2/08;0.05
27/2/08;-0.13
28/2/08;-0.08
29/2/08;-0.57
3/3/08;0.20
4/3/08;-0.72
5/3/08;0.52
6/3/08;-0.44
7/3/08;-0.77
10/3/08;-0.85
11/3/08;1.16
12/3/08;-0.27
13/3/08;0.93
14/3/08;-0.30
17/3/08;-0.72
18/3/08;0.99
19/3/08;-1.54
20/3/08;0.07
24/3/08;0.97
25/3/08;0.77
26/3/08;0.38
27/3/08;-0.31
28/3/08;0.04
31/3/08;-0.03
1/4/08;0.27
2/4/08;0.00
3/4/08;0.00
4/4/08;0.00
7/4/08;0.00
8/4/08;0.00
9/4/08;0.00
10/4/08;0.00
11/4/08;0.00
14/4/08;0.00
15/4/08;0.00
16/4/08;0.00
17/4/08;0.00
18/4/08;0.00
21/4/08;0.00
22/4/08;0.00
23/4/08;0.00
24/4/08;0.00
25/4/08;0.00
28/4/08;0.00
29/4/08;0.00
30/4/08;0.00
1/5/08;-0.17
2/5/08;0.32
5/5/08;0.46
6/5/08;0.33
7/5/08;-0.47
8/5/08;0.32
9/5/08;-0.09
12/5/08;-0.04
13/5/08;0.32
14/5/08;-0.34
15/5/08;0.30
16/5/08;0.47
19/5/08;0.08
20/5/08;0.38
21/5/08;-0.45
22/5/08;-0.17
23/5/08;-0.27
27/5/08;-0.08
28/5/08;0.28
29/5/08;-0.52
30/5/08;0.18
2/6/08;0.25
3/6/08;-0.10
4/6/08;-0.36
5/6/08;0.95
6/6/08;-0.24
9/6/08;0.41
10/6/08;-0.66
11/6/08;0.05
12/6/08;-0.28
13/6/08;0.35
16/6/08;0.10
17/6/08;0.26
18/6/08;0.37
19/6/08;-0.56
20/6/08;0.02
23/6/08;0.69
24/6/08;-0.39
25/6/08;-0.23
26/6/08;-0.10
27/6/08;0.38
30/6/08;0.01
1/7/08;-0.17
2/7/08;0.00
3/7/08;0.00
7/7/08;0.00
8/7/08;0.00
9/7/08;0.00
10/7/08;0.00
11/7/08;0.00
14/7/08;0.00
15/7/08;0.00
16/7/08;0.00
17/7/08;0.00
18/7/08;0.00
21/7/08;0.00
22/7/08;0.00
23/7/08;0.00
24/7/08;0.00
25/7/08;0.00
28/7/08;0.00
29/7/08;0.00
30/7/08;0.00
31/7/08;0.00
1/8/08;0.00
4/8/08;0.00
5/8/08;0.00
6/8/08;0.00
7/8/08;0.00
8/8/08;0.00
11/8/08;0.00
12/8/08;0.00
13/8/08;0.00
14/8/08;0.00
15/8/08;0.00
18/8/08;0.00
19/8/08;0.00
20/8/08;0.00
21/8/08;0.00
22/8/08;0.00
25/8/08;0.00
26/8/08;0.00
27/8/08;0.00
28/8/08;0.00
29/8/08;0.00
2/9/08;0.00
3/9/08;0.00
4/9/08;0.00
5/9/08;0.00
8/9/08;0.00
9/9/08;0.00
10/9/08;0.00
11/9/08;0.00
12/9/08;0.00
15/9/08;0.00
16/9/08;0.00
17/9/08;0.00
18/9/08;0.00
19/9/08;0.00
22/9/08;0.00
23/9/08;0.00
24/9/08;0.00
25/9/08;0.00
26/9/08;0.00
29/9/08;0.00
30/9/08;0.00
1/10/08;0.00
2/10/08;0.00
3/10/08;0.00
6/10/08;0.00
7/10/08;0.00
8/10/08;0.00
9/10/08;0.00
10/10/08;0.00
13/10/08;0.00
14/10/08;0.00
15/10/08;0.00
16/10/08;0.00
17/10/08;0.00
20/10/08;0.00
21/10/08;0.00
22/10/08;0.00
23/10/08;0.00
24/10/08;0.00
27/10/08;0.00
28/10/08;0.00
29/10/08;0.00
30/10/08;0.00
31/10/08;0.00
3/11/08;0.00
4/11/08;0.00
5/11/08;0.00
6/11/08;0.00
7/11/08;0.00
10/11/08;0.00
11/11/08;0.00
12/11/08;0.00
13/11/08;0.00
14/11/08;0.00
17/11/08;0.00
18/11/08;0.00
19/11/08;0.00
20/11/08;0.00
21/11/08;0.00
24/11/08;0.00
25/11/08;0.00
26/11/08;0.00
28/11/08;0.00
1/12/08;0.00
2/12/08;0.00
3/12/08;0.00
4/12/08;0.00
5/12/08;0.00
8/12/08;0.00
9/12/08;0.00
10/12/08;0.00
11/12/08;0.00
12/12/08;0.00
15/12/08;0.00
16/12/08;0.00
17/12/08;0.00
18/12/08;0.00
19/12/08;0.00
22/12/08;0.00
23/12/08;0.00
24/12/08;0.00
26/12/08;0.00
29/12/08;0.00
30/12/08;0.00
31/12/08;0.00
2/1/09;0.15
5/1/09;0.14
6/1/09;-0.09
7/1/09;-0.11
8/1/09;0.19
9/1/09;-0.03
12/1/09;-0.07
13/1/09;0.01
14/1/09;-0.38
15/1/09;0.41
16/1/09;0.15
20/1/09;-0.47
21/1/09;0.21
22/1/09;-0.36
23/1/09;-0.31
26/1/09;0.04
27/1/09;-0.05
28/1/09;0.26
29/1/09;0.16
30/1/09;-0.17
2/2/09;0.22
3/2/09;0.41
4/2/09;-0.15
5/2/09;-0.09
6/2/09;0.15
9/2/09;-0.09
10/2/09;-0.57
11/2/09;0.13
12/2/09;0.20
13/2/09;-0.09
17/2/09;-0.21
18/2/09;0.03
19/2/09;-0.19
20/2/09;0.11
23/2/09;-0.39
24/2/09;0.21
25/2/09;-0.25
26/2/09;-0.36
27/2/09;-0.16
2/3/09;-0.25
3/3/09;0.22
4/3/09;0.34
5/3/09;0.14
6/3/09;0.27
9/3/09;0.42
10/3/09;0.62
11/3/09;-0.11
12/3/09;0.54
13/3/09;0.36
16/3/09;-0.54
17/3/09;0.39
18/3/09;-0.03
19/3/09;-0.10
20/3/09;-0.06
23/3/09;0.25
24/3/09;-0.18
25/3/09;0.17
26/3/09;0.46
27/3/09;-0.16
30/3/09;-0.12
31/3/09;-0.02
1/4/09;-0.17
2/4/09;0.00
3/4/09;0.00
6/4/09;0.00
7/4/09;0.00
8/4/09;0.00
9/4/09;0.00
13/4/09;0.00
14/4/09;0.00
15/4/09;0.00
16/4/09;0.00
17/4/09;0.00
20/4/09;0.00
21/4/09;0.00
22/4/09;0.00
23/4/09;0.00
24/4/09;0.00
27/4/09;0.00
28/4/09;0.00
29/4/09;0.00
30/4/09;0.00
1/5/09;-0.67
4/5/09;1.07
5/5/09;-0.74
6/5/09;-1.55
7/5/09;-1.22
8/5/09;0.43
11/5/09;0.44
12/5/09;-0.70
13/5/09;-0.97
14/5/09;0.29
15/5/09;0.16
18/5/09;0.38
19/5/09;0.46
20/5/09;-1.04
21/5/09;-0.70
22/5/09;-0.09
26/5/09;1.48
27/5/09;-0.81
28/5/09;-0.88
29/5/09;0.23
1/6/09;2.66
2/6/09;0.81
3/6/09;-3.54
4/6/09;2.97
5/6/09;-0.29
8/6/09;-0.86
9/6/09;0.17
10/6/09;-0.67
11/6/09;0.23
12/6/09;-2.35
15/6/09;-2.33
16/6/09;-1.46
17/6/09;-2.19
18/6/09;0.40
19/6/09;3.42
22/6/09;-5.88
23/6/09;0.90
24/6/09;2.59
25/6/09;2.30
26/6/09;-0.34
29/6/09;2.30
30/6/09;0.17
1/7/09;1.03
2/7/09;-3.06
6/7/09;-0.22
7/7/09;-2.86
8/7/09;0.06
9/7/09;1.54
10/7/09;-0.21
13/7/09;2.72
14/7/09;1.15
15/7/09;3.24
16/7/09;0.77
17/7/09;0.10
20/7/09;2.12
21/7/09;-0.44
22/7/09;0.62
23/7/09;4.11
24/7/09;1.46
27/7/09;1.44
28/7/09;-1.17
29/7/09;0.25
30/7/09;1.60
31/7/09;2.07
3/8/09;2.34
4/8/09;0.64
5/8/09;-1.09
6/8/09;-2.83
7/8/09;3.45
10/8/09;-0.69
11/8/09;-1.68
12/8/09;2.21
13/8/09;3.25
14/8/09;-0.02
17/8/09;-2.12
18/8/09;2.29
19/8/09;-0.84
20/8/09;0.79
21/8/09;1.86
24/8/09;-0.92
25/8/09;2.69
26/8/09;-0.17
27/8/09;1.94
28/8/09;1.58
31/8/09;-0.82
1/9/09;-6.42
2/9/09;-0.24
3/9/09;4.53
4/9/09;0.19
8/9/09;-1.02
9/9/09;2.59
10/9/09;2.12
11/9/09;-2.19
14/9/09;2.87
15/9/09;0.12
16/9/09;2.03
17/9/09;-2.92
18/9/09;0.32
21/9/09;2.65
22/9/09;0.66
23/9/09;-0.54
24/9/09;-2.11
25/9/09;-0.78
28/9/09;3.25
29/9/09;1.33
30/9/09;-0.36
1/10/09;-5.40
2/10/09;-0.70
5/10/09;4.31
6/10/09;4.22
7/10/09;1.81
8/10/09;3.05
9/10/09;-0.18
12/10/09;1.16
13/10/09;-2.58
14/10/09;3.98
15/10/09;-0.56
16/10/09;-2.70
19/10/09;0.90
20/10/09;-2.34
21/10/09;-1.63
22/10/09;3.54
23/10/09;-3.97
26/10/09;-3.88
27/10/09;-2.51
28/10/09;-4.04
29/10/09;8.86
30/10/09;-4.97
2/11/09;1.33
3/11/09;0.97
4/11/09;0.08
5/11/09;-0.21
6/11/09;0.78
9/11/09;1.16
10/11/09;-0.24
11/11/09;0.37
12/11/09;-2.03
13/11/09;-0.38
16/11/09;1.03
17/11/09;0.66
18/11/09;-0.84
19/11/09;-1.07
20/11/09;-0.65
23/11/09;0.47
24/11/09;-0.63
25/11/09;1.13
27/11/09;-2.36
30/11/09;0.77
1/12/09;1.12
2/12/09;1.69
3/12/09;-1.12
4/12/09;0.78
7/12/09;-0.88
8/12/09;-1.11
9/12/09;0.54
10/12/09;-0.00
11/12/09;-0.20
14/12/09;2.07
15/12/09;-0.57
16/12/09;1.44
17/12/09;-1.02
18/12/09;0.98
21/12/09;0.81
22/12/09;0.85
23/12/09;0.67
24/12/09;0.61
28/12/09;0.25
29/12/09;-0.64
30/12/09;-0.31
31/12/09;-0.83
4/1/10;2.69
5/1/10;3.80
6/1/10;0.35
7/1/10;1.07
8/1/10;0.35
11/1/10;1.56
12/1/10;-3.66
13/1/10;1.49
14/1/10;0.12
15/1/10;-2.12
19/1/10;0.76
20/1/10;-2.10
21/1/10;0.13
22/1/10;-4.54
25/1/10;3.05
26/1/10;1.33
27/1/10;0.57
28/1/10;-1.95
29/1/10;-1.77
1/2/10;-0.06
2/2/10;1.55
3/2/10;-1.22
4/2/10;-5.23
5/2/10;-0.37
8/2/10;-0.39
9/2/10;1.96
10/2/10;-0.15
11/2/10;1.72
12/2/10;-0.19
16/2/10;2.18
17/2/10;1.13
18/2/10;0.72
19/2/10;0.26
22/2/10;0.29
23/2/10;-1.99
24/2/10;1.65
25/2/10;-0.12
26/2/10;0.47
1/3/10;2.62
2/3/10;0.41
3/3/10;0.35
4/3/10;0.94
5/3/10;1.82
8/3/10;0.18
9/3/10;-0.19
10/3/10;0.80
11/3/10;0.30
12/3/10;0.59
15/3/10;0.22
16/3/10;1.46
17/3/10;1.67
18/3/10;-1.10
19/3/10;-2.43
22/3/10;4.01
23/3/10;0.41
24/3/10;0.12
25/3/10;-1.70
26/3/10;1.26
29/3/10;0.89
30/3/10;-1.47
31/3/10;-0.73
1/4/10;1.31
5/4/10;2.71
6/4/10;-2.15
7/4/10;-1.86
8/4/10;0.99
9/4/10;0.40
12/4/10;0.22
13/4/10;-1.07
14/4/10;2.41
15/4/10;-0.86
16/4/10;-3.39
19/4/10;0.51
20/4/10;1.81
21/4/10;0.25
22/4/10;-0.42
23/4/10;2.00
26/4/10;-0.82
27/4/10;-5.72
28/4/10;1.01
29/4/10;-0.15
30/4/10;-4.75
3/5/10;3.03
4/5/10;-2.74
5/5/10;-0.59
6/5/10;-6.36
7/5/10;-3.57
10/5/10;7.19
11/5/10;1.97
12/5/10;4.19
13/5/10;-2.57
14/5/10;-2.46
17/5/10;0.27
18/5/10;-2.03
19/5/10;-1.42
20/5/10;-3.55
21/5/10;3.02
24/5/10;-0.21
25/5/10;0.69
26/5/10;-0.25
27/5/10;5.85
28/5/10;-0.67
1/6/10;-1.61
2/6/10;2.08
3/6/10;0.49
4/6/10;-2.91
7/6/10;-1.76
8/6/10;0.49
9/6/10;-0.31
10/6/10;2.77
11/6/10;0.30
14/6/10;0.61
15/6/10;1.65
16/6/10;0.14
17/6/10;-0.26
18/6/10;0.02
21/6/10;0.17
22/6/10;-1.70
23/6/10;-0.17
24/6/10;-1.65
25/6/10;0.78
28/6/10;-0.61
29/6/10;-3.45
30/6/10;-0.89
1/7/10;0.24
2/7/10;-0.16
6/7/10;0.28
7/7/10;0.94
8/7/10;0.07
9/7/10;0.25
12/7/10;-0.23
13/7/10;0.70
14/7/10;0.15
15/7/10;0.00
16/7/10;-0.79
19/7/10;0.03
20/7/10;0.32
21/7/10;-0.19
22/7/10;0.51
23/7/10;0.52
26/7/10;0.42
27/7/10;-0.30
28/7/10;-0.18
29/7/10;-0.59
30/7/10;0.06
2/8/10;1.13
3/8/10;0.14
4/8/10;-0.19
5/8/10;-0.43
6/8/10;0.08
9/8/10;2.02
10/8/10;0.02
11/8/10;-4.58
12/8/10;0.76
13/8/10;-0.29
16/8/10;1.47
17/8/10;2.15
18/8/10;0.50
19/8/10;-2.40
20/8/10;1.08
23/8/10;-2.74
24/8/10;-3.27
25/8/10;0.77
26/8/10;-1.76
27/8/10;2.15
30/8/10;-2.11
31/8/10;0.61
1/9/10;4.34
2/9/10;1.73
3/9/10;0.67
7/9/10;-0.29
8/9/10;1.17
9/9/10;-1.05
10/9/10;-0.19
13/9/10;1.68
14/9/10;-0.95
15/9/10;0.10
16/9/10;0.29
17/9/10;-0.51
20/9/10;2.19
21/9/10;-0.62
22/9/10;-0.79
23/9/10;0.27
24/9/10;1.36
27/9/10;0.75
28/9/10;-0.30
29/9/10;0.21
30/9/10;-0.53
1/10/10;-1.56
4/10/10;-2.54
5/10/10;3.64
6/10/10;-3.32
7/10/10;-0.36
8/10/10;1.76
11/10/10;-1.17
12/10/10;0.73
13/10/10;0.95
14/10/10;0.03
15/10/10;0.86
18/10/10;-0.28
19/10/10;-2.31
20/10/10;0.65
21/10/10;0.90
22/10/10;2.49
25/10/10;1.98
26/10/10;-0.27
27/10/10;0.77
28/10/10;-0.10
29/10/10;0.32
1/11/10;-1.48
2/11/10;1.21
3/11/10;0.24
4/11/10;0.92
5/11/10;-0.48
8/11/10;1.11
9/11/10;-1.20
10/11/10;1.05
11/11/10;-0.74
12/11/10;-2.27
15/11/10;-2.27
16/11/10;-2.68
17/11/10;-0.25
18/11/10;3.57
19/11/10;3.49
22/11/10;1.05
23/11/10;-1.43
24/11/10;2.56
26/11/10;-0.01
29/11/10;-0.50
30/11/10;-1.17
1/12/10;2.61
2/12/10;0.51
3/12/10;1.03
6/12/10;1.12
7/12/10;-0.30
8/12/10;0.46
9/12/10;-0.28
10/12/10;0.39
13/12/10;-0.26
14/12/10;-1.52
15/12/10;-1.68
16/12/10;-0.36
17/12/10;-0.02
20/12/10;0.32
21/12/10;1.66
22/12/10;-0.35
23/12/10;-0.40
27/12/10;-0.57
28/12/10;-0.61
29/12/10;0.21
30/12/10;-0.37
31/12/10;-0.81
3/1/11;1.84
4/1/11;0.38
5/1/11;3.18
6/1/11;-2.21
7/1/11;0.02
10/1/11;-0.41
11/1/11;0.28
12/1/11;0.03
13/1/11;-0.53
14/1/11;-0.97
18/1/11;-0.19
19/1/11;-2.56
20/1/11;-1.27
21/1/11;-0.81
24/1/11;-0.09
25/1/11;0.86
26/1/11;1.06
27/1/11;0.51
28/1/11;-3.03
31/1/11;0.36
1/2/11;1.46
2/2/11;0.83
3/2/11;-0.23
4/2/11;1.39
7/2/11;-0.65
8/2/11;-0.62
9/2/11;0.28
10/2/11;1.00
11/2/11;0.79
14/2/11;2.09
15/2/11;-1.31
16/2/11;1.24
17/2/11;1.71
18/2/11;-0.87
22/2/11;-3.84
23/2/11;-1.85
24/2/11;2.12
25/2/11;0.98
28/2/11;-1.30
1/3/11;-3.04
2/3/11;0.65
3/3/11;2.50
4/3/11;0.03
7/3/11;-2.26
8/3/11;-2.34
9/3/11;-1.39
10/3/11;-3.06
11/3/11;2.86
14/3/11;1.16
15/3/11;-0.20
16/3/11;-1.48
17/3/11;2.20
18/3/11;-1.29
21/3/11;2.66
22/3/11;-0.08
23/3/11;1.50
24/3/11;2.24
25/3/11;0.14
28/3/11;0.99
29/3/11;0.80
30/3/11;-0.58
31/3/11;-1.04
1/4/11;1.50
4/4/11;0.89
5/4/11;0.23
6/4/11;-1.86
7/4/11;-1.02
8/4/11;-0.25
11/4/11;-1.13
12/4/11;-1.07
13/4/11;1.13
14/4/11;-0.25
15/4/11;0.58
18/4/11;-1.14
19/4/11;1.96
20/4/11;1.53
21/4/11;1.09
25/4/11;-0.22
26/4/11;-2.12
27/4/11;0.18
28/4/11;-0.31
29/4/11;0.52
2/5/11;-1.51
3/5/11;-2.69
4/5/11;-1.21
5/5/11;0.59
6/5/11;0.52
9/5/11;1.79
10/5/11;1.09
11/5/11;-2.74
12/5/11;-0.25
13/5/11;-1.90
16/5/11;-1.50
17/5/11;0.09
18/5/11;3.19
19/5/11;-0.61
20/5/11;-0.95
23/5/11;-0.92
24/5/11;0.02
25/5/11;2.04
26/5/11;0.89
27/5/11;0.49
31/5/11;0.89
1/6/11;-1.79
2/6/11;0.74
3/6/11;-0.56
6/6/11;-2.05
7/6/11;0.11
8/6/11;-1.46
9/6/11;0.45
10/6/11;-1.49
13/6/11;-0.66
14/6/11;1.03
15/6/11;-1.61
16/6/11;-1.66
17/6/11;0.62
20/6/11;0.49
21/6/11;2.62
22/6/11;-1.42
23/6/11;1.23
24/6/11;-0.78
27/6/11;0.99
28/6/11;1.74
29/6/11;0.61
30/6/11;0.10
1/7/11;1.40
5/7/11;1.86
6/7/11;0.23
7/7/11;0.81
8/7/11;0.50
11/7/11;-1.74
12/7/11;-1.04
13/7/11;0.92
14/7/11;-1.94
15/7/11;1.88
18/7/11;-0.82
19/7/11;2.71
20/7/11;-0.98
21/7/11;-0.29
22/7/11;0.28
25/7/11;0.16
26/7/11;-0.49
27/7/11;-1.56
28/7/11;3.69
29/7/11;0.28
1/8/11;1.27
2/8/11;-1.44
3/8/11;0.59
4/8/11;-2.39
5/8/11;-0.28
8/8/11;-3.19
9/8/11;2.45
10/8/11;-0.73
11/8/11;1.96
12/8/11;0.49
15/8/11;0.25
16/8/11;-0.44
17/8/11;-1.41
18/8/11;-3.11
19/8/11;-0.77
22/8/11;-0.07
23/8/11;2.48
24/8/11;-0.05
25/8/11;-0.85
26/8/11;1.48
29/8/11;1.07
30/8/11;0.80
31/8/11;0.22
1/9/11;-0.19
2/9/11;-0.25
6/9/11;0.34
7/9/11;0.03
8/9/11;0.17
9/9/11;-0.42
12/9/11;0.26
13/9/11;0.07
14/9/11;-0.01
15/9/11;-0.07
16/9/11;-0.01
19/9/11;0.59
20/9/11;-0.52
21/9/11;-0.36
22/9/11;-0.79
23/9/11;-0.08
26/9/11;0.26
27/9/11;0.03
28/9/11;-0.42
29/9/11;-0.86
30/9/11;-1.00
3/10/11;-1.29
4/10/11;0.50
5/10/11;1.21
6/10/11;0.07
7/10/11;-0.01
10/10/11;0.76
11/10/11;0.15
12/10/11;-0.50
13/10/11;0.38
14/10/11;0.30
17/10/11;-0.65
18/10/11;0.17
19/10/11;-0.09
20/10/11;0.06
21/10/11;0.85
24/10/11;0.47
25/10/11;-0.69
26/10/11;0.55
27/10/11;0.08
28/10/11;0.01
31/10/11;-0.29
1/11/11;-0.16
2/11/11;0.44
3/11/11;0.23
4/11/11;0.01
7/11/11;-0.10
8/11/11;-0.06
9/11/11;-0.94
10/11/11;0.74
11/11/11;0.49
14/11/11;0.13
15/11/11;-0.01
16/11/11;-0.52
17/11/11;-0.62
18/11/11;-0.19
21/11/11;-0.29
22/11/11;0.61
23/11/11;-0.98
25/11/11;-0.04
28/11/11;1.32
29/11/11;0.13
30/11/11;1.31
1/12/11;-0.06
2/12/11;-0.14
5/12/11;-0.26
6/12/11;-0.14
7/12/11;-0.51
8/12/11;-0.41
9/12/11;0.40
12/12/11;-0.55
13/12/11;-0.48
14/12/11;-0.56
15/12/11;-0.13
16/12/11;0.53
19/12/11;-0.08
20/12/11;1.06
21/12/11;-0.10
22/12/11;-0.09
23/12/11;0.54
27/12/11;0.32
28/12/11;-0.36
29/12/11;0.20
30/12/11;-0.20
3/1/12;0.02
4/1/12;-0.31
5/1/12;0.12
6/1/12;-0.01
9/1/12;0.05
10/1/12;0.08
11/1/12;-0.16
12/1/12;0.20
13/1/12;-0.05
17/1/12;0.57
18/1/12;0.27
19/1/12;-0.06
20/1/12;-0.63
23/1/12;0.16
24/1/12;0.01
25/1/12;0.23
26/1/12;-0.23
27/1/12;0.15
30/1/12;0.03
31/1/12;0.29
1/2/12;0.95
2/2/12;0.43
3/2/12;0.97
6/2/12;-0.13
7/2/12;0.11
8/2/12;-1.08
9/2/12;1.56
10/2/12;0.46
13/2/12;1.38
14/2/12;-0.22
15/2/12;-1.39
16/2/12;-0.06
17/2/12;-0.63
21/2/12;-0.08
22/2/12;0.91
23/2/12;0.88
24/2/12;-0.06
27/2/12;0.31
28/2/12;0.61
29/2/12;-0.10
1/3/12;0.79
2/3/12;0.54
5/3/12;-0.74
6/3/12;-1.27
7/3/12;0.75
8/3/12;1.29
9/3/12;0.95
12/3/12;0.70
13/3/12;1.37
14/3/12;-0.24
15/3/12;-0.52
16/3/12;-0.22
19/3/12;0.59
20/3/12;0.55
21/3/12;0.62
22/3/12;1.14
23/3/12;-0.24
26/3/12;0.74
27/3/12;-0.25
28/3/12;-0.69
29/3/12;0.12
30/3/12;-0.21
2/4/12;1.84
3/4/12;-0.03
4/4/12;-1.11
5/4/12;-0.61
9/4/12;-0.01
10/4/12;-2.21
11/4/12;1.02
12/4/12;0.20
13/4/12;0.19
16/4/12;-0.54
17/4/12;0.90
18/4/12;0.57
19/4/12;-1.48
20/4/12;0.16
23/4/12;-0.93
24/4/12;-0.26
25/4/12;3.20
26/4/12;0.54
27/4/12;-0.83
30/4/12;-0.25
1/5/12;1.86
2/5/12;1.60
3/5/12;-1.84
4/5/12;-1.58
7/5/12;0.65
8/5/12;-1.92
9/5/12;0.80
10/5/12;1.72
11/5/12;0.38
14/5/12;-0.60
15/5/12;1.02
16/5/12;-0.92
17/5/12;-4.50
18/5/12;-2.14
21/5/12;2.83
22/5/12;0.63
23/5/12;0.16
24/5/12;1.73
25/5/12;-0.77
29/5/12;0.31
30/5/12;-1.98
31/5/12;-0.47
1/6/12;-3.92
4/6/12;-0.41
5/6/12;1.28
6/6/12;1.73
7/6/12;-0.05
8/6/12;1.27
11/6/12;-1.50
12/6/12;0.94
13/6/12;-1.17
14/6/12;1.30
15/6/12;1.38
18/6/12;0.80
19/6/12;0.00
20/6/12;-0.51
21/6/12;-1.16
22/6/12;0.28
25/6/12;-0.42
26/6/12;1.17
27/6/12;0.21
28/6/12;-0.58
29/6/12;2.56
2/7/12;1.70
3/7/12;0.11
5/7/12;0.31
6/7/12;-0.34
9/7/12;0.11
10/7/12;-1.91
11/7/12;-0.96
12/7/12;0.48
13/7/12;1.69
16/7/12;-0.25
17/7/12;0.75
18/7/12;-0.27
19/7/12;-1.57
20/7/12;-0.31
23/7/12;0.17
24/7/12;-1.44
25/7/12;-1.90
26/7/12;7.01
27/7/12;3.38
30/7/12;-0.36
31/7/12;-1.07
1/8/12;-0.67
2/8/12;3.13
3/8/12;1.08
6/8/12;0.84
7/8/12;1.30
8/8/12;0.27
9/8/12;1.29
10/8/12;-0.33
13/8/12;0.00
14/8/12;-0.16
15/8/12;0.35
16/8/12;1.62
17/8/12;1.10
20/8/12;-1.32
21/8/12;-1.10
22/8/12;1.55
23/8/12;-0.91
24/8/12;1.03
27/8/12;-1.06
28/8/12;0.30
29/8/12;0.12
30/8/12;-0.85
31/8/12;0.32
4/9/12;0.41
5/9/12;0.25
6/9/12;1.62
7/9/12;-0.43
10/9/12;-1.55
11/9/12;0.23
12/9/12;2.41
13/9/12;1.36
14/9/12;1.55
17/9/12;-0.98
18/9/12;-0.74
19/9/12;1.20
20/9/12;1.45
21/9/12;1.33
24/9/12;-0.33
25/9/12;-1.79
26/9/12;-2.64
27/9/12;2.04
28/9/12;-0.87
1/10/12;-1.05
2/10/12;-0.43
3/10/12;4.75
4/10/12;0.05
5/10/12;0.37
8/10/12;-1.48
9/10/12;-2.09
10/10/12;0.34
11/10/12;1.00
12/10/12;-0.33
15/10/12;1.95
16/10/12;0.81
17/10/12;1.66
18/10/12;0.94
19/10/12;-1.14
22/10/12;-0.37
23/10/12;-0.97
24/10/12;-0.08
25/10/12;-1.85
26/10/12;2.70
31/10/12;0.71
1/11/12;1.39
2/11/12;-1.29
5/11/12;1.92
6/11/12;0.66
7/11/12;-1.30
8/11/12;-1.77
9/11/12;-1.56
12/11/12;-1.66
13/11/12;-0.34
14/11/12;-2.96
15/11/12;0.04
16/11/12;2.15
19/11/12;1.44
20/11/12;2.43
21/11/12;0.82
23/11/12;1.04
26/11/12;0.11
27/11/12;-0.11
28/11/12;0.52
29/11/12;-0.64
30/11/12;-0.39
3/12/12;-0.51
4/12/12;-0.47
5/12/12;-1.99
6/12/12;-0.17
7/12/12;0.54
10/12/12;0.01
11/12/12;0.42
12/12/12;1.18
13/12/12;0.32
14/12/12;0.36
17/12/12;2.20
18/12/12;1.06
19/12/12;-0.91
20/12/12;0.30
21/12/12;-1.16
24/12/12;-0.18
26/12/12;-0.88
27/12/12;1.04
28/12/12;-1.12
31/12/12;2.37
2/1/13;2.81
3/1/13;-0.84
4/1/13;0.80
7/1/13;-0.83
8/1/13;1.02
9/1/13;-0.86
10/1/13;0.81
11/1/13;-0.62
14/1/13;-0.68
15/1/13;0.65
16/1/13;-0.86
17/1/13;2.59
18/1/13;-1.35
22/1/13;0.55
23/1/13;1.88
24/1/13;0.88
25/1/13;1.66
28/1/13;-1.16
29/1/13;1.84
30/1/13;-0.40
31/1/13;0.78
1/2/13;0.60
4/2/13;-0.77
5/2/13;0.87
6/2/13;0.65
7/2/13;0.36
8/2/13;1.63
11/2/13;0.18
12/2/13;0.79
13/2/13;0.41
14/2/13;1.26
15/2/13;-0.17
19/2/13;0.30
20/2/13;-5.17
21/2/13;1.04
22/2/13;1.25
25/2/13;-3.35
26/2/13;2.68
27/2/13;2.02
28/2/13;-0.17
1/3/13;1.25
4/3/13;0.75
5/3/13;0.69
6/3/13;-0.04
7/3/13;0.27
8/3/13;0.86
11/3/13;-0.99
12/3/13;1.02
13/3/13;-1.04
14/3/13;0.90
15/3/13;-0.23
18/3/13;0.29
19/3/13;-0.27
20/3/13;1.80
21/3/13;-0.48
22/3/13;0.92
25/3/13;0.09
26/3/13;0.94
27/3/13;-0.05
28/3/13;1.00
1/4/13;-1.38
2/4/13;-0.78
3/4/13;-3.77
4/4/13;-0.12
5/4/13;-0.19
8/4/13;0.65
9/4/13;0.49
10/4/13;-1.52
11/4/13;0.95
12/4/13;-0.44
15/4/13;-0.23
16/4/13;1.55
17/4/13;-2.24
18/4/13;-0.41
19/4/13;1.19
22/4/13;1.06
23/4/13;5.94
24/4/13;0.04
25/4/13;-0.42
26/4/13;0.17
29/4/13;1.12
30/4/13;1.06
1/5/13;-1.28
2/5/13;1.38
3/5/13;0.08
6/5/13;0.63
7/5/13;-1.70
8/5/13;1.24
9/5/13;0.86
10/5/13;1.41
13/5/13;1.08
14/5/13;0.92
15/5/13;-0.05
16/5/13;-0.66
17/5/13;0.47
20/5/13;0.95
21/5/13;0.53
22/5/13;-2.11
23/5/13;-0.25
24/5/13;0.55
28/5/13;-0.66
29/5/13;0.04
30/5/13;2.59
31/5/13;-0.39
3/6/13;-1.18
4/6/13;-0.94
5/6/13;-2.18
6/6/13;1.48
7/6/13;0.92
10/6/13;1.28
11/6/13;-2.65
12/6/13;-2.63
13/6/13;1.60
14/6/13;-1.07
17/6/13;1.50
18/6/13;0.45
19/6/13;-0.91
20/6/13;-3.22
21/6/13;-1.31
24/6/13;-0.67
25/6/13;2.23
26/6/13;0.98
27/6/13;0.56
28/6/13;-0.57
1/7/13;1.15
2/7/13;0.08
3/7/13;-0.72
5/7/13;0.86
8/7/13;-0.44
9/7/13;-0.32
10/7/13;-0.53
11/7/13;0.43
12/7/13;0.56
15/7/13;0.34
16/7/13;0.61
17/7/13;-0.40
18/7/13;0.56
19/7/13;-0.17
22/7/13;0.15
23/7/13;-0.31
24/7/13;0.44
25/7/13;0.22
26/7/13;0.54
29/7/13;-0.26
30/7/13;0.64
31/7/13;0.63
1/8/13;0.36
2/8/13;-0.17
5/8/13;0.92
6/8/13;-0.81
7/8/13;-3.83
8/8/13;1.00
9/8/13;0.74
12/8/13;0.11
13/8/13;-0.29
14/8/13;-2.16
15/8/13;-2.92
16/8/13;1.14
19/8/13;-1.80
20/8/13;2.32
21/8/13;-0.59
22/8/13;2.75
23/8/13;0.74
26/8/13;0.45
27/8/13;-3.77
28/8/13;1.42
29/8/13;1.70
30/8/13;-1.04
3/9/13;1.40
4/9/13;1.02
5/9/13;1.13
6/9/13;-0.86
9/9/13;0.75
10/9/13;1.69
11/9/13;-0.10
12/9/13;-0.66
13/9/13;1.07
16/9/13;-0.11
17/9/13;0.64
18/9/13;0.64
19/9/13;0.03
20/9/13;-0.30
23/9/13;-0.65
24/9/13;0.58
25/9/13;-0.29
26/9/13;0.97
27/9/13;-0.25
30/9/13;-0.48
1/10/13;2.73
2/10/13;0.28
3/10/13;-0.72
4/10/13;1.39
7/10/13;-2.25
8/10/13;-3.55
9/10/13;-0.50
10/10/13;4.12
11/10/13;-1.46
14/10/13;2.53
15/10/13;-0.33
16/10/13;1.03
17/10/13;1.17
18/10/13;0.47
21/10/13;1.84
22/10/13;-1.60
23/10/13;-0.09
24/10/13;0.49
25/10/13;0.07
28/10/13;-0.80
29/10/13;3.24
30/10/13;-1.39
31/10/13;1.06
1/11/13;0.81
4/11/13;1.42
5/11/13;0.78
6/11/13;-1.89
7/11/13;-1.52
8/11/13;2.08
11/11/13;1.37
12/11/13;0.71
13/11/13;0.41
14/11/13;0.42
15/11/13;0.58
18/11/13;-1.11
19/11/13;-3.00
20/11/13;-0.43
21/11/13;0.65
22/11/13;0.92
25/11/13;0.05
26/11/13;0.32
27/11/13;1.13
29/11/13;0.44
2/12/13;0.38
3/12/13;0.15
4/12/13;-0.09
5/12/13;-0.60
6/12/13;-0.22
9/12/13;0.83
10/12/13;0.64
11/12/13;-2.43
12/12/13;0.98
13/12/13;0.26
16/12/13;0.06
17/12/13;0.04
18/12/13;-0.50
19/12/13;0.26
20/12/13;-0.57
23/12/13;0.11
24/12/13;0.03
26/12/13;0.35
27/12/13;-1.94
30/12/13;-0.10
31/12/13;0.34
2/1/14;0.11
3/1/14;-1.18
6/1/14;-0.14
7/1/14;1.31
8/1/14;2.42
9/1/14;-2.17
10/1/14;1.03
13/1/14;-3.18
14/1/14;4.08
15/1/14;-0.02
16/1/14;-4.09
17/1/14;-2.60
21/1/14;2.71
22/1/14;1.31
23/1/14;-1.08
24/1/14;-3.08
27/1/14;-1.51
28/1/14;2.61
29/1/14;-2.36
30/1/14;4.23
31/1/14;-0.13
3/2/14;-1.34
4/2/14;0.86
5/2/14;-0.55
6/2/14;1.17
7/2/14;3.49
10/2/14;1.66
11/2/14;0.33
12/2/14;-0.52
13/2/14;2.08
14/2/14;-0.07
18/2/14;1.55
19/2/14;-1.16
20/2/14;2.80
21/2/14;-0.69
24/2/14;2.14
25/2/14;2.73
26/2/14;-0.10
27/2/14;0.10
28/2/14;-1.71
3/3/14;0.72
4/3/14;2.22
5/3/14;0.16
6/3/14;-1.39
7/3/14;-1.54
10/3/14;-0.24
11/3/14;-0.96
12/3/14;1.38
13/3/14;-2.41
14/3/14;-0.36
17/3/14;0.04
18/3/14;1.62
19/3/14;-1.20
20/3/14;-0.50
21/3/14;-2.44
24/3/14;-1.84
25/3/14;-0.02
26/3/14;-3.64
27/3/14;-0.64
28/3/14;-0.03
31/3/14;1.89
1/4/14;1.98
2/4/14;0.63
3/4/14;-1.66
4/4/14;-3.63
7/4/14;-2.76
8/4/14;-0.23
9/4/14;3.22
10/4/14;-3.63
11/4/14;-2.00
14/4/14;0.06
15/4/14;1.18
16/4/14;2.89
17/4/14;1.39
21/4/14;1.82
22/4/14;2.32
23/4/14;0.89
24/4/14;0.60
25/4/14;-2.21
28/4/14;-1.56
29/4/14;1.63
30/4/14;3.09
1/5/14;0.89
2/5/14;-0.28
5/5/14;0.93
6/5/14;-1.23
7/5/14;-0.34
8/5/14;-0.53
9/5/14;-0.23
12/5/14;1.92
13/5/14;0.50
14/5/14;-1.07
15/5/14;-1.39
16/5/14;0.27
19/5/14;1.28
20/5/14;-0.66
21/5/14;1.36
22/5/14;0.62
23/5/14;0.94
27/5/14;1.11
28/5/14;-0.29
29/5/14;0.43
30/5/14;0.44
2/6/14;0.77
3/6/14;0.38
4/6/14;0.67
5/6/14;-0.03
6/6/14;1.32
9/6/14;-0.36
10/6/14;0.86
11/6/14;1.07
12/6/14;-1.88
13/6/14;0.41
16/6/14;0.23
17/6/14;1.11
18/6/14;0.19
19/6/14;-0.26
20/6/14;0.41
23/6/14;-0.91
24/6/14;0.67
25/6/14;0.62
26/6/14;-0.38
27/6/14;-0.24
30/6/14;1.65
1/7/14;1.32
2/7/14;-0.40
3/7/14;-0.01
7/7/14;-2.47
8/7/14;-1.48
9/7/14;0.24
10/7/14;-0.55
11/7/14;0.23
14/7/14;0.87
15/7/14;-0.97
16/7/14;1.11
17/7/14;-2.54
18/7/14;1.30
21/7/14;0.75
22/7/14;0.74
23/7/14;0.76
24/7/14;-1.01
25/7/14;-0.05
28/7/14;-1.51
29/7/14;0.26
30/7/14;0.08
31/7/14;-4.52
1/8/14;0.19
4/8/14;0.14
5/8/14;-1.18
6/8/14;0.17
7/8/14;-1.76
8/8/14;0.97
11/8/14;0.33
12/8/14;-0.04
13/8/14;0.43
14/8/14;0.21
15/8/14;0.71
18/8/14;-0.02
19/8/14;1.09
20/8/14;0.51
21/8/14;-0.25
22/8/14;2.88
25/8/14;-0.15
26/8/14;0.37
27/8/14;-0.26
28/8/14;0.07
29/8/14;0.27
2/9/14;1.50
3/9/14;-0.20
4/9/14;-0.00
5/9/14;0.11
8/9/14;0.18
9/9/14;-0.95
10/9/14;1.09
11/9/14;0.12
12/9/14;-0.68
15/9/14;-2.12
16/9/14;1.62
17/9/14;0.48
18/9/14;0.82
19/9/14;-1.32
22/9/14;-1.63
23/9/14;0.04
24/9/14;1.30
25/9/14;-1.78
26/9/14;0.86
29/9/14;-0.03
30/9/14;-0.48
1/10/14;-0.67
2/10/14;-0.07
3/10/14;1.10
6/10/14;-0.18
7/10/14;0.18
8/10/14;1.24
9/10/14;-1.09
10/10/14;-1.93
13/10/14;-1.60
14/10/14;0.66
15/10/14;-0.14
16/10/14;0.40
17/10/14;0.60
20/10/14;0.74
21/10/14;1.75
22/10/14;-0.82
23/10/14;-0.00
24/10/14;0.40
27/10/14;-0.26
28/10/14;0.89
29/10/14;0.38
30/10/14;0.01
31/10/14;0.79
3/11/14;0.39
4/11/14;0.19
5/11/14;0.02
6/11/14;0.95
7/11/14;-0.80
10/11/14;0.96
11/11/14;-0.01
12/11/14;-0.46
13/11/14;-0.62
14/11/14;0.48
17/11/14;1.29
18/11/14;1.54
19/11/14;-0.99
20/11/14;-1.52
21/11/14;-0.49
24/11/14;1.16
25/11/14;0.47
26/11/14;0.63
28/11/14;0.26
1/12/14;-1.69
2/12/14;0.77
3/12/14;1.55
4/12/14;1.46
5/12/14;0.08
8/12/14;-0.90
9/12/14;0.55
10/12/14;-1.76
11/12/14;0.63
12/12/14;-1.22
15/12/14;-0.35
16/12/14;-0.86
17/12/14;1.67
18/12/14;1.94
19/12/14;-0.02
22/12/14;0.30
23/12/14;-0.73
24/12/14;0.24
26/12/14;0.41
29/12/14;-0.07
30/12/14;-0.38
31/12/14;-0.78
2/1/15;0.45
5/1/15;-0.72
6/1/15;-1.12
7/1/15;1.80
8/1/15;1.72
9/1/15;-0.41
12/1/15;-0.53
13/1/15;-0.48
14/1/15;-0.22
15/1/15;-1.20
16/1/15;1.65
20/1/15;0.20
21/1/15;0.25
22/1/15;1.00
23/1/15;0.25
26/1/15;-0.05
27/1/15;-0.79
28/1/15;1.52
29/1/15;-0.08
30/1/15;-1.71
2/2/15;0.15
3/2/15;-0.21
4/2/15;0.87
5/2/15;1.20
6/2/15;-0.84
9/2/15;-1.04
10/2/15;1.06
11/2/15;0.05
12/2/15;0.31
13/2/15;0.18
17/2/15;0.18
18/2/15;0.73
19/2/15;0.19
20/2/15;0.75
23/2/15;-0.11
24/2/15;0.28
25/2/15;-0.15
26/2/15;0.31
27/2/15;1.24
2/3/15;0.76
3/3/15;-0.60
4/3/15;0.29
5/3/15;0.33
6/3/15;-1.62
9/3/15;0.09
10/3/15;-1.35
11/3/15;0.34
12/3/15;0.98
13/3/15;-0.63
16/3/15;1.78
17/3/15;-0.73
18/3/15;0.66
19/3/15;0.85
20/3/15;0.58
23/3/15;-0.11
24/3/15;-0.01
25/3/15;-2.95
26/3/15;-0.09
27/3/15;2.07
30/3/15;1.30
31/3/15;-1.17
1/4/15;-1.39
2/4/15;-0.15
6/4/15;0.13
7/4/15;0.19
8/4/15;0.93
9/4/15;-0.28
10/4/15;0.60
13/4/15;-1.05
14/4/15;-0.91
15/4/15;0.43
16/4/15;-0.13
17/4/15;-1.27
20/4/15;1.29
21/4/15;1.03
22/4/15;0.71
23/4/15;-0.22
24/4/15;-0.90
27/4/15;-0.74
28/4/15;-1.17
29/4/15;-0.37
30/4/15;-0.93
1/5/15;1.66
4/5/15;0.06
5/5/15;-0.48
6/5/15;0.80
7/5/15;-0.18
8/5/15;-1.13
11/5/15;0.89
12/5/15;-0.61
13/5/15;-0.91
14/5/15;1.17
15/5/15;-0.10
18/5/15;0.06
19/5/15;-0.34
20/5/15;-0.26
21/5/15;0.21
22/5/15;-0.41
26/5/15;-0.72
27/5/15;1.32
28/5/15;-0.40
29/5/15;-0.78
1/6/15;-0.19
2/6/15;-0.73
3/6/15;-0.92
4/6/15;-0.83
5/6/15;0.64
8/6/15;-2.47
9/6/15;0.26
10/6/15;1.66
11/6/15;-0.21
12/6/15;-0.55
15/6/15;-0.68
16/6/15;-0.15
17/6/15;0.51
18/6/15;1.58
19/6/15;0.48
22/6/15;-0.68
23/6/15;-0.55
24/6/15;-0.66
25/6/15;1.20
26/6/15;-1.47
29/6/15;-2.58
30/6/15;0.56
1/7/15;1.16
2/7/15;0.02
6/7/15;-0.18
7/7/15;0.07
8/7/15;-0.97
9/7/15;0.98
10/7/15;1.12
13/7/15;0.73
14/7/15;-0.26
15/7/15;-0.24
16/7/15;1.98
17/7/15;0.03
20/7/15;-0.06
21/7/15;-0.15
22/7/15;-0.68
23/7/15;0.01
24/7/15;-0.87
27/7/15;-0.92
28/7/15;0.38
29/7/15;0.09
30/7/15;0.53
31/7/15;-0.00
3/8/15;-0.34
4/8/15;0.82
5/8/15;1.49
6/8/15;-0.77
7/8/15;-0.34
10/8/15;-0.14
11/8/15;-0.13
12/8/15;-0.33
13/8/15;0.76
14/8/15;-0.07
17/8/15;0.56
18/8/15;-0.11
19/8/15;-1.10
20/8/15;-2.62
21/8/15;-2.36
24/8/15;-2.13
25/8/15;0.45
26/8/15;2.80
27/8/15;1.51
28/8/15;0.24
31/8/15;-1.02
1/9/15;-1.98
2/9/15;0.93
3/9/15;-0.43
4/9/15;-0.68
8/9/15;0.51
9/9/15;0.38
10/9/15;0.23
11/9/15;0.06
14/9/15;-0.19
15/9/15;0.56
16/9/15;0.84
17/9/15;0.19
18/9/15;-0.75
21/9/15;0.10
22/9/15;-1.00
23/9/15;-0.75
24/9/15;0.32
25/9/15;-0.40
28/9/15;-1.70
29/9/15;-0.72
30/9/15;1.55
1/10/15;0.00
2/10/15;0.16
5/10/15;0.24
6/10/15;-0.17
7/10/15;0.09
8/10/15;-0.02
9/10/15;0.09
12/10/15;0.33
13/10/15;0.04
14/10/15;0.13
15/10/15;0.27
16/10/15;0.14
19/10/15;-0.01
20/10/15;-0.09
21/10/15;-0.05
22/10/15;0.29
23/10/15;0.31
26/10/15;0.01
27/10/15;0.11
28/10/15;0.16
29/10/15;-0.00
30/10/15;-0.27
2/11/15;-0.21
3/11/15;1.09
4/11/15;1.52
5/11/15;0.77
6/11/15;-1.96
9/11/15;-2.02
10/11/15;0.43
11/11/15;1.00
12/11/15;-0.85
13/11/15;-2.46
16/11/15;1.57
17/11/15;1.22
18/11/15;2.43
19/11/15;0.15
20/11/15;0.79
23/11/15;0.12
24/11/15;-1.43
25/11/15;0.75
27/11/15;0.10
30/11/15;-0.33
1/12/15;1.56
2/12/15;0.10
3/12/15;-0.97
4/12/15;1.91
7/12/15;-1.14
8/12/15;0.86
9/12/15;-1.42
10/12/15;0.00
11/12/15;-2.15
14/12/15;1.21
15/12/15;0.42
16/12/15;1.17
17/12/15;-1.17
18/12/15;-1.47
21/12/15;0.33
22/12/15;-0.03
23/12/15;0.21
24/12/15;-0.04
28/12/15;0.23
29/12/15;1.16
30/12/15;-0.77
31/12/15;-1.11
4/1/16;-2.49
5/1/16;-0.14
6/1/16;-0.60
7/1/16;-1.29
8/1/16;-0.77
11/1/16;0.36
12/1/16;0.82
13/1/16;-2.25
14/1/16;0.19
15/1/16;-1.67
19/1/16;0.39
20/1/16;-0.39
21/1/16;-0.06
22/1/16;1.48
25/1/16;-0.54
26/1/16;0.62
27/1/16;-0.95
28/1/16;1.31
29/1/16;-0.04
1/2/16;-0.30
2/2/16;0.00
3/2/16;0.00
4/2/16;0.00
5/2/16;0.00
8/2/16;0.00
9/2/16;0.00
10/2/16;0.00
11/2/16;0.00
12/2/16;0.00
16/2/16;0.00
17/2/16;0.00
18/2/16;0.00
19/2/16;0.00
22/2/16;0.00
23/2/16;0.00
24/2/16;0.00
25/2/16;0.00
26/2/16;0.00
29/2/16;0.00
1/3/16;0.00
2/3/16;0.00
3/3/16;0.00
4/3/16;0.00
7/3/16;0.00
8/3/16;0.00
9/3/16;0.00
10/3/16;0.00
11/3/16;0.00
14/3/16;0.00
15/3/16;0.00
16/3/16;0.00
17/3/16;0.00
18/3/16;0.00
21/3/16;0.00
22/3/16;0.00
23/3/16;0.00
24/3/16;0.00
28/3/16;0.00
29/3/16;0.00
30/3/16;0.00
31/3/16;0.00
1/4/16;1.64
4/4/16;-0.71
5/4/16;-0.85
6/4/16;0.13
7/4/16;-0.69
8/4/16;0.61
11/4/16;0.63
12/4/16;1.01
13/4/16;0.64
14/4/16;-0.27
15/4/16;0.35
18/4/16;0.37
19/4/16;-0.86
20/4/16;-0.60
21/4/16;-1.80
22/4/16;0.45
25/4/16;-0.06
26/4/16;0.09
27/4/16;0.51
28/4/16;-1.08
29/4/16;-1.04
2/5/16;0.16
3/5/16;-0.67
4/5/16;-1.16
5/5/16;0.34
6/5/16;1.11
9/5/16;-0.69
10/5/16;1.09
11/5/16;0.02
12/5/16;-0.40
13/5/16;2.42
16/5/16;1.13
17/5/16;-0.74
18/5/16;-0.74
19/5/16;-0.06
20/5/16;0.27
23/5/16;0.26
24/5/16;-0.24
25/5/16;-0.10
26/5/16;0.25
27/5/16;-0.03
31/5/16;0.04
1/6/16;0.80
2/6/16;-0.07
3/6/16;0.05
6/6/16;-0.90
7/6/16;0.19
8/6/16;-0.11
9/6/16;1.32
10/6/16;-1.04
13/6/16;-0.08
14/6/16;0.34
15/6/16;0.11
16/6/16;0.85
17/6/16;-1.05
20/6/16;0.68
21/6/16;0.31
22/6/16;-0.17
23/6/16;1.61
24/6/16;-1.89
27/6/16;0.15
28/6/16;0.67
29/6/16;0.99
30/6/16;1.68
1/7/16;-0.14
5/7/16;0.63
6/7/16;0.62
7/7/16;-0.55
8/7/16;1.36
11/7/16;0.30
12/7/16;-0.09
13/7/16;0.14
14/7/16;0.11
15/7/16;-0.26
18/7/16;-0.03
19/7/16;0.14
20/7/16;-0.81
21/7/16;-0.75
22/7/16;1.71
25/7/16;-0.33
26/7/16;0.66
27/7/16;-0.34
28/7/16;0.68
29/7/16;0.78
1/8/16;-0.93
2/8/16;-0.08
3/8/16;-0.35
4/8/16;0.59
5/8/16;0.22
8/8/16;0.49
9/8/16;0.07
10/8/16;0.10
11/8/16;0.77
12/8/16;1.24
15/8/16;0.30
16/8/16;-0.85
17/8/16;-0.88
18/8/16;1.47
19/8/16;-0.28
22/8/16;-0.51
23/8/16;0.53
24/8/16;-3.37
25/8/16;-0.06
26/8/16;-1.27
29/8/16;0.78
30/8/16;-2.58
31/8/16;-0.55
1/9/16;1.51
2/9/16;-0.00
6/9/16;1.54
7/9/16;-0.29
8/9/16;1.75
9/9/16;-4.25
12/9/16;2.98
13/9/16;-2.06
14/9/16;0.21
15/9/16;2.05
16/9/16;-0.63
19/9/16;2.19
20/9/16;-0.42
21/9/16;2.53
22/9/16;0.08
23/9/16;-1.60
26/9/16;-1.05
27/9/16;0.91
28/9/16;1.32
29/9/16;-0.24
30/9/16;1.49
3/10/16;-0.26
4/10/16;-2.03
5/10/16;0.26
6/10/16;-0.03
7/10/16;-0.63
10/10/16;0.89
11/10/16;-1.54
12/10/16;1.07
13/10/16;-0.81
14/10/16;0.19
17/10/16;-0.20
18/10/16;1.53
19/10/16;0.63
20/10/16;0.56
21/10/16;-0.48
24/10/16;1.62
25/10/16;0.42
26/10/16;-0.31
27/10/16;-1.29
28/10/16;-0.16
31/10/16;0.65
1/11/16;-1.10
2/11/16;-1.18
3/11/16;-0.12
4/11/16;-1.19
7/11/16;2.84
8/11/16;-0.18
9/11/16;0.01
10/11/16;-4.47
11/11/16;8.84
14/11/16;-2.76
15/11/16;2.75
16/11/16;2.54
17/11/16;0.69
18/11/16;-0.07
21/11/16;0.97
22/11/16;0.62
23/11/16;-0.66
25/11/16;-0.07
28/11/16;0.81
29/11/16;-0.30
30/11/16;-1.33
1/12/16;-4.22
2/12/16;1.89
5/12/16;2.96
6/12/16;0.78
7/12/16;0.86
8/12/16;-0.07
9/12/16;-0.64
12/12/16;-2.16
13/12/16;0.51
14/12/16;0.96
15/12/16;1.25
16/12/16;0.13
19/12/16;0.34
20/12/16;2.15
21/12/16;0.38
22/12/16;0.06
23/12/16;1.37
27/12/16;3.30
28/12/16;-4.29
29/12/16;0.55
30/12/16;-2.62
3/1/17;-0.98
4/1/17;1.22
5/1/17;-1.76
6/1/17;0.66
9/1/17;1.61
10/1/17;0.40
11/1/17;-0.28
12/1/17;-1.42
13/1/17;0.46
17/1/17;-3.71
18/1/17;2.12
19/1/17;0.12
20/1/17;0.43
23/1/17;0.22
24/1/17;2.38
25/1/17;1.94
26/1/17;0.79
27/1/17;0.67
30/1/17;-0.86
31/1/17;-0.61
1/2/17;1.37
2/2/17;-0.48
3/2/17;0.68
6/2/17;-0.77
7/2/17;0.68
8/2/17;-1.03
9/2/17;0.70
10/2/17;-0.20
13/2/17;0.85
14/2/17;-0.92
15/2/17;-0.26
16/2/17;-0.34
17/2/17;-0.05
21/2/17;1.06
22/2/17;-0.49
23/2/17;-1.45
24/2/17;0.70
27/2/17;1.46
28/2/17;0.04
1/3/17;2.84
2/3/17;-1.46
3/3/17;1.34
6/3/17;0.04
7/3/17;-0.92
8/3/17;-1.24
9/3/17;-1.66
10/3/17;0.69
13/3/17;1.02
14/3/17;-0.87
15/3/17;1.52
16/3/17;-0.20
17/3/17;-0.71
20/3/17;-0.13
21/3/17;-3.22
22/3/17;1.49
23/3/17;0.62
24/3/17;2.21
27/3/17;0.01
28/3/17;1.55
29/3/17;0.23
30/3/17;1.60
31/3/17;-0.98
3/4/17;-0.52
4/4/17;-1.04
5/4/17;-0.91
6/4/17;0.98
7/4/17;-0.37
10/4/17;-0.70
11/4/17;-0.50
12/4/17;-1.52
13/4/17;-0.69
17/4/17;1.69
18/4/17;-0.39
19/4/17;0.22
20/4/17;1.10
21/4/17;-0.45
24/4/17;0.34
25/4/17;1.05
26/4/17;-0.35
27/4/17;0.35
28/4/17;-0.51
1/5/17;0.67
2/5/17;-0.92
3/5/17;0.31
4/5/17;-0.13
5/5/17;1.03
8/5/17;-0.71
9/5/17;0.41
10/5/17;3.28
11/5/17;0.73
12/5/17;0.13
15/5/17;0.60
16/5/17;0.42
17/5/17;-4.13
18/5/17;1.59
19/5/17;0.81
22/5/17;1.29
23/5/17;0.12
24/5/17;1.18
25/5/17;0.88
26/5/17;0.91
30/5/17;1.36
31/5/17;-0.21
1/6/17;0.08
2/6/17;0.14
5/6/17;0.44
6/6/17;0.46
7/6/17;1.09
8/6/17;2.06
9/6/17;-4.07
12/6/17;0.76
13/6/17;1.86
14/6/17;-0.61
15/6/17;-0.52
16/6/17;-0.92
19/6/17;1.97
20/6/17;-0.55
21/6/17;1.73
22/6/17;0.05
23/6/17;-0.15
26/6/17;0.02
27/6/17;-2.00
28/6/17;2.14
29/6/17;-2.16
30/6/17;-1.54
3/7/17;-1.87
5/7/17;-0.05
6/7/17;-1.53
7/7/17;1.22
10/7/17;1.63
11/7/17;1.39
12/7/17;1.73
13/7/17;-0.82
14/7/17;1.28
17/7/17;-1.13
18/7/17;1.80
19/7/17;2.70
20/7/17;0.07
21/7/17;0.88
24/7/17;0.75
25/7/17;-0.16
26/7/17;1.48
27/7/17;-3.21
28/7/17;0.17
31/7/17;-1.44
1/8/17;0.77
2/8/17;0.25
3/8/17;-0.16
4/8/17;0.83
7/8/17;2.10
8/8/17;-0.65
9/8/17;0.32
10/8/17;-2.85
11/8/17;-0.25
14/8/17;1.75
15/8/17;-0.11
16/8/17;-0.46
17/8/17;-3.49
18/8/17;-0.14
21/8/17;0.19
22/8/17;2.47
23/8/17;0.20
24/8/17;0.30
25/8/17;-1.95
28/8/17;0.24
29/8/17;0.22
30/8/17;1.17
31/8/17;1.38
1/9/17;0.23
5/9/17;-0.94
6/9/17;-0.77
7/9/17;0.88
8/9/17;-0.61
11/9/17;1.45
12/9/17;0.06
13/9/17;-0.06
14/9/17;-0.09
15/9/17;1.22
18/9/17;1.58
19/9/17;-0.22
20/9/17;-0.27
21/9/17;-1.05
22/9/17;-0.78
25/9/17;-1.76
26/9/17;0.25
27/9/17;0.65
28/9/17;-0.14
29/9/17;1.13
2/10/17;0.23
3/10/17;0.08
4/10/17;0.11
5/10/17;-0.30
6/10/17;0.66
9/10/17;0.89
10/10/17;0.42
11/10/17;0.62
12/10/17;0.19
13/10/17;0.89
16/10/17;1.30
17/10/17;-0.02
18/10/17;0.46
19/10/17;0.10
20/10/17;0.62
23/10/17;-0.53
24/10/17;0.50
25/10/17;-1.80
26/10/17;0.27
27/10/17;5.55
30/10/17;-0.18
31/10/17;0.52
1/11/17;-0.61
2/11/17;0.94
3/11/17;1.07
6/11/17;0.14
7/11/17;0.96
8/11/17;-0.19
9/11/17;-1.74
10/11/17;2.62
13/11/17;0.49
14/11/17;0.10
15/11/17;-0.76
16/11/17;1.72
17/11/17;-0.68
20/11/17;1.62
21/11/17;1.72
22/11/17;-1.02
24/11/17;0.58
27/11/17;-1.91
28/11/17;-0.12
29/11/17;-6.79
30/11/17;-0.57
1/12/17;-1.27
4/12/17;-2.08
5/12/17;0.77
6/12/17;0.16
7/12/17;1.31
8/12/17;0.87
11/12/17;0.38
12/12/17;-1.19
13/12/17;-0.79
14/12/17;0.15
15/12/17;0.74
18/12/17;1.99
19/12/17;-0.41
20/12/17;0.72
21/12/17;-0.27
22/12/17;-0.08
26/12/17;-0.12
27/12/17;-0.35
28/12/17;0.00
29/12/17;-0.76
2/1/18;1.40
3/1/18;2.15
4/1/18;0.00
5/1/18;1.29
8/1/18;1.30
9/1/18;0.01
10/1/18;0.16
11/1/18;0.81
12/1/18;0.69
16/1/18;-1.06
17/1/18;1.75
18/1/18;-0.63
19/1/18;0.93
22/1/18;0.40
23/1/18;0.89
24/1/18;-0.36
25/1/18;0.70
26/1/18;1.15
29/1/18;-0.40
30/1/18;-1.06
31/1/18;1.20
1/2/18;-2.11
2/2/18;-1.12
5/2/18;-3.46
6/2/18;1.72
7/2/18;0.26
8/2/18;-4.21
9/2/18;2.16
12/2/18;0.47
13/2/18;0.47
14/2/18;1.39
15/2/18;1.42
16/2/18;-0.54
20/2/18;0.59
21/2/18;-0.78
22/2/18;0.50
23/2/18;0.95
26/2/18;0.60
27/2/18;-0.49
28/2/18;-0.61
1/3/18;-1.76
2/3/18;1.17
5/3/18;0.97
6/3/18;0.50
7/3/18;-0.32
8/3/18;-0.64
9/3/18;1.36
12/3/18;-0.66
13/3/18;-0.37
14/3/18;-0.57
15/3/18;-0.22
16/3/18;0.25
19/3/18;-0.30
20/3/18;0.98
21/3/18;-0.04
22/3/18;-2.04
23/3/18;-1.08
26/3/18;2.47
27/3/18;-2.31
28/3/18;-0.63
29/3/18;1.50
2/4/18;-1.84
3/4/18;0.93
4/4/18;1.11
5/4/18;-0.22
6/4/18;-1.43
9/4/18;-0.21
10/4/18;1.54
11/4/18;-0.43
12/4/18;0.95
13/4/18;-0.32
16/4/18;0.15
17/4/18;1.16
18/4/18;0.27
19/4/18;-0.56
20/4/18;-1.04
23/4/18;-0.75
24/4/18;-1.07
25/4/18;0.10
26/4/18;1.09
27/4/18;-0.07
30/4/18;-0.68
1/5/18;-0.34
2/5/18;-0.09
3/5/18;-0.95
4/5/18;1.00
7/5/18;0.52
8/5/18;0.39
9/5/18;0.96
10/5/18;0.41
11/5/18;-0.39
14/5/18;0.10
15/5/18;0.61
16/5/18;0.98
17/5/18;0.04
18/5/18;-0.78
21/5/18;1.02
22/5/18;-0.28
23/5/18;0.79
24/5/18;0.59
25/5/18;-0.21
29/5/18;-1.02
30/5/18;-0.56
31/5/18;-1.07
1/6/18;3.94
4/6/18;-8.99
5/6/18;1.42
6/6/18;0.79
7/6/18;-2.82
8/6/18;0.56
11/6/18;1.02
12/6/18;0.07
13/6/18;0.85
14/6/18;2.08
15/6/18;-0.80
18/6/18;0.29
19/6/18;0.23
20/6/18;1.78
21/6/18;-1.78
22/6/18;0.26
25/6/18;-4.35
26/6/18;1.30
27/6/18;-1.38
28/6/18;0.72
29/6/18;0.15
2/7/18;-0.33
3/7/18;-0.86
5/7/18;0.28
6/7/18;1.02
9/7/18;1.00
10/7/18;-0.05
11/7/18;-1.00
12/7/18;0.42
13/7/18;-0.63
16/7/18;-0.22
17/7/18;-0.59
18/7/18;0.08
19/7/18;-0.83
20/7/18;-0.35
23/7/18;0.34
24/7/18;-1.05
25/7/18;0.86
26/7/18;-2.11
27/7/18;-1.43
30/7/18;-1.74
31/7/18;0.32
1/8/18;0.09
2/8/18;-2.64
3/8/18;0.23
6/8/18;1.80
7/8/18;0.78
8/8/18;0.59
9/8/18;-0.80
10/8/18;-0.28
13/8/18;0.13
14/8/18;1.59
15/8/18;-1.32
16/8/18;-0.76
17/8/18;0.91
20/8/18;1.61
21/8/18;0.60
22/8/18;0.56
23/8/18;1.72
24/8/18;2.05
27/8/18;1.41
28/8/18;-0.18
29/8/18;0.75
30/8/18;-0.65
31/8/18;0.36
4/9/18;3.77
5/9/18;-2.56
6/9/18;-1.02
7/9/18;-0.93
10/9/18;3.00
11/9/18;1.33
12/9/18;2.30
13/9/18;-1.42
14/9/18;1.73
17/9/18;-2.54
18/9/18;0.92
19/9/18;-2.24
20/9/18;0.52
21/9/18;0.25
24/9/18;4.62
25/9/18;1.00
26/9/18;0.27
27/9/18;-0.15
28/9/18;-1.62
1/10/18;-0.06
2/10/18;-1.37
3/10/18;-0.27
4/10/18;-2.02
5/10/18;-1.16
8/10/18;-0.91
9/10/18;-0.00
10/10/18;-3.68
11/10/18;-0.68
12/10/18;2.70
15/10/18;-1.18
16/10/18;2.24
17/10/18;0.03
18/10/18;-1.15
19/10/18;-1.82
22/10/18;0.27
23/10/18;-0.03
24/10/18;-3.82
25/10/18;-1.80
26/10/18;-0.67
29/10/18;-1.51
30/10/18;1.14
31/10/18;0.74
1/11/18;2.49
2/11/18;0.39
5/11/18;0.15
6/11/18;0.33
7/11/18;0.52
8/11/18;1.86
9/11/18;-0.68
12/11/18;-0.57
13/11/18;1.48
14/11/18;-1.07
15/11/18;0.18
16/11/18;-0.33
19/11/18;-1.63
20/11/18;-0.99
21/11/18;0.94
23/11/18;0.07
26/11/18;1.16
27/11/18;0.10
28/11/18;1.79
29/11/18;0.10
30/11/18;0.66
3/12/18;1.02
4/12/18;-0.68
6/12/18;-0.02
7/12/18;-0.96
10/12/18;-0.02
11/12/18;0.09
12/12/18;0.28
13/12/18;-0.17
14/12/18;-0.52
17/12/18;-0.87
18/12/18;0.18
19/12/18;-0.62
20/12/18;-0.46
21/12/18;-0.47
24/12/18;-0.44
26/12/18;0.90
27/12/18;0.03
28/12/18;0.01
31/12/18;0.28
2/1/19;-0.25
3/1/19;-0.31
4/1/19;0.28
7/1/19;0.17
8/1/19;0.17
9/1/19;0.13
10/1/19;0.00
11/1/19;-0.03
14/1/19;-0.23
15/1/19;0.40
16/1/19;-0.11
17/1/19;0.24
18/1/19;-0.23
22/1/19;-0.08
23/1/19;0.25
24/1/19;-0.25
25/1/19;-0.06
28/1/19;-0.09
29/1/19;0.03
30/1/19;0.27
31/1/19;0.30
1/2/19;0.06
4/2/19;-0.23
5/2/19;-0.17
6/2/19;0.06
7/2/19;0.51
8/2/19;0.30
11/2/19;0.28
12/2/19;0.48
13/2/19;-0.05
14/2/19;0.19
15/2/19;0.21
19/2/19;-0.21
20/2/19;0.11
21/2/19;-0.01
22/2/19;0.46
25/2/19;0.09
26/2/19;-0.02
27/2/19;-0.14
28/2/19;0.28
1/3/19;-0.76
4/3/19;-2.64
5/3/19;0.36
6/3/19;-1.25
7/3/19;-0.83
8/3/19;-0.84
11/3/19;2.41
12/3/19;0.62
13/3/19;0.01
14/3/19;-0.02
15/3/19;0.52
18/3/19;0.45
19/3/19;3.18
20/3/19;-0.16
21/3/19;3.58
22/3/19;-3.45
25/3/19;-0.81
26/3/19;0.45
27/3/19;-1.80
28/3/19;0.80
29/3/19;1.16
1/4/19;1.20
2/4/19;0.10
3/4/19;1.69
4/4/19;-0.46
5/4/19;0.43
8/4/19;0.16
9/4/19;-1.49
10/4/19;1.77
11/4/19;-0.49
12/4/19;0.41
15/4/19;-0.04
16/4/19;-0.04
17/4/19;-1.00
18/4/19;-0.02
22/4/19;0.12
23/4/19;0.84
24/4/19;0.35
25/4/19;-4.96
26/4/19;0.53
29/4/19;-0.44
30/4/19;0.44
1/5/19;-2.04
2/5/19;1.65
3/5/19;4.54
6/5/19;-0.93
7/5/19;-2.16
8/5/19;0.03
9/5/19;0.64
10/5/19;2.08
13/5/19;-3.61
14/5/19;2.35
15/5/19;0.82
16/5/19;0.55
17/5/19;-1.51
20/5/19;-2.08
21/5/19;1.71
22/5/19;-0.20
23/5/19;-1.38
24/5/19;0.94
28/5/19;2.54
29/5/19;-2.48
30/5/19;1.01
31/5/19;-1.48
3/6/19;-0.10
4/6/19;1.24
5/6/19;1.01
6/6/19;1.92
7/6/19;1.37
10/6/19;0.93
11/6/19;-0.63
12/6/19;0.42
13/6/19;-0.49
14/6/19;-0.67
17/6/19;-0.55
18/6/19;1.03
19/6/19;0.61
20/6/19;0.01
21/6/19;-0.89
24/6/19;-0.47
25/6/19;-0.26
26/6/19;0.23
27/6/19;0.48
28/6/19;0.26
1/7/19;0.55
2/7/19;0.21
3/7/19;0.82
5/7/19;0.18
8/7/19;-0.41
9/7/19;0.46
10/7/19;-0.15
11/7/19;0.38
12/7/19;0.65
15/7/19;0.28
16/7/19;-0.40
17/7/19;-0.42
18/7/19;1.82
19/7/19;-1.31
22/7/19;0.61
23/7/19;0.29
24/7/19;2.36
25/7/19;-0.90
26/7/19;0.94
29/7/19;0.40
30/7/19;-0.89
31/7/19;-1.89
1/8/19;0.77
2/8/19;-0.66
5/8/19;-2.94
6/8/19;1.89
7/8/19;0.72
8/8/19;3.51
9/8/19;0.22
12/8/19;-2.68
13/8/19;1.88
14/8/19;-2.50
15/8/19;0.58
16/8/19;1.31
19/8/19;-0.43
20/8/19;-0.24
21/8/19;1.11
22/8/19;-0.41
23/8/19;-2.23
26/8/19;1.28
27/8/19;-0.07
28/8/19;-0.06
29/8/19;1.11
30/8/19;-0.41
3/9/19;-0.69
4/9/19;0.64
5/9/19;0.21
6/9/19;-0.36
9/9/19;-2.23
10/9/19;-2.51
11/9/19;0.22
12/9/19;0.81
13/9/19;-0.69
16/9/19;-0.00
17/9/19;1.06
18/9/19;-0.24
19/9/19;-0.03
20/9/19;-0.26
23/9/19;0.22
24/9/19;-0.66
25/9/19;-0.07
26/9/19;0.04
27/9/19;-0.87
30/9/19;0.69
1/10/19;-1.78
2/10/19;-1.86
3/10/19;1.23
4/10/19;1.38
7/10/19;-0.36
8/10/19;-2.06
9/10/19;1.68
10/10/19;0.17
11/10/19;1.11
14/10/19;-0.26
15/10/19;1.00
16/10/19;-1.09
17/10/19;0.86
18/10/19;0.65
21/10/19;1.81
22/10/19;-1.25
23/10/19;-1.28
24/10/19;1.77
25/10/19;-0.34
28/10/19;0.81
29/10/19;-0.52
30/10/19;0.45
31/10/19;-1.36
1/11/19;0.27
4/11/19;0.44
5/11/19;-0.34
6/11/19;2.23
7/11/19;0.32
8/11/19;-0.00
11/11/19;-0.61
12/11/19;0.18
13/11/19;1.07
14/11/19;1.41
15/11/19;0.83
18/11/19;0.42
19/11/19;-0.03
20/11/19;-0.22
21/11/19;-2.44
22/11/19;-1.06
25/11/19;2.00
26/11/19;-0.50
27/11/19;0.95
29/11/19;-0.94
2/12/19;-1.04
3/12/19;-0.77
4/12/19;0.28
5/12/19;-0.28
6/12/19;0.42
9/12/19;-0.17
10/12/19;-0.06
11/12/19;1.39
12/12/19;0.42
13/12/19;-0.31
16/12/19;0.34
17/12/19;0.50
18/12/19;-0.44
19/12/19;0.49
20/12/19;-0.81
23/12/19;-1.32
24/12/19;0.40
26/12/19;0.12
27/12/19;-0.08
30/12/19;-0.34
31/12/19;0.14
2/1/20;1.78
3/1/20;-0.82
6/1/20;-0.64
7/1/20;0.46
8/1/20;-0.11
9/1/20;0.18
10/1/20;-0.89
13/1/20;1.09
14/1/20;0.02
15/1/20;-1.59
16/1/20;1.65
17/1/20;0.50
21/1/20;-0.43
22/1/20;0.03
23/1/20;0.95
24/1/20;-1.41
27/1/20;-0.68
28/1/20;2.03
29/1/20;-1.37
30/1/20;0.93
31/1/20;-3.33
3/2/20;0.72
4/2/20;2.08
5/2/20;0.62
6/2/20;0.11
7/2/20;-0.42
10/2/20;1.37
11/2/20;0.80
12/2/20;0.84
13/2/20;0.58
14/2/20;0.13
18/2/20;-0.65
19/2/20;1.62
20/2/20;-1.98
21/2/20;-2.71
24/2/20;-3.88
25/2/20;-2.87
26/2/20;-0.08
27/2/20;-3.75
28/2/20;0.40
2/3/20;2.84
3/3/20;-1.15
4/3/20;2.94
5/3/20;-1.20
6/3/20;-1.08
9/3/20;-4.83
10/3/20;2.21
11/3/20;-1.41
12/3/20;-5.74
13/3/20;3.58
16/3/20;-6.02
17/3/20;3.66
18/3/20;-3.51
19/3/20;0.99
20/3/20;-1.88
23/3/20;1.40
24/3/20;5.08
25/3/20;0.36
26/3/20;2.80
27/3/20;-1.56
30/3/20;2.03
31/3/20;-0.79
1/4/20;-1.89
2/4/20;0.42
3/4/20;-0.80
6/4/20;1.78
7/4/20;-0.20
8/4/20;0.58
9/4/20;-0.24
13/4/20;0.23
14/4/20;1.06
15/4/20;0.12
16/4/20;0.97
17/4/20;0.09
20/4/20;0.15
21/4/20;-1.34
22/4/20;0.78
23/4/20;0.16
24/4/20;0.53
27/4/20;0.53
28/4/20;-0.45
29/4/20;-0.12
30/4/20;-0.41
1/5/20;-0.73
4/5/20;1.98
5/5/20;0.82
6/5/20;0.17
7/5/20;-0.09
8/5/20;0.44
11/5/20;0.89
12/5/20;-0.80
13/5/20;-0.83
14/5/20;1.08
15/5/20;0.05
18/5/20;0.33
19/5/20;0.14
20/5/20;0.56
21/5/20;-0.73
22/5/20;0.33
26/5/20;-0.99
27/5/20;-0.18
28/5/20;-0.05
29/5/20;1.99
1/6/20;0.73
2/6/20;0.34
3/6/20;-1.78
4/6/20;-2.31
5/6/20;1.53
8/6/20;2.00
9/6/20;0.81
10/6/20;3.85
11/6/20;-4.82
12/6/20;-0.06
15/6/20;3.91
16/6/20;-0.46
17/6/20;1.58
18/6/20;0.20
19/6/20;3.06
22/6/20;-0.03
23/6/20;0.05
24/6/20;-3.38
25/6/20;2.13
26/6/20;-2.52
29/6/20;1.73
30/6/20;3.59
1/7/20;-0.05
2/7/20;2.91
6/7/20;4.75
7/7/20;1.55
8/7/20;0.50
9/7/20;1.96
10/7/20;1.43
13/7/20;-3.82
14/7/20;2.46
15/7/20;0.85
16/7/20;-1.23
17/7/20;1.41
20/7/20;4.08
21/7/20;-2.96
22/7/20;0.41
23/7/20;-2.84
24/7/20;-2.60
27/7/20;3.89
28/7/20;-1.93
29/7/20;0.98
30/7/20;0.52
31/7/20;-1.40
3/8/20;2.47
4/8/20;2.13
5/8/20;0.36
6/8/20;-0.49
7/8/20;-1.32
10/8/20;-2.38
11/8/20;-3.95
12/8/20;4.11
13/8/20;0.86
14/8/20;-0.44
17/8/20;4.13
18/8/20;0.25
19/8/20;-0.48
20/8/20;1.27
21/8/20;0.67
24/8/20;-1.03
25/8/20;2.05
26/8/20;0.17
27/8/20;-0.65
28/8/20;1.00
31/8/20;4.01
1/9/20;8.76
2/9/20;0.66
3/9/20;-7.88
4/9/20;-1.34
8/9/20;-4.55
9/9/20;3.98
10/9/20;-2.63
11/9/20;-1.48
14/9/20;2.61
15/9/20;0.51
16/9/20;-2.48
17/9/20;-1.11
18/9/20;-0.99
21/9/20;2.17
22/9/20;1.56
23/9/20;-3.46
24/9/20;0.93
25/9/20;3.38
28/9/20;1.49
29/9/20;0.58
30/9/20;1.18
1/10/20;1.27
2/10/20;-1.97
5/10/20;3.02
6/10/20;-0.21
7/10/20;1.26
8/10/20;-0.39
9/10/20;1.01
12/10/20;2.69
13/10/20;0.67
14/10/20;-1.56
15/10/20;-0.14
16/10/20;-0.70
19/10/20;-2.04
20/10/20;0.69
21/10/20;-1.65
22/10/20;-0.46
23/10/20;0.77
26/10/20;-0.76
27/10/20;1.28
28/10/20;-3.40
29/10/20;1.86
30/10/20;-2.91
2/11/20;0.70
3/11/20;2.36
4/11/20;5.42
5/11/20;3.63
6/11/20;1.47
9/11/20;-6.25
10/11/20;-3.31
11/11/20;5.85
12/11/20;4.96
13/11/20;3.80
16/11/20;-0.95
17/11/20;-1.58
18/11/20;-1.01
19/11/20;3.01
20/11/20;3.27
23/11/20;0.66
24/11/20;-0.09
25/11/20;1.86
27/11/20;6.67
30/11/20;3.64
1/12/20;2.26
2/12/20;1.50
3/12/20;1.52
4/12/20;1.43
7/12/20;-0.37
8/12/20;2.52
9/12/20;-4.38
10/12/20;2.41
11/12/20;0.05
14/12/20;-0.01
15/12/20;1.89
16/12/20;1.07
17/12/20;2.25
18/12/20;0.07
21/12/20;-0.11
22/12/20;0.36
23/12/20;-2.15
24/12/20;1.96
28/12/20;-4.06
29/12/20;3.04
30/12/20;2.85
31/12/20;-1.49
4/1/21;-1.02
5/1/21;1.10
6/1/21;1.59
7/1/21;1.85
8/1/21;2.01
11/1/21;1.05
12/1/21;2.88
13/1/21;-1.30
14/1/21;0.53
15/1/21;-1.07
19/1/21;2.66
20/1/21;0.54
21/1/21;-0.25
22/1/21;0.28
25/1/21;-2.88
26/1/21;-2.28
27/1/21;-6.42
28/1/21;5.98
29/1/21;-2.27
1/2/21;2.59
2/2/21;2.27
3/2/21;-1.35
4/2/21;3.71
5/2/21;0.90
8/2/21;0.59
9/2/21;-1.16
10/2/21;-1.01
11/2/21;0.90
12/2/21;1.76
16/2/21;-0.94
17/2/21;-2.58
18/2/21;-1.89
19/2/21;3.32
22/2/21;-3.90
23/2/21;-0.26
24/2/21;-0.30
25/2/21;-3.55
26/2/21;4.79
1/3/21;3.20
2/3/21;-1.58
3/3/21;-3.09
4/3/21;-2.87
5/3/21;0.94
8/3/21;-1.86
9/3/21;3.13
10/3/21;0.31
11/3/21;3.13
12/3/21;2.03
15/3/21;1.70
16/3/21;-1.86
17/3/21;0.95
18/3/21;-2.52
19/3/21;0.32
22/3/21;0.17
23/3/21;-3.70
24/3/21;-2.52
25/3/21;0.04
26/3/21;2.09
29/3/21;-3.12
30/3/21;3.94
31/3/21;0.94
1/4/21;0.93
5/4/21;1.78
6/4/21;-0.03
7/4/21;0.17
8/4/21;0.76
9/4/21;1.03
12/4/21;0.65
13/4/21;0.23
14/4/21;1.01
15/4/21;1.31
16/4/21;0.10
19/4/21;-1.49
20/4/21;-1.96
21/4/21;1.63
22/4/21;-0.91
23/4/21;2.13
26/4/21;0.66
27/4/21;0.03
28/4/21;0.47
29/4/21;-0.59
30/4/21;-0.30
3/5/21;0.71
4/5/21;-2.57
5/5/21;2.66
6/5/21;-0.97
7/5/21;3.36
10/5/21;-2.45
11/5/21;-0.52
12/5/21;-4.14
13/5/21;-0.87
14/5/21;3.55
17/5/21;1.87
18/5/21;-0.94
19/5/21;-3.60
20/5/21;1.21
21/5/21;-1.11
24/5/21;2.12
25/5/21;-0.00
26/5/21;2.01
27/5/21;1.88
28/5/21;0.62
1/6/21;5.28
2/6/21;-1.53
3/6/21;-0.81
4/6/21;0.46
7/6/21;-1.02
8/6/21;0.26
9/6/21;-1.80
10/6/21;-0.69
11/6/21;0.90
14/6/21;-2.01
15/6/21;-0.35
16/6/21;-0.87
17/6/21;-5.04
18/6/21;-1.68
21/6/21;4.75
22/6/21;1.30
23/6/21;1.51
24/6/21;1.72
25/6/21;0.02
28/6/21;-2.84
29/6/21;-0.11
30/6/21;1.67
1/7/21;2.61
2/7/21;-1.49
6/7/21;-4.57
7/7/21;-2.94
8/7/21;1.32
9/7/21;1.77
12/7/21;0.64
13/7/21;-0.40
14/7/21;-3.66
15/7/21;-0.78
16/7/21;-0.63
19/7/21;-1.10
20/7/21;0.85
21/7/21;5.02
22/7/21;-0.56
23/7/21;1.24
26/7/21;0.89
27/7/21;-2.71
28/7/21;3.45
29/7/21;-0.22
30/7/21;-1.13
2/8/21;0.86
3/8/21;4.22
4/8/21;-1.21
5/8/21;-0.45
6/8/21;0.44
9/8/21;0.07
10/8/21;1.68
11/8/21;0.74
12/8/21;0.56
13/8/21;0.06
16/8/21;0.03
17/8/21;-2.10
18/8/21;-0.82
19/8/21;1.60
20/8/21;-0.10
23/8/21;2.14
24/8/21;0.19
25/8/21;0.38
26/8/21;-0.27
27/8/21;1.50
30/8/21;0.44
31/8/21;-1.27
1/9/21;-0.52
2/9/21;0.57
3/9/21;1.24
7/9/21;0.43
8/9/21;-1.47
9/9/21;2.03
10/9/21;-0.76
13/9/21;-3.03
14/9/21;0.08
15/9/21;1.88
16/9/21;0.81
17/9/21;-2.04
20/9/21;-2.27
21/9/21;0.31
22/9/21;1.81
23/9/21;2.44
24/9/21;-0.84
27/9/21;-1.57
28/9/21;-3.36
29/9/21;-0.43
30/9/21;-1.22
1/10/21;-1.10
4/10/21;0.41
5/10/21;2.18
6/10/21;-2.47
7/10/21;0.48
8/10/21;1.10
11/10/21;-0.52
12/10/21;0.40
13/10/21;0.95
14/10/21;1.42
15/10/21;0.02
18/10/21;1.39
19/10/21;-0.12
20/10/21;0.03
21/10/21;-0.01
22/10/21;0.70
25/10/21;1.44
26/10/21;0.28
27/10/21;-2.44
28/10/21;1.47
29/10/21;1.41
1/11/21;0.04
2/11/21;0.73
3/11/21;-1.36
4/11/21;1.08
5/11/21;0.87
8/11/21;1.08
9/11/21;0.26
10/11/21;-3.03
11/11/21;0.78
12/11/21;0.41
15/11/21;-0.34
16/11/21;0.66
17/11/21;-1.12
18/11/21;0.58
19/11/21;-2.46
22/11/21;-1.72
23/11/21;1.36
24/11/21;1.58
26/11/21;-2.83
29/11/21;1.93
30/11/21;-3.26
1/12/21;-1.10
2/12/21;0.23
3/12/21;-0.73
6/12/21;-1.82
7/12/21;3.00
8/12/21;-0.15
9/12/21;-2.21
10/12/21;-0.11
13/12/21;-1.55
14/12/21;0.13
15/12/21;1.86
16/12/21;-1.90
17/12/21;-0.18
20/12/21;-1.23
21/12/21;2.19
22/12/21;0.23
23/12/21;0.16
27/12/21;1.95
28/12/21;-0.59
29/12/21;-0.43
30/12/21;-0.55
31/12/21;-0.03
3/1/22;-0.70
4/1/22;0.71
5/1/22;-2.66
6/1/22;1.81
7/1/22;-0.17
10/1/22;-0.22
11/1/22;1.50
12/1/22;0.12
13/1/22;-1.24
14/1/22;0.83
18/1/22;-0.74
19/1/22;-0.94
20/1/22;-0.89
21/1/22;-2.49
24/1/22;1.87
25/1/22;0.67
26/1/22;0.37
27/1/22;0.05
28/1/22;1.00
31/1/22;0.50
1/2/22;2.64
2/2/22;0.48
3/2/22;-0.47
4/2/22;0.64
7/2/22;0.07
8/2/22;-1.55
9/2/22;1.06
10/2/22;-0.21
11/2/22;1.83
14/2/22;-2.26
15/2/22;-1.09
16/2/22;1.29
17/2/22;1.13
18/2/22;-0.48
22/2/22;-1.53
23/2/22;0.42
24/2/22;-0.08
25/2/22;1.60
28/2/22;3.40
1/3/22;0.62
2/3/22;0.33
3/3/22;0.22
4/3/22;1.86
7/3/22;0.26
8/3/22;-0.35
9/3/22;-0.96
10/3/22;2.01
11/3/22;-1.68
14/3/22;-3.10
15/3/22;-0.60
16/3/22;-0.92
17/3/22;4.32
18/3/22;0.33
21/3/22;3.90
22/3/22;-0.87
23/3/22;1.65
24/3/22;0.31
25/3/22;1.33
28/3/22;-2.30
29/3/22;-0.60
30/3/22;0.54
31/3/22;-0.49
1/4/22;0.80
4/4/22;0.47
5/4/22;-1.74
6/4/22;-0.47
7/4/22;1.49
8/4/22;2.76
11/4/22;-2.31
12/4/22;2.04
13/4/22;0.94
14/4/22;-0.40
18/4/22;1.02
19/4/22;-0.60
20/4/22;0.99
21/4/22;-3.45
22/4/22;-2.59
25/4/22;-2.07
26/4/22;-0.05
27/4/22;1.60
28/4/22;1.82
29/4/22;-1.47
2/5/22;0.51
3/5/22;3.21
4/5/22;2.91
5/5/22;-1.29
6/5/22;2.29
9/5/22;-7.15
10/5/22;0.63
11/5/22;0.97
12/5/22;-0.08
13/5/22;3.92
16/5/22;2.22
17/5/22;0.56
18/5/22;-4.09
19/5/22;0.09
20/5/22;-0.03
23/5/22;1.94
24/5/22;-0.39
25/5/22;1.84
26/5/22;2.99
27/5/22;2.11
31/5/22;-0.69
1/6/22;0.89
2/6/22;-0.21
3/6/22;0.47
6/6/22;-0.01
7/6/22;0.82
8/6/22;-0.27
9/6/22;-0.73
10/6/22;-1.27
13/6/22;-2.34
14/6/22;0.42
15/6/22;-0.85
16/6/22;-2.71
17/6/22;-2.15
21/6/22;1.19
22/6/22;-1.77
23/6/22;-1.20
24/6/22;0.03
27/6/22;1.49
28/6/22;1.14
29/6/22;-1.81
30/6/22;-0.53
1/7/22;0.64
5/7/22;-0.12
6/7/22;0.20
7/7/22;0.07
8/7/22;0.08
11/7/22;-0.11
12/7/22;-0.26
13/7/22;-0.05
14/7/22;-0.20
15/7/22;0.18
18/7/22;-0.25
19/7/22;0.29
20/7/22;-0.05
21/7/22;-0.04
22/7/22;-0.12
25/7/22;0.10
26/7/22;-0.28
27/7/22;0.11
28/7/22;-0.06
29/7/22;0.31
1/8/22;-0.11
2/8/22;0.03
3/8/22;-0.61
4/8/22;-0.51
5/8/22;0.30
8/8/22;0.07
9/8/22;0.33
10/8/22;0.13
11/8/22;0.64
12/8/22;0.12
15/8/22;-0.33
16/8/22;0.02
17/8/22;0.08
18/8/22;0.50
19/8/22;0.31
22/8/22;0.01
23/8/22;0.54
24/8/22;0.40
25/8/22;0.20
26/8/22;-0.12
29/8/22;0.13
30/8/22;-0.78
31/8/22;-0.09
1/9/22;-0.38
2/9/22;0.23
6/9/22;-0.13
7/9/22;0.16
8/9/22;0.03
9/9/22;-0.03
12/9/22;0.07
13/9/22;-0.32
14/9/22;0.44
15/9/22;-0.38
16/9/22;-0.14
19/9/22;0.12
20/9/22;-0.18
21/9/22;-0.19
22/9/22;-0.32
23/9/22;-0.73
26/9/22;-0.33
27/9/22;0.35
28/9/22;0.61
29/9/22;-0.23
30/9/22;-0.12
3/10/22;0.45
4/10/22;0.00
5/10/22;0.00
6/10/22;0.00
7/10/22;0.00
10/10/22;0.00
11/10/22;0.00
12/10/22;0.00
13/10/22;0.00
14/10/22;0.00
17/10/22;0.00
18/10/22;0.00
19/10/22;0.00
20/10/22;0.00
21/10/22;0.00
24/10/22;0.00
25/10/22;0.00
26/10/22;0.00
27/10/22;0.00
28/10/22;0.00
31/10/22;0.00
1/11/22;0.00
2/11/22;0.00
3/11/22;0.00
4/11/22;0.00
7/11/22;0.00
8/11/22;0.00
9/11/22;0.00
10/11/22;0.00
11/11/22;0.00
14/11/22;0.00
15/11/22;0.00
16/11/22;0.00
17/11/22;0.00
18/11/22;0.00
21/11/22;0.00
22/11/22;0.00
23/11/22;0.00
25/11/22;0.00
28/11/22;0.00
29/11/22;0.00
30/11/22;0.00
1/12/22;-0.31
2/12/22;0.97
5/12/22;-0.94
6/12/22;-2.21
7/12/22;-0.02
8/12/22;0.76
9/12/22;-0.97
12/12/22;0.58
13/12/22;0.90
14/12/22;0.25
15/12/22;-1.36
16/12/22;-0.79
19/12/22;0.21
20/12/22;0.07
21/12/22;1.38
22/12/22;-1.80
23/12/22;0.86
27/12/22;-0.18
28/12/22;-1.89
29/12/22;0.48
30/12/22;0.07
3/1/23;-0.53
4/1/23;0.63
5/1/23;0.98
6/1/23;0.53
9/1/23;-0.21
10/1/23;-0.07
11/1/23;0.02
12/1/23;0.68
13/1/23;0.73
17/1/23;-0.33
18/1/23;-0.90
19/1/23;0.37
20/1/23;0.54
23/1/23;0.36
24/1/23;0.24
25/1/23;0.47
26/1/23;1.77
27/1/23;-0.72
30/1/23;-1.29
31/1/23;0.12
1/2/23;1.34
2/2/23;-2.35
3/2/23;-0.81
6/2/23;-1.30
7/2/23;0.60
8/2/23;-0.88
9/2/23;-0.28
10/2/23;0.09
13/2/23;1.63
14/2/23;0.09
15/2/23;0.01
16/2/23;-0.21
17/2/23;-1.53
21/2/23;-3.75
22/2/23;-0.45
23/2/23;0.65
24/2/23;-1.13
27/2/23;1.22
28/2/23;1.23
1/3/23;5.28
2/3/23;1.70
3/3/23;2.72
6/3/23;-0.90
7/3/23;-0.57
8/3/23;0.39
9/3/23;-3.34
10/3/23;-2.92
13/3/23;-2.32
14/3/23;0.97
15/3/23;-5.36
16/3/23;2.31
17/3/23;-2.37
20/3/23;1.85
21/3/23;2.15
22/3/23;-2.20
23/3/23;0.53
24/3/23;-0.29
27/3/23;0.30
28/3/23;0.09
29/3/23;1.68
30/3/23;0.22
31/3/23;2.35
3/4/23;0.34
4/4/23;-0.90
5/4/23;-1.83
6/4/23;0.25
10/4/23;1.00
11/4/23;-0.92
12/4/23;-0.83
13/4/23;2.24
14/4/23;-0.14
17/4/23;1.01
18/4/23;0.85
19/4/23;-0.53
20/4/23;0.81
21/4/23;0.70
24/4/23;-0.22
25/4/23;-1.37
26/4/23;-2.02
27/4/23;0.91
28/4/23;-0.39
1/5/23;2.14
2/5/23;-1.38
3/5/23;-1.30
4/5/23;-1.00
5/5/23;1.10
8/5/23;1.11
9/5/23;-0.49
10/5/23;0.48
11/5/23;-1.70
12/5/23;-1.07
15/5/23;1.42
16/5/23;-1.04
17/5/23;2.49
18/5/23;2.14
19/5/23;-0.54
22/5/23;-0.11
23/5/23;-3.67
24/5/23;-0.20
25/5/23;5.45
26/5/23;1.56
30/5/23;-0.03
31/5/23;-1.82
1/6/23;2.34
2/6/23;0.25
5/6/23;-0.21
6/6/23;-0.16
7/6/23;-0.89
8/6/23;0.87
9/6/23;0.77
12/6/23;1.32
13/6/23;1.81
14/6/23;0.55
15/6/23;0.30
16/6/23;-0.74
20/6/23;0.40
21/6/23;-0.62
22/6/23;0.07
23/6/23;-0.65
26/6/23;-1.65
27/6/23;1.94
28/6/23;0.83
29/6/23;-0.42
30/6/23;2.46
3/7/23;0.11
5/7/23;0.73
6/7/23;-1.33
7/7/23;0.39
10/7/23;0.99
11/7/23;-0.25
12/7/23;0.86
13/7/23;1.09
14/7/23;-1.04
17/7/23;1.26
18/7/23;1.42
19/7/23;-0.09
20/7/23;-2.70
21/7/23;-0.67
24/7/23;0.17
25/7/23;1.04
26/7/23;0.34
27/7/23;3.39
28/7/23;1.60
31/7/23;-0.07
1/8/23;-1.37
2/8/23;-2.39
3/8/23;-0.42
4/8/23;0.17
7/8/23;2.67
8/8/23;-1.06
9/8/23;-2.86
10/8/23;-0.06
11/8/23;-1.50
14/8/23;2.40
15/8/23;-0.42
16/8/23;-1.53
17/8/23;-1.96
18/8/23;-0.07
21/8/23;2.20
22/8/23;-0.72
23/8/23;2.60
24/8/23;-1.85
25/8/23;-0.40
28/8/23;0.46
29/8/23;2.61
30/8/23;-0.17
31/8/23;0.20
1/9/23;-1.05
5/9/23;-0.93
6/9/23;-0.37
7/9/23;-0.67
8/9/23;-0.49
11/9/23;0.43
12/9/23;-1.07
13/9/23;0.21
14/9/23;1.11
15/9/23;-1.91
18/9/23;0.44
19/9/23;-0.11
20/9/23;-1.48
21/9/23;-2.04
22/9/23;0.47
25/9/23;0.52
26/9/23;-1.25
27/9/23;0.75
28/9/23;1.13
29/9/23;-0.52
2/10/23;0.14
3/10/23;-0.90
4/10/23;1.01
5/10/23;-0.13
6/10/23;1.17
9/10/23;0.18
10/10/23;0.42
11/10/23;0.49
12/10/23;-0.41
13/10/23;-0.84
16/10/23;0.26
17/10/23;0.45
18/10/23;-0.82
19/10/23;-0.12
20/10/23;-0.34
23/10/23;0.31
24/10/23;0.06
25/10/23;-1.69
26/10/23;-0.84
27/10/23;0.48
30/10/23;0.54
31/10/23;-0.07
1/11/23;1.08
2/11/23;1.33
3/11/23;0.72
6/11/23;0.27
7/11/23;0.86
8/11/23;0.40
9/11/23;-0.86
10/11/23;1.22
13/11/23;0.35
14/11/23;1.56
15/11/23;-0.94
16/11/23;0.16
17/11/23;0.41
20/11/23;0.46
21/11/23;-0.26
22/11/23;0.45
24/11/23;0.07
27/11/23;-0.33
28/11/23;0.28
29/11/23;0.90
30/11/23;-0.10
1/12/23;0.70
4/12/23;-0.29
5/12/23;0.57
6/12/23;0.05
7/12/23;1.04
8/12/23;0.92
11/12/23;0.13
12/12/23;1.57
13/12/23;0.43
14/12/23;0.22
15/12/23;1.37
18/12/23;0.73
19/12/23;0.67
20/12/23;-1.93
21/12/23;1.97
22/12/23;-0.33
26/12/23;0.65
27/12/23;0.23
28/12/23;0.08
29/12/23;-0.26
2/1/24;-3.92
3/1/24;-1.20
4/1/24;0.70
5/1/24;1.43
8/1/24;3.75
9/1/24;1.90
10/1/24;1.72
11/1/24;0.55
12/1/24;-0.04
16/1/24;0.83
17/1/24;-1.47
18/1/24;1.98
19/1/24;2.33
22/1/24;1.31
23/1/24;0.05
24/1/24;0.95
25/1/24;-0.22
26/1/24;-1.12
29/1/24;2.83
30/1/24;-0.34
31/1/24;-1.79
1/2/24;1.96
2/2/24;5.84
5/2/24;0.44
6/2/24;-0.34
7/2/24;3.60
8/2/24;0.61
9/2/24;1.41
12/2/24;-1.16
13/2/24;-0.56
14/2/24;4.55
15/2/24;0.37
16/2/24;-1.35
20/2/24;-1.81
21/2/24;-8.02
22/2/24;6.50
23/2/24;0.80
26/2/24;1.70
27/2/24;0.81
28/2/24;-0.64
29/2/24;1.07
1/3/24;1.47
4/3/24;0.83
5/3/24;-1.45
6/3/24;3.00
7/3/24;1.75
8/3/24;-2.26
11/3/24;-2.46
12/3/24;3.31
13/3/24;-0.88
14/3/24;-1.78
15/3/24;-1.02
18/3/24;0.80
19/3/24;-0.25
20/3/24;1.10
21/3/24;0.74
22/3/24;0.74
25/3/24;-0.45
26/3/24;-0.94
27/3/24;-0.89
28/3/24;-0.52
1/4/24;-0.49
2/4/24;0.17
3/4/24;0.30
4/4/24;-2.93
5/4/24;2.99
8/4/24;-1.15
9/4/24;-1.48
10/4/24;0.82
11/4/24;2.00
12/4/24;-1.76
15/4/24;-2.41
16/4/24;0.64
17/4/24;-1.99
18/4/24;-0.21
19/4/24;-4.64
22/4/24;1.83
23/4/24;3.01
24/4/24;-1.86
25/4/24;0.98
26/4/24;2.13
29/4/24;-0.33
30/4/24;-0.86
1/5/24;-1.58
2/5/24;1.59
3/5/24;2.68
6/5/24;2.40
7/5/24;-1.41
8/5/24;1.47
9/5/24;1.65
10/5/24;0.13
13/5/24;-0.83
14/5/24;1.20
15/5/24;2.89
16/5/24;-1.69
17/5/24;-1.54
20/5/24;0.78
21/5/24;1.68
22/5/24;-0.94
23/5/24;3.19
24/5/24;3.11
28/5/24;1.91
29/5/24;-1.04
30/5/24;-0.80
31/5/24;-1.71
3/6/24;-0.52
4/6/24;-0.55
5/6/24;4.90
6/6/24;-1.62
7/6/24;-0.08
10/6/24;3.51
11/6/24;0.29
12/6/24;1.25
13/6/24;0.38
14/6/24;0.21
17/6/24;0.42
18/6/24;1.88
20/6/24;-1.62
21/6/24;-1.67
24/6/24;-2.83
25/6/24;3.03
26/6/24;-1.20
27/6/24;-0.50
28/6/24;-1.29
1/7/24;1.65
2/7/24;-0.57
3/7/24;2.61
5/7/24;-1.47
8/7/24;0.98
9/7/24;0.44
10/7/24;0.76
11/7/24;-2.69
12/7/24;1.04
15/7/24;-1.18
16/7/24;-1.19
17/7/24;-5.42
18/7/24;-0.09
19/7/24;-3.03
22/7/24;0.34
23/7/24;0.06
24/7/24;-4.79
25/7/24;-2.02
26/7/24;1.03
29/7/24;-0.25
30/7/24;-5.04
31/7/24;7.16
1/8/24;-3.79
2/8/24;-4.80
5/8/24;-3.37
6/8/24;2.98
7/8/24;-2.24
8/8/24;4.49
9/8/24;0.52
12/8/24;1.11
13/8/24;3.14
14/8/24;0.99
15/8/24;2.41
16/8/24;0.16
19/8/24;1.69
20/8/24;-1.02
21/8/24;0.66
22/8/24;-1.51
23/8/24;2.30
26/8/24;-1.35
27/8/24;0.58
28/8/24;-1.00
29/8/24;-1.51
30/8/24;1.08
3/9/24;-7.54
4/9/24;0.01
5/9/24;-0.29
6/9/24;-2.84
9/9/24;2.46
10/9/24;0.77
11/9/24;3.83
12/9/24;0.98
13/9/24;2.20
16/9/24;0.33
17/9/24;-0.08
18/9/24;-0.14
19/9/24;2.15
20/9/24;3.38
23/9/24;1.19
24/9/24;1.45
25/9/24;2.06
26/9/24;-0.94
27/9/24;0.14
30/9/24;0.56
1/10/24;-0.91
2/10/24;1.14
3/10/24;3.24
4/10/24;2.42
7/10/24;-0.91
8/10/24;0.85
9/10/24;-1.56
10/10/24;0.46
11/10/24;1.01
14/10/24;3.61
15/10/24;-3.93
16/10/24;3.41
17/10/24;-2.17
18/10/24;0.82
21/10/24;1.29
22/10/24;-1.37
23/10/24;-1.59
24/10/24;0.20
25/10/24;-0.00
28/10/24;1.52
29/10/24;0.69
30/10/24;-1.28
31/10/24;-2.70
1/11/24;-0.42
4/11/24;-0.76
5/11/24;7.42
6/11/24;5.81
7/11/24;1.87
8/11/24;2.23
11/11/24;1.69
12/11/24;0.11
13/11/24;-0.32
14/11/24;-1.09
15/11/24;2.00
18/11/24;-1.42
19/11/24;3.88
20/11/24;-0.48
21/11/24;1.84
22/11/24;-0.24
25/11/24;-2.29
26/11/24;2.22
27/11/24;-1.67
29/11/24;2.02
2/12/24;-0.90
3/12/24;1.21
4/12/24;2.53
5/12/24;-0.01
6/12/24;-0.64
9/12/24;-4.29
10/12/24;-2.12
11/12/24;1.77
12/12/24;-0.74
13/12/24;-0.56
16/12/24;-0.23
17/12/24;-1.66
18/12/24;-2.63
19/12/24;1.16
20/12/24;1.98
23/12/24;0.84
24/12/24;0.85
26/12/24;-0.45
27/12/24;-1.70
30/12/24;-0.22
31/12/24;-1.38
2/1/25;1.11
3/1/25;2.17
6/1/25;0.98
7/1/25;-2.33
8/1/25;0.22
10/1/25;-1.19
13/1/25;-0.07
14/1/25;-0.42
15/1/25;1.71
16/1/25;-0.56
17/1/25;1.93
21/1/25;0.43
22/1/25;0.84
23/1/25;0.00
24/1/25;-0.81
27/1/25;-7.61
28/1/25;2.27
29/1/25;-0.83
30/1/25;1.19
31/1/25;-0.12
3/2/25;1.10
4/2/25;4.50
5/2/25;0.64
6/2/25;1.02
7/2/25;-0.24
10/2/25;1.42
11/2/25;-1.33
12/2/25;0.49
13/2/25;-0.07
14/2/25;1.24
18/2/25;2.10
19/2/25;-4.67
20/2/25;-2.76
21/2/25;-4.23
24/2/25;-3.75
25/2/25;-1.30
26/2/25;4.23
27/2/25;-4.19
28/2/25;1.54
3/3/25;-1.48
4/3/25;-1.26
5/3/25;0.16
6/3/25;-2.38
7/3/25;0.40
10/3/25;-1.97
11/3/25;0.33
12/3/25;0.74
13/3/25;-2.49
14/3/25;2.11
17/3/25;1.09
18/3/25;-0.27
19/3/25;1.70
20/3/25;-0.17
21/3/25;-1.24
24/3/25;2.26
25/3/25;0.60
26/3/25;-0.72
27/3/25;-0.88
28/3/25;-1.08
31/3/25;0.88
1/4/25;0.11
2/4/25;1.17
3/4/25;-4.04
4/4/25;-2.59
7/4/25;-0.63
8/4/25;-1.61
9/4/25;6.76
10/4/25;-2.25
11/4/25;0.89
14/4/25;1.23
15/4/25;0.60
16/4/25;-1.34
17/4/25;0.19
21/4/25;-0.89
22/4/25;2.00
23/4/25;1.46
24/4/25;1.46
25/4/25;1.43
28/4/25;0.33
29/4/25;0.69
30/4/25;0.37
1/5/25;0.80
2/5/25;1.07
5/5/25;-0.27
6/5/25;-0.88
7/5/25;0.37
8/5/25;0.55
9/5/25;-0.00
12/5/25;0.08
13/5/25;1.26
14/5/25;0.17
15/5/25;-0.38
16/5/25;0.23
19/5/25;0.19
20/5/25;-0.10
21/5/25;-0.54
22/5/25;-0.15
23/5/25;-0.40
27/5/25;0.13
28/5/25;-0.05
29/5/25;-0.28
30/5/25;0.39
2/6/25;1.39
3/6/25;1.22
4/6/25;0.05
5/6/25;-2.33
6/6/25;1.98
9/6/25;-0.27
10/6/25;-0.99
11/6/25;1.49
12/6/25;-0.65
13/6/25;-0.47
16/6/25;1.34
17/6/25;-1.46
18/6/25;-0.90
20/6/25;-1.37
23/6/25;1.53
24/6/25;2.52
25/6/25;-0.44
26/6/25;1.10
27/6/25;-2.23
30/6/25;3.50
1/7/25;-5.50
2/7/25;1.85
3/7/25;1.91
7/7/25;0.96
8/7/25;-0.17
9/7/25;2.35
10/7/25;-1.42
11/7/25;0.66
14/7/25;3.55
15/7/25;-0.43
16/7/25;1.06
17/7/25;1.04
18/7/25;-1.02
21/7/25;-0.76
22/7/25;-2.10
23/7/25;3.26
24/7/25;0.08
25/7/25;1.69
28/7/25;-0.22
29/7/25;-1.36
30/7/25;1.90
31/7/25;-0.36
1/8/25;-1.28
4/8/25;3.40
5/8/25;0.30
6/8/25;1.70
7/8/25;1.60
8/8/25;1.58
11/8/25;-0.43
12/8/25;1.94
13/8/25;-1.91
14/8/25;-4.49
15/8/25;0.11
18/8/25;-0.42
19/8/25;-5.23
20/8/25;-0.10
21/8/25;0.15
22/8/25;1.86
25/8/25;-0.22
26/8/25;3.14
27/8/25;-1.07
28/8/25;2.07
29/8/25;-1.81
2/9/25;-0.52
3/9/25;0.77
4/9/25;1.85
5/9/25;-0.99
8/9/25;2.94
9/9/25;1.30
10/9/25;0.92
11/9/25;0.77
12/9/25;0.64
15/9/25;1.97
16/9/25;-0.11
17/9/25;0.17
18/9/25;2.49
19/9/25;2.32
22/9/25;0.06
23/9/25;0.90
24/9/25;-1.52
25/9/25;-1.25
26/9/25;1.00
29/9/25;3.00
30/9/25;1.29
1/10/25;2.14
2/10/25;-0.17
3/10/25;-2.73
6/10/25;0.45
7/10/25;-1.43
8/10/25;0.34
9/10/25;0.17
10/10/25;-4.15
13/10/25;3.15
14/10/25;-0.55
15/10/25;0.67
16/10/25;0.11
17/10/25;-0.47
20/10/25;-0.34
21/10/25;0.94
22/10/25;-0.19
23/10/25;3.97
24/10/25;0.59
27/10/25;0.46
28/10/25;-0.85
29/10/25;5.90
30/10/25;-0.27
31/10/25;0.66
3/11/25;1.12
4/11/25;-4.19
5/11/25;2.66
6/11/25;-3.22
7/11/25;0.64
10/11/25;4.05
11/11/25;-1.37
12/11/25;-1.37
13/11/25;-4.82
14/11/25;0.71
17/11/25;-1.01
18/11/25;-0.68
19/11/25;0.89
20/11/25;-4.45
21/11/25;-0.34
24/11/25;4.76
25/11/25;1.29
26/11/25;3.72
28/11/25;0.97
1/12/25;-1.53
2/12/25;-0.30
3/12/25;-0.95
4/12/25;0.39
5/12/25;2.56
8/12/25;1.59
9/12/25;0.64
10/12/25;2.72
11/12/25;0.34
12/12/25;-3.43
15/12/25;-1.20
16/12/25;-0.20
17/12/25;-2.07
18/12/25;2.17
19/12/25;1.70
22/12/25;-0.10
23/12/25;0.45
24/12/25;0.69
26/12/25;-0.02
29/12/25;-0.05
30/12/25;-0.28
31/12/25;-0.91