31/12/90;1
2/1/91;-0,78
3/1/91;-2,28
4/1/91;-1,52
7/1/91;-2,26
8/1/91;0,39
9/1/91;-0,71
10/1/91;1,27
11/1/91;1,7
14/1/91;0,2
15/1/91;-0,94
16/1/91;3,25
17/1/91;1,73
18/1/91;2,48
21/1/91;0,11
22/1/91;-1,01
23/1/91;3,17
24/1/91;2,73
25/1/91;-0,07
28/1/91;1,8
29/1/91;1,06
30/1/91;2,58
31/1/91;1,03
1/2/91;1,67
4/2/91;0,4
5/2/91;-1,56
6/2/91;0,1
7/2/91;-2,3
8/2/91;0,6
11/2/91;4,14
12/2/91;-0,82
13/2/91;1,18
14/2/91;-3,45
15/2/91;1,25
19/2/91;1,11
20/2/91;-1,22
21/2/91;-0,19
22/2/91;-0,87
25/2/91;2,09
26/2/91;0,44
27/2/91;1,26
28/2/91;0,39
1/3/91;0,46
4/3/91;0,13
5/3/91;3,41
6/3/91;0,94
7/3/91;1,06
8/3/91;-1,2
11/3/91;-2,71
12/3/91;-1,36
13/3/91;0,69
14/3/91;1,06
15/3/91;-0,97
18/3/91;-1,57
19/3/91;-0,4
20/3/91;4,65
21/3/91;1,56
22/3/91;0,11
25/3/91;1,19
26/3/91;2,67
27/3/91;-1,72
28/3/91;0,93
1/4/91;-0,53
2/4/91;1,64
3/4/91;0,97
4/4/91;-1,29
5/4/91;-0,98
8/4/91;0,33
9/4/91;-0,33
10/4/91;-0,65
11/4/91;1
12/4/91;0
15/4/91;-0,33
16/4/91;0,98
17/4/91;0,98
18/4/91;-1,29
19/4/91;-0,31
22/4/91;-0,99
23/4/91;0,34
24/4/91;1,32
25/4/91;0,33
26/4/91;0,32
29/4/91;-0,97
30/4/91;-1,32
1/5/91;-0,76
2/5/91;0,87
3/5/91;2,34
6/5/91;0,05
7/5/91;0,35
8/5/91;0,52
9/5/91;-1,48
10/5/91;-1,26
13/5/91;-1,3
14/5/91;-0,22
15/5/91;-0,32
16/5/91;-0,25
17/5/91;-0,46
20/5/91;-1,77
21/5/91;0,68
22/5/91;-1,79
23/5/91;-1,26
24/5/91;1,3
28/5/91;-0,54
29/5/91;0,32
30/5/91;1,85
31/5/91;0,24
3/6/91;-1,94
4/6/91;0,76
5/6/91;1,01
6/6/91;0,62
7/6/91;-2,4
10/6/91;-0,92
11/6/91;1,03
12/6/91;-1,98
13/6/91;-0,22
14/6/91;0,92
17/6/91;-0,5
18/6/91;-0,39
19/6/91;-1,27
20/6/91;0,42
21/6/91;-1,22
24/6/91;-5,14
25/6/91;1,5
26/6/91;0,26
27/6/91;-0,56
28/6/91;0,74
1/7/91;1,65
2/7/91;1,7
3/7/91;-1,88
5/7/91;-0,31
8/7/91;0,11
9/7/91;-0,75
10/7/91;-0,2
11/7/91;0,52
12/7/91;1,42
15/7/91;1,45
16/7/91;-1,04
17/7/91;-2,1
18/7/91;0,05
19/7/91;-1,19
22/7/91;-0,42
23/7/91;-1,82
24/7/91;-0,48
25/7/91;-0,44
26/7/91;1,21
29/7/91;0,99
30/7/91;0,97
31/7/91;1,09
1/8/91;0,96
2/8/91;-0,87
5/8/91;0,67
6/8/91;1,97
7/8/91;-0,18
8/8/91;1,88
9/8/91;0,71
12/8/91;0,97
13/8/91;0,34
14/8/91;1,38
15/8/91;0,05
16/8/91;-0,95
19/8/91;-3,16
20/8/91;-0,54
21/8/91;6,23
22/8/91;-0,81
23/8/91;-0,28
26/8/91;0,17
27/8/91;0,77
28/8/91;3,01
29/8/91;2,06
30/8/91;-1,55
3/9/91;-1,39
4/9/91;-0,33
5/9/91;3,11
6/9/91;1,99
9/9/91;0,79
10/9/91;-3,09
11/9/91;0,06
12/9/91;1,44
13/9/91;-2,04
16/9/91;0,85
17/9/91;-0,55
18/9/91;0,8
19/9/91;0,99
20/9/91;-0,57
23/9/91;-0,88
24/9/91;0,06
25/9/91;0,93
26/9/91;-1,22
27/9/91;-0,95
30/9/91;-1,6
1/10/91;1,22
2/10/91;-0,14
3/10/91;-2,06
4/10/91;-0,94
7/10/91;-0,98
8/10/91;1,78
9/10/91;0,82
10/10/91;-0,24
11/10/91;0,18
14/10/91;1,94
15/10/91;1,2
16/10/91;2,01
17/10/91;-3,76
18/10/91;0,41
21/10/91;-0,29
22/10/91;-1,24
23/10/91;0,54
24/10/91;-1,09
25/10/91;-0,64
28/10/91;3,05
29/10/91;0,88
30/10/91;1,28
31/10/91;0,18
1/11/91;-1,79
4/11/91;-0,28
5/11/91;0,85
6/11/91;3,08
7/11/91;2,13
8/11/91;-1,12
11/11/91;-0,1
12/11/91;0,34
13/11/91;2,73
14/11/91;-0,28
15/11/91;-5,69
18/11/91;3,47
19/11/91;-2,26
20/11/91;0,81
21/11/91;1,19
22/11/91;2,35
25/11/91;-0,95
26/11/91;1,98
27/11/91;0,87
29/11/91;-0,61
2/12/91;1,2
3/12/91;0,7
4/12/91;-0,04
5/12/91;-0,76
6/12/91;-0,53
9/12/91;0,31
10/12/91;0,78
11/12/91;-1,94
12/12/91;2,36
13/12/91;-0,31
16/12/91;-2,91
17/12/91;-1,1
18/12/91;0,41
19/12/91;-0,94
20/12/91;0,66
23/12/91;3,61
24/12/91;0,13
26/12/91;0
27/12/91;0,56
30/12/91;3,86
31/12/91;-0,43
2/1/92;1,75
3/1/92;-0,14
6/1/92;1,54
7/1/92;3,79
8/1/92;-2,15
9/1/92;0,31
10/1/92;-0,31
13/1/92;1,51
14/1/92;1,93
15/1/92;-0,87
16/1/92;-2,81
17/1/92;0,78
20/1/92;-1,57
21/1/92;-1,39
22/1/92;3,2
23/1/92;-8,5
24/1/92;0,49
27/1/92;-0,21
28/1/92;-1,66
29/1/92;0,13
30/1/92;-1,51
31/1/92;-0,38
3/2/92;0,03
4/2/92;2,07
5/2/92;0,49
6/2/92;-0,47
7/2/92;1,42
10/2/92;1,34
11/2/92;-0,02
12/2/92;2,36
13/2/92;-2,03
14/2/92;2,24
18/2/92;-1,38
19/2/92;0,92
20/2/92;3
21/2/92;-0,14
24/2/92;-1,14
25/2/92;-0,64
26/2/92;1,27
27/2/92;1,71
28/2/92;-0,64
2/3/92;-0,82
3/3/92;-0,81
4/3/92;-0,7
5/3/92;-1,38
6/3/92;-1,58
9/3/92;1,33
10/3/92;1,96
11/3/92;-1,79
12/3/92;-0,03
13/3/92;0,3
16/3/92;-0,14
17/3/92;0,74
18/3/92;0,12
19/3/92;0,94
20/3/92;1,02
23/3/92;0,51
24/3/92;-1,38
25/3/92;0,34
26/3/92;-1,21
27/3/92;-1,4
30/3/92;-0,28
31/3/92;0,32
1/4/92;-0,15
2/4/92;-1,84
3/4/92;0,27
6/4/92;-0,44
7/4/92;-3,02
8/4/92;1,61
9/4/92;2,29
10/4/92;-0,75
13/4/92;2,96
14/4/92;1,93
15/4/92;2,53
16/4/92;-1,35
20/4/92;-1,76
21/4/92;0,99
22/4/92;1,1
23/4/92;-0,22
24/4/92;-0,65
27/4/92;-2,09
28/4/92;-0,73
29/4/92;2,54
30/4/92;-0,55
1/5/92;1,04
4/5/92;-0,13
5/5/92;0,63
6/5/92;0,74
7/5/92;-1,17
8/5/92;-0,22
11/5/92;0,05
12/5/92;0,82
13/5/92;-1,02
14/5/92;-1,72
15/5/92;-0,88
18/5/92;1,12
19/5/92;-0,4
20/5/92;-0,44
21/5/92;-1,59
22/5/92;-0,23
26/5/92;-2,97
27/5/92;-0,36
28/5/92;0,73
29/5/92;1,65
1/6/92;0,91
2/6/92;-0,02
3/6/92;1,65
4/6/92;0,44
5/6/92;1,79
8/6/92;-1,28
9/6/92;-1,3
10/6/92;-1,63
11/6/92;-0,28
12/6/92;0,43
15/6/92;0,08
16/6/92;-1,45
17/6/92;-1,87
18/6/92;-0,54
19/6/92;0,32
22/6/92;-0,66
23/6/92;1,34
24/6/92;-0,42
25/6/92;1,84
26/6/92;0,95
29/6/92;1,09
30/6/92;0,63
1/7/92;1,4
2/7/92;0,02
6/7/92;-0,94
7/7/92;-2,69
8/7/92;-1,9
9/7/92;2,73
10/7/92;2
13/7/92;-0,78
14/7/92;1,66
15/7/92;-3,07
16/7/92;-3,65
17/7/92;0,99
20/7/92;0,02
21/7/92;0,19
22/7/92;-1,6
23/7/92;-1,02
24/7/92;-0,1
27/7/92;-1,73
28/7/92;2,17
29/7/92;2,43
30/7/92;0,85
31/7/92;0,53
3/8/92;0,51
4/8/92;-1,2
5/8/92;0,17
6/8/92;-1,09
7/8/92;-0,74
10/8/92;-0,89
11/8/92;0,1
12/8/92;-0,29
13/8/92;-1,19
14/8/92;1,29
17/8/92;0,66
18/8/92;-1,82
19/8/92;-3,34
20/8/92;1,28
21/8/92;-0,82
24/8/92;-3,1
25/8/92;-0,24
26/8/92;0,96
27/8/92;1,52
28/8/92;0,2
31/8/92;-1,91
1/9/92;2,8
2/9/92;0,75
3/9/92;-1,49
4/9/92;-0,28
8/9/92;0,07
9/9/92;0,81
10/9/92;0,83
11/9/92;-0,06
14/9/92;-0,15
15/9/92;-0,33
16/9/92;1,08
17/9/92;0,14
18/9/92;1,03
21/9/92;-0,64
22/9/92;-0,02
23/9/92;-1,32
24/9/92;1,53
25/9/92;-0,69
28/9/92;0,88
29/9/92;1,06
30/9/92;0,67
1/10/92;-2,04
2/10/92;-0,65
5/10/92;-1,68
6/10/92;1,95
7/10/92;0,31
8/10/92;1,71
9/10/92;-0,93
12/10/92;0,98
13/10/92;0,36
14/10/92;-0,82
15/10/92;1,36
16/10/92;0,97
19/10/92;3,77
20/10/92;-0,79
21/10/92;2,67
22/10/92;1,96
23/10/92;-0,98
26/10/92;3,11
27/10/92;-0,98
28/10/92;1,92
29/10/92;0,56
30/10/92;-4,04
2/11/92;0,85
3/11/92;-0,32
4/11/92;-0,5
5/11/92;0,6
6/11/92;-0,02
9/11/92;0,14
10/11/92;0,79
11/11/92;2,66
12/11/92;1,9
13/11/92;-0,64
16/11/92;-0,02
17/11/92;0,59
18/11/92;0,92
19/11/92;0,8
20/11/92;1,2
23/11/92;0,92
24/11/92;0,44
25/11/92;1,21
27/11/92;2,07
30/11/92;-0,47
1/12/92;-1,17
2/12/92;-0,37
3/12/92;0,94
4/12/92;3,01
7/12/92;-0,61
8/12/92;1,35
9/12/92;-0,11
10/12/92;-0,84
11/12/92;-0,55
14/12/92;0,72
15/12/92;-2,96
16/12/92;-0,89
17/12/92;1,87
18/12/92;3,32
21/12/92;2,3
22/12/92;-0,23
23/12/92;2
24/12/92;0,99
28/12/92;0,65
29/12/92;-0,48
30/12/92;-0,58
31/12/92;-0,97
4/1/93;-0,26
5/1/93;1,58
6/1/93;3,75
7/1/93;-0,15
8/1/93;2,08
11/1/93;0,41
12/1/93;1
13/1/93;-2,52
14/1/93;2,22
15/1/93;1,69
18/1/93;0,92
19/1/93;-0,63
20/1/93;2,33
21/1/93;1,48
22/1/93;0,48
25/1/93;0,54
26/1/93;-0,48
27/1/93;-1,09
28/1/93;-1,04
29/1/93;0,81
1/2/93;0,43
2/2/93;0,75
3/2/93;0,43
4/2/93;0,21
5/2/93;-0,98
8/2/93;-0,94
9/2/93;-1,13
10/2/93;-0,34
11/2/93;-0,39
12/2/93;0,65
16/2/93;-1,23
17/2/93;-0,91
18/2/93;0,05
19/2/93;-1,13
22/2/93;0,06
23/2/93;0,07
24/2/93;1,44
25/2/93;2,46
26/2/93;-0,09
1/3/93;1,77
2/3/93;0,58
3/3/93;0,65
4/3/93;-0,92
5/3/93;-0,37
8/3/93;2,5
9/3/93;1
10/3/93;0,39
11/3/93;0,63
12/3/93;-0,09
15/3/93;1,08
16/3/93;1,38
17/3/93;-2,19
18/3/93;1,03
19/3/93;-0,33
22/3/93;-1,2
23/3/93;0,49
24/3/93;0,65
25/3/93;0,67
26/3/93;0,34
29/3/93;0,84
30/3/93;-3,96
31/3/93;1,5
1/4/93;0,33
2/4/93;-4,42
5/4/93;0,78
6/4/93;0,74
7/4/93;2,72
8/4/93;-0,41
12/4/93;0,71
13/4/93;0,82
14/4/93;1,26
15/4/93;-0,03
16/4/93;-0,98
19/4/93;-0,9
20/4/93;0,68
21/4/93;2,09
22/4/93;0,28
23/4/93;-0,15
26/4/93;-0,21
27/4/93;0,69
28/4/93;-0,13
29/4/93;2,16
30/4/93;0,92
3/5/93;1,36
4/5/93;1,29
5/5/93;1,93
6/5/93;-0,44
7/5/93;1,08
10/5/93;-0,61
11/5/93;0,26
12/5/93;0,06
13/5/93;-1,07
14/5/93;1,7
17/5/93;0,98
18/5/93;0,68
19/5/93;2,09
20/5/93;1,53
21/5/93;0,42
24/5/93;1,88
25/5/93;-0,05
26/5/93;1,12
27/5/93;0,16
28/5/93;-1,18
1/6/93;1,59
2/6/93;0,16
3/6/93;0,55
4/6/93;-0,86
7/6/93;-1,57
8/6/93;-0,4
9/6/93;0,48
10/6/93;-0,32
11/6/93;1,04
14/6/93;1,03
15/6/93;-0,31
16/6/93;-0,08
17/6/93;0,31
18/6/93;-0,47
21/6/93;-0,24
22/6/93;0,32
23/6/93;-0,31
24/6/93;0,71
25/6/93;1,18
28/6/93;1,55
29/6/93;-1,45
30/6/93;1,86
1/7/93;-0,39
2/7/93;-0,4
6/7/93;-1,63
7/7/93;-0,74
8/7/93;1,38
9/7/93;0,89
12/7/93;1,25
13/7/93;-0,09
14/7/93;-0,53
15/7/93;0,05
16/7/93;-3,11
19/7/93;-1,26
20/7/93;3,61
21/7/93;0,76
22/7/93;0,83
23/7/93;0,18
26/7/93;0,96
27/7/93;-0,08
28/7/93;-1
29/7/93;1,04
30/7/93;-1,05
2/8/93;2,38
3/8/93;0,92
4/8/93;0,38
5/8/93;1,98
6/8/93;1,62
9/8/93;-0,11
10/8/93;-1,08
11/8/93;4,45
12/8/93;0,85
13/8/93;0,56
16/8/93;2,81
17/8/93;0,45
18/8/93;-1,26
19/8/93;-1,15
20/8/93;0,57
23/8/93;2,4
24/8/93;-0,1
25/8/93;-1,59
26/8/93;-1,34
27/8/93;0,74
30/8/93;1,17
31/8/93;1,31
1/9/93;-0,64
2/9/93;-0,12
3/9/93;-2,71
7/9/93;-2,72
8/9/93;-2,34
9/9/93;2,1
10/9/93;-0,07
13/9/93;-1,82
14/9/93;-2,45
15/9/93;1,09
16/9/93;1,58
17/9/93;2,32
20/9/93;1,2
21/9/93;-2,05
22/9/93;3,66
23/9/93;0,94
24/9/93;1,35
27/9/93;0,63
28/9/93;1,82
29/9/93;-3,23
30/9/93;-3,11
1/10/93;0,48
4/10/93;1,91
5/10/93;-0,39
6/10/93;-0,99
7/10/93;-1,1
8/10/93;0,69
11/10/93;1,75
12/10/93;1,16
13/10/93;0,66
14/10/93;-0,31
15/10/93;0,02
18/10/93;0,29
19/10/93;-2,96
20/10/93;-2,47
21/10/93;0,19
22/10/93;1,87
25/10/93;-0,48
26/10/93;-1,32
27/10/93;2,11
28/10/93;-1,06
29/10/93;1,02
1/11/93;-0,92
2/11/93;-1,62
3/11/93;-2,7
4/11/93;-2,55
5/11/93;1,09
8/11/93;1,58
9/11/93;0,49
10/11/93;-0,13
11/11/93;0,37
12/11/93;-0,23
15/11/93;-0,55
16/11/93;-1,31
17/11/93;-1,07
18/11/93;-0,29
19/11/93;-2,14
22/11/93;-3,88
23/11/93;1,24
24/11/93;3,2
26/11/93;1,79
29/11/93;-0,34
30/11/93;-1,83
1/12/93;1,25
2/12/93;1,11
3/12/93;1,66
6/12/93;-0,35
7/12/93;1,24
8/12/93;3,01
9/12/93;-1,71
10/12/93;-0,7
13/12/93;1,26
14/12/93;-2,43
15/12/93;-0,32
16/12/93;1,34
17/12/93;-0,98
20/12/93;-0,03
21/12/93;-0,45
22/12/93;-3,1
23/12/93;0,45
27/12/93;-0,77
28/12/93;0,02
29/12/93;1,44
30/12/93;0,46
31/12/93;-1,43
3/1/94;-0,83
4/1/94;2,48
5/1/94;1,68
6/1/94;0,34
7/1/94;0,34
10/1/94;2,93
11/1/94;-0,77
12/1/94;-1,31
13/1/94;0,56
14/1/94;0,8
17/1/94;0,94
18/1/94;-0,3
19/1/94;-0,79
20/1/94;1,29
21/1/94;-0,39
24/1/94;-3,36
25/1/94;-1,12
26/1/94;0,95
27/1/94;0,82
28/1/94;-0,28
31/1/94;0,32
1/2/94;-0,09
2/2/94;-0,71
3/2/94;-0,32
4/2/94;-3,1
7/2/94;2,09
8/2/94;2,52
9/2/94;0,16
10/2/94;-0,84
11/2/94;-0,67
14/2/94;2,18
15/2/94;1,35
16/2/94;-1,04
17/2/94;-3,72
18/2/94;-0,42
22/2/94;0,89
23/2/94;-0,71
24/2/94;0,82
25/2/94;-0,39
28/2/94;3,1
1/3/94;-2,5
2/3/94;-0,16
3/3/94;3,34
4/3/94;-0,76
7/3/94;2,04
8/3/94;-0,49
9/3/94;-0,77
10/3/94;0,68
11/3/94;0,69
14/3/94;-0,25
15/3/94;-0,91
16/3/94;0,43
17/3/94;0,55
18/3/94;-0,35
21/3/94;-0,98
22/3/94;-1
23/3/94;0,73
24/3/94;-2,46
25/3/94;-1,43
28/3/94;-1,67
29/3/94;-2,26
30/3/94;-1,95
31/3/94;-0,87
4/4/94;1,34
5/4/94;2,42
6/4/94;2,34
7/4/94;1,75
8/4/94;-1,68
11/4/94;0,88
12/4/94;-1,34
13/4/94;-2,37
14/4/94;1,24
15/4/94;-0,26
18/4/94;0,81
19/4/94;-0,02
20/4/94;-4,27
21/4/94;0,8
22/4/94;1,53
25/4/94;7,35
26/4/94;1,12
28/4/94;-0,58
29/4/94;1,06
2/5/94;-0,02
3/5/94;0
4/5/94;0
5/5/94;0
6/5/94;0
9/5/94;0
10/5/94;0
11/5/94;0
12/5/94;0
13/5/94;0
16/5/94;0
17/5/94;0
18/5/94;0
19/5/94;0
20/5/94;0
23/5/94;0
24/5/94;0
25/5/94;0
26/5/94;0
27/5/94;0
31/5/94;0
1/6/94;0
2/6/94;0
3/6/94;0
6/6/94;0
7/6/94;0
8/6/94;0
9/6/94;0
10/6/94;0
13/6/94;0
14/6/94;0
15/6/94;0
16/6/94;0
17/6/94;0
20/6/94;0
21/6/94;0
22/6/94;0
23/6/94;0
24/6/94;0
27/6/94;0
28/6/94;0
29/6/94;0
30/6/94;0
1/7/94;0
5/7/94;0
6/7/94;0
7/7/94;0
8/7/94;0
11/7/94;0
12/7/94;0
13/7/94;0
14/7/94;0
15/7/94;0
18/7/94;0
19/7/94;0
20/7/94;0
21/7/94;0
22/7/94;0
25/7/94;0
26/7/94;0
27/7/94;0
28/7/94;0
29/7/94;0
1/8/94;2,04
2/8/94;0,87
3/8/94;-1,39
4/8/94;-2,69
5/8/94;-1,66
8/8/94;1,95
9/8/94;0,81
10/8/94;-0,51
11/8/94;-0,93
12/8/94;1
15/8/94;0,96
16/8/94;0,21
17/8/94;-1,1
18/8/94;0,14
19/8/94;0,56
22/8/94;-0,34
23/8/94;1,09
24/8/94;1,28
25/8/94;0,68
26/8/94;0,28
29/8/94;2,87
30/8/94;0,47
31/8/94;-0,07
1/9/94;-1,07
2/9/94;-1,43
6/9/94;-0,09
7/9/94;2,41
8/9/94;1,65
9/9/94;-0,22
12/9/94;-2,13
13/9/94;0,97
14/9/94;-0,48
15/9/94;2,16
16/9/94;0,51
19/9/94;1,6
20/9/94;-0,34
21/9/94;-0,97
22/9/94;0,24
23/9/94;-0,69
26/9/94;-2,32
27/9/94;1,26
28/9/94;3,26
29/9/94;0,39
30/9/94;-0,2
3/10/94;0,49
4/10/94;-2
5/10/94;1,27
6/10/94;-0,61
7/10/94;-0,39
10/10/94;1,54
11/10/94;2,28
12/10/94;-0,17
13/10/94;1,47
14/10/94;2,27
17/10/94;-0,92
18/10/94;0,01
19/10/94;-0,04
20/10/94;-0,69
21/10/94;0,2
24/10/94;-3,51
25/10/94;-0,22
26/10/94;-0,97
27/10/94;1,84
28/10/94;-0,65
31/10/94;-1,89
1/11/94;2,41
2/11/94;-0,12
3/11/94;-0,86
4/11/94;-3,87
7/11/94;2,24
8/11/94;2,13
9/11/94;0,36
10/11/94;-1,46
11/11/94;-1,5
14/11/94;2,59
15/11/94;2,3
16/11/94;-0,41
17/11/94;-1,71
18/11/94;1,73
21/11/94;-0,86
22/11/94;-3,97
23/11/94;1,24
25/11/94;1,85
28/11/94;0,06
29/11/94;0,58
30/11/94;-1,95
1/12/94;-1,56
2/12/94;-0,23
5/12/94;2,25
6/12/94;0,08
7/12/94;-0,82
8/12/94;-5,02
9/12/94;2,46
12/12/94;0,55
13/12/94;-0,98
14/12/94;2,2
15/12/94;6,06
16/12/94;-1,87
19/12/94;-0,61
20/12/94;1,43
21/12/94;2,85
22/12/94;0,75
23/12/94;1,41
27/12/94;2,63
28/12/94;-0,15
29/12/94;0,87
30/12/94;-0,02
3/1/95;-0,28
4/1/95;0
5/1/95;0
6/1/95;0
9/1/95;0
10/1/95;0
11/1/95;0
12/1/95;0
13/1/95;0
16/1/95;0
17/1/95;0
18/1/95;0
19/1/95;0
20/1/95;0
23/1/95;0
24/1/95;0
25/1/95;0
26/1/95;0
27/1/95;0
30/1/95;0
31/1/95;0
1/2/95;-0,19
2/2/95;0,31
3/2/95;1,03
6/2/95;1,69
7/2/95;-1,35
8/2/95;2,81
9/2/95;2,42
10/2/95;1,93
13/2/95;-0,36
14/2/95;-0,45
15/2/95;0,16
16/2/95;-0,66
17/2/95;0
21/2/95;-0,56
22/2/95;0,32
23/2/95;0,08
24/2/95;-0,46
27/2/95;-1,88
28/2/95;1,5
1/3/95;1,36
2/3/95;1,9
3/3/95;0,66
6/3/95;0,56
7/3/95;-1,15
8/3/95;-1,45
9/3/95;0,47
10/3/95;0,58
13/3/95;1,5
14/3/95;1,06
15/3/95;0,14
16/3/95;-0,91
17/3/95;0,23
20/3/95;4,39
21/3/95;1,55
22/3/95;-0,57
23/3/95;1,28
24/3/95;1,26
27/3/95;1,63
28/3/95;1,09
29/3/95;-4,43
30/3/95;-3,46
31/3/95;0,86
3/4/95;1,92
4/4/95;-3,32
5/4/95;0,1
6/4/95;-0,89
7/4/95;1,41
10/4/95;2,6
11/4/95;0,22
12/4/95;1,15
13/4/95;-4,38
17/4/95;-5,32
18/4/95;2,57
19/4/95;-1,45
20/4/95;-0,27
21/4/95;1,99
24/4/95;3,95
25/4/95;0,74
26/4/95;-0,56
27/4/95;-1,12
28/4/95;-0,94
1/5/95;-2,14
2/5/95;0,65
3/5/95;3,54
4/5/95;0,56
5/5/95;1,52
8/5/95;-0,7
9/5/95;-1,05
10/5/95;0,09
11/5/95;2,79
12/5/95;1,11
15/5/95;0,07
16/5/95;1,12
17/5/95;0,91
18/5/95;0,07
19/5/95;1,16
22/5/95;0,92
23/5/95;2,55
24/5/95;-1,5
25/5/95;-0,36
26/5/95;-0,64
30/5/95;-3,27
31/5/95;0,16
1/6/95;1,14
2/6/95;2,73
5/6/95;1,04
6/6/95;0,32
7/6/95;-0,21
8/6/95;-1,26
9/6/95;0,52
12/6/95;0,78
13/6/95;1,73
14/6/95;-0,62
15/6/95;0,05
16/6/95;0,11
19/6/95;1,79
20/6/95;0,66
21/6/95;-0,25
22/6/95;1,24
23/6/95;-0,03
26/6/95;-1,24
27/6/95;-1,06
28/6/95;-0,31
29/6/95;1,38
30/6/95;0,34
3/7/95;-0,6
5/7/95;2,26
6/7/95;4,46
7/7/95;2,03
10/7/95;0,07
11/7/95;-2,23
12/7/95;2,14
13/7/95;2,38
14/7/95;-0,93
17/7/95;1,16
18/7/95;-2,76
19/7/95;-4,96
20/7/95;0,81
21/7/95;1,7
24/7/95;3,48
25/7/95;0,13
26/7/95;-0,04
27/7/95;1,93
28/7/95;-1,1
31/7/95;-1,27
1/8/95;-2,17
2/8/95;-1,51
3/8/95;-1,29
4/8/95;1,46
7/8/95;0,24
8/8/95;0
9/8/95;0,16
10/8/95;-1,03
11/8/95;1,94
14/8/95;1,51
15/8/95;1,62
16/8/95;1,37
17/8/95;2,65
18/8/95;-1,55
21/8/95;-2,1
22/8/95;2,28
23/8/95;1,48
24/8/95;-0,67
25/8/95;0
28/8/95;-3,65
29/8/95;1,08
30/8/95;-0,24
31/8/95;0,63
1/9/95;0,12
5/9/95;5,71
6/9/95;0,25
7/9/95;-0,25
8/9/95;2,45
11/9/95;1,95
12/9/95;-1,74
13/9/95;-0,73
14/9/95;-1,02
15/9/95;-1,38
18/9/95;0,59
19/9/95;2,4
20/9/95;-0,67
21/9/95;-0,63
22/9/95;-2,03
25/9/95;-1,49
26/9/95;-0,53
27/9/95;-0,53
28/9/95;4,16
29/9/95;-2,87
2/10/95;-2,09
3/10/95;-1,13
4/10/95;-3,21
5/10/95;3,54
6/10/95;-3,24
9/10/95;-3,4
10/10/95;1,96
11/10/95;0,97
12/10/95;3,98
13/10/95;-1,07
16/10/95;0,23
17/10/95;4,21
18/10/95;1,42
19/10/95;0,42
20/10/95;-2,74
23/10/95;0,89
24/10/95;0,66
25/10/95;-3,03
26/10/95;0,19
27/10/95;2,28
30/10/95;4
31/10/95;-1,54
1/11/95;0,07
2/11/95;1,55
3/11/95;2,8
6/11/95;0,17
7/11/95;-0,54
8/11/95;0,54
9/11/95;2,19
10/11/95;-1,13
13/11/95;-0,5
14/11/95;-9,28
15/11/95;-3,13
16/11/95;2,14
17/11/95;0,53
20/11/95;-0,15
21/11/95;0,79
22/11/95;-0,55
24/11/95;1,62
27/11/95;-1,33
28/11/95;2,48
29/11/95;1,11
30/11/95;0,3
1/12/95;-2,42
4/12/95;1,15
5/12/95;-1,9
6/12/95;-0,33
7/12/95;-0,65
8/12/95;0,38
11/12/95;0,25
12/12/95;-0,55
13/12/95;-1,97
14/12/95;-3,15
15/12/95;-3,29
18/12/95;-3,02
19/12/95;6,24
20/12/95;-0,76
21/12/95;-0,71
22/12/95;2,05
26/12/95;0,05
27/12/95;-0,69
28/12/95;-1,29
29/12/95;0,84
2/1/96;1,1
3/1/96;2,72
4/1/96;-0,65
5/1/96;0,56
8/1/96;-1,73
9/1/96;-4,26
10/1/96;-6,31
11/1/96;2,79
12/1/96;-0,58
15/1/96;-3,14
16/1/96;0,68
17/1/96;5,18
18/1/96;3,08
19/1/96;0,34
22/1/96;0,83
23/1/96;-1,05
24/1/96;0,17
25/1/96;-2,15
26/1/96;2
29/1/96;-0,29
30/1/96;1,73
31/1/96;1,96
1/2/96;2,12
2/2/96;-0,09
5/2/96;2
6/2/96;2,45
7/2/96;-1,69
8/2/96;1,32
9/2/96;0,07
12/2/96;-4,04
13/2/96;-0,86
14/2/96;3,19
15/2/96;2,06
16/2/96;-0,21
20/2/96;-1,7
21/2/96;0,35
22/2/96;4,34
23/2/96;1,52
26/2/96;-1,47
27/2/96;-5,22
28/2/96;-0,86
29/2/96;-1,1
1/3/96;-3,07
4/3/96;-0,12
5/3/96;0,38
6/3/96;-1,55
7/3/96;1
8/3/96;-2,1
11/3/96;2,54
12/3/96;-0,84
13/3/96;4,66
14/3/96;1,51
15/3/96;3,04
18/3/96;1,63
19/3/96;-2,23
20/3/96;-3,41
21/3/96;1,04
22/3/96;-0,53
25/3/96;-3,62
26/3/96;3,48
27/3/96;1,09
28/3/96;-1,6
29/3/96;0,28
1/4/96;1,63
2/4/96;1,29
3/4/96;2,06
4/4/96;2,33
8/4/96;-2,98
9/4/96;0,25
10/4/96;-0,81
11/4/96;-1,3
12/4/96;1,55
15/4/96;-0,15
16/4/96;0,95
17/4/96;-0,47
18/4/96;0,63
19/4/96;0,34
22/4/96;-2,77
23/4/96;-1,15
24/4/96;0,42
25/4/96;0,36
26/4/96;2,51
29/4/96;1,35
30/4/96;0,43
1/5/96;1,47
2/5/96;-3,14
3/5/96;0,34
6/5/96;2,94
7/5/96;3,62
8/5/96;-1,38
9/5/96;-1,22
10/5/96;-0,39
13/5/96;1,83
14/5/96;4,1
15/5/96;-0,37
16/5/96;1,44
17/5/96;-1,82
20/5/96;1,61
21/5/96;-1,57
22/5/96;-0,63
23/5/96;-1,53
24/5/96;-1,04
28/5/96;0,44
29/5/96;-1,8
30/5/96;-0,75
31/5/96;1,04
3/6/96;1,26
4/6/96;1,41
5/6/96;0,99
6/6/96;-1,59
7/6/96;-0,51
10/6/96;-0,48
11/6/96;-0,67
12/6/96;0,79
13/6/96;-0,05
14/6/96;-2,27
17/6/96;-0,82
18/6/96;-0,65
19/6/96;1,31
20/6/96;-1,04
21/6/96;0,88
24/6/96;-2,58
25/6/96;-0,12
26/6/96;-1,34
27/6/96;1,79
28/6/96;2,97
1/7/96;1,69
2/7/96;0,88
3/7/96;0,79
5/7/96;-2,4
8/7/96;-1,04
9/7/96;1,31
10/7/96;-1,12
11/7/96;-1,41
12/7/96;0,28
15/7/96;-2,91
16/7/96;0,89
17/7/96;0,25
18/7/96;1,73
19/7/96;-2,05
22/7/96;-1,03
23/7/96;-0,92
24/7/96;-0,91
25/7/96;-0,08
26/7/96;1,56
29/7/96;1,83
30/7/96;0,33
31/7/96;0
1/8/96;2,04
2/8/96;0,76
5/8/96;-0,49
6/8/96;0,59
7/8/96;-0,14
8/8/96;-0,88
9/8/96;0,68
12/8/96;1,22
13/8/96;-0,99
14/8/96;0,05
15/8/96;-0,18
16/8/96;-0,72
19/8/96;0,52
20/8/96;0,96
21/8/96;-0,21
22/8/96;0,55
23/8/96;0,27
26/8/96;0,4
27/8/96;1,29
28/8/96;0,01
29/8/96;0,08
30/8/96;0,32
3/9/96;-0,79
4/9/96;1,65
5/9/96;-3,78
6/9/96;2,42
9/9/96;0,7
10/9/96;1,54
11/9/96;-0,72
12/9/96;2,66
13/9/96;2,03
16/9/96;-0,04
17/9/96;0,71
18/9/96;-0,91
19/9/96;1,1
20/9/96;0,18
23/9/96;-1,44
24/9/96;0,15
25/9/96;1,12
26/9/96;1,81
27/9/96;2,95
30/9/96;-0,74
1/10/96;-1,92
2/10/96;1,82
3/10/96;1,31
4/10/96;3,21
7/10/96;0,17
8/10/96;-0,8
9/10/96;-1,9
10/10/96;1,62
11/10/96;-5,55
14/10/96;2,71
15/10/96;0,38
16/10/96;0,33
17/10/96;-1,29
18/10/96;0,05
21/10/96;0,34
22/10/96;-3,46
23/10/96;-0,85
24/10/96;0,37
25/10/96;1,89
28/10/96;-0,59
29/10/96;-2,43
30/10/96;-2,99
31/10/96;3,29
1/11/96;-2,91
4/11/96;-0,2
5/11/96;0,69
6/11/96;1,74
7/11/96;0
8/11/96;2,4
11/11/96;2,13
12/11/96;1,08
13/11/96;0,83
14/11/96;0,16
15/11/96;-2,47
18/11/96;0,11
19/11/96;0,22
20/11/96;2,22
21/11/96;-1,28
22/11/96;2,81
25/11/96;1,15
26/11/96;-0,96
27/11/96;0
29/11/96;0,09
2/12/96;2,01
3/12/96;-0,92
4/12/96;-1,64
5/12/96;2,79
6/12/96;-1,1
9/12/96;3,51
10/12/96;-1,03
11/12/96;0,18
12/12/96;-2,01
13/12/96;-1,72
16/12/96;-3,54
17/12/96;2,6
18/12/96;4,25
19/12/96;1,71
20/12/96;-3,93
23/12/96;-2,07
24/12/96;2,02
26/12/96;0,59
27/12/96;-0,34
30/12/96;-3,1
31/12/96;-1,15
2/1/97;-1,69
3/1/97;2,31
6/1/97;1,26
7/1/97;1,71
8/1/97;-0,23
9/1/97;0,39
10/1/97;2,51
13/1/97;-1,17
14/1/97;0,59
15/1/97;-3,46
16/1/97;0,43
17/1/97;-1,07
20/1/97;0,69
21/1/97;1,61
22/1/97;0,67
23/1/97;-2,28
24/1/97;-1,07
27/1/97;-1,38
28/1/97;-2,6
29/1/97;0,08
30/1/97;2,92
31/1/97;2,19
3/2/97;-0,43
4/2/97;-0,77
5/2/97;-3,43
6/2/97;-0,14
7/2/97;2,45
10/2/97;-2,2
11/2/97;-1,1
12/2/97;3,48
13/2/97;2,12
14/2/97;-0,42
18/2/97;0,84
19/2/97;-0,05
20/2/97;-2,33
21/2/97;-1,52
24/2/97;2,06
25/2/97;-0,78
26/2/97;1,07
27/2/97;-4,68
28/2/97;1,49
3/3/97;1,56
4/3/97;-0,16
5/3/97;1,23
6/3/97;-0,33
7/3/97;0,18
10/3/97;1,08
11/3/97;-1,72
12/3/97;-0,75
13/3/97;-0,35
14/3/97;-0,76
17/3/97;-2,66
18/3/97;-2,47
19/3/97;-0,97
20/3/97;2,14
21/3/97;0,32
24/3/97;-0,44
25/3/97;2,16
26/3/97;0,63
27/3/97;-1,29
31/3/97;-1,66
1/4/97;-0,17
2/4/97;0,15
3/4/97;1,46
4/4/97;4,09
7/4/97;0,15
8/4/97;1,85
9/4/97;-1,75
10/4/97;-1,81
11/4/97;-3,04
14/4/97;3,39
15/4/97;-0,23
16/4/97;-1,14
17/4/97;0
18/4/97;-1,11
21/4/97;-2,35
22/4/97;0,97
23/4/97;4,87
24/4/97;0,32
25/4/97;-1,75
28/4/97;1,01
29/4/97;3,55
30/4/97;0,87
1/5/97;1,68
2/5/97;3,1
5/5/97;1,71
6/5/97;0,32
7/5/97;-0,08
8/5/97;0,08
9/5/97;-0,93
12/5/97;-0,2
13/5/97;-1,12
14/5/97;0,26
15/5/97;1,46
16/5/97;-1,09
19/5/97;-0,73
20/5/97;2,82
21/5/97;3,34
22/5/97;-0,36
23/5/97;1,93
27/5/97;1,07
28/5/97;1
29/5/97;-1,59
30/5/97;2,12
2/6/97;1,6
3/6/97;-4
4/6/97;-1,86
5/6/97;3,18
6/6/97;-0,74
9/6/97;0,52
10/6/97;-1,18
11/6/97;-0,13
12/6/97;0,2
13/6/97;-0,88
16/6/97;3,3
17/6/97;3,95
18/6/97;-2,53
19/6/97;1,36
20/6/97;2,33
23/6/97;-1,3
24/6/97;1,49
25/6/97;-1,65
26/6/97;-2,19
27/6/97;0,52
30/6/97;-0,16
1/7/97;1,51
2/7/97;3,31
3/7/97;1,5
7/7/97;-0,05
8/7/97;0,66
9/7/97;2,63
10/7/97;0,48
11/7/97;3,21
14/7/97;1,63
15/7/97;0,11
16/7/97;4,2
17/7/97;-0,92
18/7/97;-1,43
21/7/97;-1,01
22/7/97;2,66
23/7/97;3,28
24/7/97;2,66
25/7/97;-1,66
28/7/97;-1,67
29/7/97;-0,9
30/7/97;2,23
31/7/97;1,2
1/8/97;2,39
4/8/97;1,89
5/8/97;3,14
6/8/97;-0,54
7/8/97;-0,88
8/8/97;-1,54
11/8/97;-0,96
12/8/97;0,54
13/8/97;4,55
14/8/97;-0,06
15/8/97;-0,47
18/8/97;1,26
19/8/97;1,92
20/8/97;3,97
21/8/97;-2,14
22/8/97;-0,02
25/8/97;-0,75
26/8/97;-1,62
27/8/97;-0,03
28/8/97;-0,09
29/8/97;-1,13
2/9/97;-0,09
3/9/97;1,45
4/9/97;-0,75
5/9/97;-0,03
8/9/97;0,58
9/9/97;0,12
10/9/97;-1,22
11/9/97;0,08
12/9/97;-0,51
15/9/97;-0,41
16/9/97;0,53
17/9/97;2,81
18/9/97;-0,58
19/9/97;0,52
22/9/97;1,8
23/9/97;-2,99
24/9/97;-2,12
25/9/97;-1,36
26/9/97;1,88
29/9/97;-0,23
30/9/97;-1,51
1/10/97;2,12
2/10/97;1,24
3/10/97;-0,76
6/10/97;2,13
7/10/97;1,16
8/10/97;-1,26
9/10/97;-1,31
10/10/97;-0,16
13/10/97;1,3
14/10/97;-0,42
15/10/97;1,66
16/10/97;-2,93
17/10/97;-3,97
20/10/97;-0,48
21/10/97;1,95
22/10/97;-0,51
23/10/97;-2,62
24/10/97;-2,35
27/10/97;-12,94
28/10/97;11,83
29/10/97;-1,68
30/10/97;-3,39
31/10/97;1,72
3/11/97;2,75
4/11/97;0,83
5/11/97;-0,23
6/11/97;-1,07
7/11/97;-1,32
10/11/97;-0,8
11/11/97;0,03
12/11/97;-1,77
13/11/97;0,18
14/11/97;1,61
17/11/97;1,04
18/11/97;-2,1
19/11/97;0,53
20/11/97;2,27
21/11/97;0,03
24/11/97;-1,27
25/11/97;1,52
26/11/97;1,02
28/11/97;0,12
1/12/97;1,56
2/12/97;-1,08
3/12/97;0,55
4/12/97;1,17
5/12/97;0,89
8/12/97;2,65
9/12/97;-0,88
10/12/97;-0,5
11/12/97;-3,49
12/12/97;-0,03
15/12/97;-2,01
16/12/97;-0,21
17/12/97;-0,77
18/12/97;-2,89
19/12/97;-2,39
22/12/97;-0,06
23/12/97;-0,34
24/12/97;-0,32
26/12/97;1
29/12/97;1,39
30/12/97;2,93
31/12/97;1,64
2/1/98;-0,47
5/1/98;0,59
6/1/98;-0,61
7/1/98;1,71
8/1/98;-0,17
9/1/98;-3,13
12/1/98;1
13/1/98;0,32
14/1/98;1,09
15/1/98;1,36
16/1/98;-0,18
20/1/98;1,86
21/1/98;0,11
22/1/98;-1,82
23/1/98;-2,85
26/1/98;-0,13
27/1/98;-1,01
28/1/98;2,09
29/1/98;1,79
30/1/98;-0,04
2/2/98;4,54
3/2/98;3,77
4/2/98;0,9
5/2/98;-0,19
6/2/98;0,56
9/2/98;-0,9
10/2/98;-0,09
11/2/98;1,4
12/2/98;-1,12
13/2/98;-0,16
17/2/98;-1,47
18/2/98;1,93
19/2/98;2,85
20/2/98;0,77
23/2/98;1,75
24/2/98;-0,86
25/2/98;0,78
26/2/98;1,56
27/2/98;0,87
2/3/98;-0,98
3/3/98;-2,04
4/3/98;2,8
5/3/98;-1,04
6/3/98;3,56
9/3/98;-1,96
10/3/98;0,51
11/3/98;0,06
12/3/98;0,69
13/3/98;0,95
16/3/98;0,21
17/3/98;-1,41
18/3/98;0,93
19/3/98;0,31
20/3/98;-1,01
23/3/98;-1,16
24/3/98;1,38
25/3/98;0,31
26/3/98;-0,36
27/3/98;0,03
30/3/98;-0,53
31/3/98;0,07
1/4/98;1,17
2/4/98;-0,78
3/4/98;-1,5
6/4/98;-3,09
7/4/98;-2,53
8/4/98;1,79
9/4/98;2,09
13/4/98;2,14
14/4/98;0,24
15/4/98;-1,16
16/4/98;-1,02
17/4/98;0,24
20/4/98;1,33
21/4/98;5,38
22/4/98;-0,76
23/4/98;-2,53
24/4/98;0,73
27/4/98;-3,06
28/4/98;2,04
29/4/98;1,5
30/4/98;4,06
1/5/98;1,51
4/5/98;-1,67
5/5/98;-1,65
6/5/98;1,1
7/5/98;0,1
8/5/98;1,73
11/5/98;-1,91
12/5/98;1,44
13/5/98;0,85
14/5/98;-0,41
15/5/98;-0,16
18/5/98;-2,83
19/5/98;-0,12
20/5/98;1,11
21/5/98;-1,21
22/5/98;-1,02
26/5/98;-2,71
27/5/98;1,54
28/5/98;0,15
29/5/98;-1,64
1/6/98;-1,36
2/6/98;-1,8
3/6/98;-0,1
4/6/98;2,07
5/6/98;1,86
8/6/98;1,33
9/6/98;1,94
10/6/98;-1,1
11/6/98;-0,62
12/6/98;-1,1
15/6/98;-0,49
16/6/98;0,8
17/6/98;0,31
18/6/98;3,35
19/6/98;-1,19
22/6/98;1,09
23/6/98;0,44
24/6/98;1,99
25/6/98;0,7
26/6/98;-0,52
29/6/98;0,32
30/6/98;-0,8
1/7/98;1,54
2/7/98;-1,66
6/7/98;1,41
7/7/98;0,11
8/7/98;1,62
9/7/98;2,36
10/7/98;-0,85
13/7/98;0,55
14/7/98;0,72
15/7/98;3,08
16/7/98;1,53
17/7/98;1,45
20/7/98;-0,54
21/7/98;-2,25
22/7/98;-1,7
23/7/98;-1,38
24/7/98;-0,61
27/7/98;1,64
28/7/98;-1,24
29/7/98;-1,27
30/7/98;1,98
31/7/98;-1,49
3/8/98;-0,51
4/8/98;-7,15
5/8/98;2,55
6/8/98;1,01
7/8/98;-0,29
10/8/98;0,73
11/8/98;-3,49
12/8/98;1,83
13/8/98;0,56
14/8/98;0,02
17/8/98;2,26
18/8/98;0,23
19/8/98;2,27
20/8/98;0,21
21/8/98;-2,88
24/8/98;-0,54
25/8/98;0,53
26/8/98;-0,44
27/8/98;-3,74
28/8/98;-2,86
31/8/98;-12,84
1/9/98;6,58
2/9/98;1,86
3/9/98;-1,59
4/9/98;0,95
8/9/98;4,44
9/9/98;0,1
10/9/98;-2,03
11/9/98;0,32
14/9/98;1,37
15/9/98;1,31
16/9/98;0,24
17/9/98;-1,17
18/9/98;2,14
21/9/98;-0,29
22/9/98;1,12
23/9/98;0,59
24/9/98;-1,41
25/9/98;-0,99
28/9/98;-0,07
29/9/98;-0,28
30/9/98;2,99
1/10/98;-1,96
2/10/98;0
5/10/98;0
6/10/98;0
7/10/98;0
8/10/98;0
9/10/98;0
12/10/98;0
13/10/98;0
14/10/98;0
15/10/98;0
16/10/98;0
19/10/98;0
20/10/98;0
21/10/98;0
22/10/98;0
23/10/98;0
26/10/98;0
27/10/98;0
28/10/98;0
29/10/98;0
30/10/98;0
2/11/98;0,56
3/11/98;1,14
4/11/98;0,15
5/11/98;0,25
6/11/98;0,55
9/11/98;-0,76
10/11/98;0,8
11/11/98;0,13
12/11/98;0
13/11/98;0,93
16/11/98;-0,05
17/11/98;0,72
18/11/98;0,26
19/11/98;0,8
20/11/98;0,32
23/11/98;1,12
24/11/98;-1,75
25/11/98;-0,2
27/11/98;-0,44
30/11/98;-2,23
1/12/98;1,23
2/12/98;1,94
3/12/98;-1,33
4/12/98;2,82
7/12/98;3,67
8/12/98;-1,29
9/12/98;-0,47
10/12/98;-2,49
11/12/98;0,22
14/12/98;-1
15/12/98;2,24
16/12/98;0,84
17/12/98;1,07
18/12/98;1,36
21/12/98;2,9
22/12/98;-0,24
23/12/98;-2,35
24/12/98;-0,74
28/12/98;-0,22
29/12/98;-0,31
30/12/98;1,24
31/12/98;0,35
4/1/99;0,53
5/1/99;3,26
6/1/99;-0,52
7/1/99;3,63
8/1/99;-0,2
11/1/99;2,5
12/1/99;-1,81
13/1/99;0,44
14/1/99;-3,32
15/1/99;2,57
19/1/99;1,52
20/1/99;0,23
21/1/99;-2,63
22/1/99;0,2
25/1/99;2,25
26/1/99;1,9
27/1/99;-0,21
28/1/99;4,06
29/1/99;2,74
1/2/99;2,42
2/2/99;-1,41
3/2/99;-2
4/2/99;-3,55
5/2/99;-1,59
8/2/99;2,08
9/2/99;-4,24
10/2/99;0,59
11/2/99;5,58
12/2/99;-4,84
16/2/99;1,64
17/2/99;-4,86
18/2/99;2,73
19/2/99;-0,35
22/2/99;3,49
23/2/99;2,6
24/2/99;-2,91
25/2/99;-2,25
26/2/99;-0,14
1/3/99;0,78
2/3/99;-0,28
3/3/99;-0,27
4/3/99;1,99
5/3/99;1,28
8/3/99;4,54
9/3/99;0,9
10/3/99;1,54
11/3/99;1,98
12/3/99;0,1
15/3/99;1,98
16/3/99;-1,14
17/3/99;-0,08
18/3/99;1,61
19/3/99;-0,83
22/3/99;0,77
23/3/99;-1,48
24/3/99;-0,87
25/3/99;1,99
26/3/99;-0,57
29/3/99;1,29
30/3/99;0,21
31/3/99;-1,78
1/4/99;0,11
5/4/99;7,09
6/4/99;1,59
7/4/99;-1,32
8/4/99;0,63
9/4/99;-0,47
12/4/99;-1,64
13/4/99;-0,94
14/4/99;-3,07
15/4/99;-0,37
16/4/99;-3,28
19/4/99;-6,32
20/4/99;3,34
21/4/99;3,07
22/4/99;3,28
23/4/99;0,52
26/4/99;1,65
27/4/99;-1,98
28/4/99;-2,69
29/4/99;-1,41
30/4/99;0,87
3/5/99;-1,88
4/5/99;-0,46
5/5/99;0,39
6/5/99;-0,25
7/5/99;1,86
10/5/99;1,26
11/5/99;0,82
12/5/99;1,81
13/5/99;-3,05
14/5/99;-3,41
17/5/99;1,28
18/5/99;0,75
19/5/99;-2,64
20/5/99;-3,34
21/5/99;-0,2
24/5/99;-3,73
25/5/99;-4,39
26/5/99;3,26
27/5/99;0,49
28/5/99;2,01
1/6/99;-1,91
2/6/99;0,09
3/6/99;0,21
4/6/99;2,88
7/6/99;1,56
8/6/99;-3,96
9/6/99;-1,03
10/6/99;-1,83
11/6/99;-2,35
14/6/99;0,6
15/6/99;3,76
16/6/99;3,79
17/6/99;1,8
18/6/99;0,04
21/6/99;2,93
22/6/99;-1,86
23/6/99;1,96
24/6/99;-2,94
25/6/99;1,5
28/6/99;2,82
29/6/99;2,46
30/6/99;-2,65
1/7/99;3,44
2/7/99;1,09
6/7/99;2,1
7/7/99;-0,8
8/7/99;0,99
9/7/99;-0,98
12/7/99;0,76
13/7/99;-1,31
14/7/99;1,94
15/7/99;0,27
16/7/99;2,35
19/7/99;-0,88
20/7/99;-5,03
21/7/99;2,06
22/7/99;-3,15
23/7/99;1,99
26/7/99;-1,19
27/7/99;2,6
28/7/99;1,95
29/7/99;-2,68
30/7/99;3
2/8/99;-0,05
3/8/99;-1,51
4/8/99;-1,89
5/8/99;-1
6/8/99;-1,06
9/8/99;-1,37
10/8/99;1,28
11/8/99;4,59
12/8/99;0,45
13/8/99;5,86
16/8/99;-1,41
17/8/99;-0,13
18/8/99;-0,65
19/8/99;-0,31
20/8/99;5,1
23/8/99;1,59
24/8/99;-0,28
25/8/99;2,94
26/8/99;0,22
27/8/99;-2,62
30/8/99;-2,85
31/8/99;0,22
1/9/99;0,08
2/9/99;-4,25
3/9/99;4,82
7/9/99;-0,49
8/9/99;-2,75
9/9/99;1
10/9/99;0,77
13/9/99;-3,33
14/9/99;0,01
15/9/99;-5,29
16/9/99;2,55
17/9/99;1,87
20/9/99;-0,23
21/9/99;-4,08
22/9/99;2,66
23/9/99;-6,32
24/9/99;0,28
27/9/99;1,36
28/9/99;-0,39
29/9/99;0,76
30/9/99;-5,84
1/10/99;0,5
4/10/99;3,58
5/10/99;0,92
6/10/99;2,09
7/10/99;2,86
8/10/99;-0,68
11/10/99;-0,72
12/10/99;-2,32
13/10/99;-2,33
14/10/99;1,2
15/10/99;-4,73
18/10/99;-3,91
19/10/99;0,24
20/10/99;4,03
21/10/99;3,23
22/10/99;-1,4
25/10/99;1,73
26/10/99;0,11
27/10/99;-0,43
28/10/99;2,36
29/10/99;5,22
1/11/99;-0,28
2/11/99;-0,28
3/11/99;7
4/11/99;0,54
5/11/99;3,77
8/11/99;-0,74
9/11/99;1,14
10/11/99;2,06
11/11/99;2,3
12/11/99;1,3
15/11/99;-0,05
16/11/99;0,52
17/11/99;4,37
18/11/99;0,26
19/11/99;-0,24
22/11/99;3,66
23/11/99;-1,09
24/11/99;1,18
26/11/99;0,58
29/11/99;3,32
30/11/99;0
1/12/99;-0,65
2/12/99;1,63
3/12/99;3,38
6/12/99;-1,59
7/12/99;-1,6
8/12/99;3,69
9/12/99;3,31
10/12/99;-2,27
13/12/99;-0,92
14/12/99;-1,91
15/12/99;0,12
16/12/99;-0,94
17/12/99;-0,07
20/12/99;0,35
21/12/99;0,43
22/12/99;1,49
23/12/99;0,14
27/12/99;-0,38
28/12/99;-0,99
29/12/99;0,22
30/12/99;-0,49
31/12/99;0,69
3/1/00;-2,07
4/1/00;-4,44
5/1/00;-2,35
6/1/00;-4,42
7/1/00;6,2
10/1/00;5,22
11/1/00;-0,17
12/1/00;3,5
13/1/00;6,51
14/1/00;0,21
18/1/00;2,47
19/1/00;0,87
20/1/00;2,37
21/1/00;-2,27
24/1/00;-0,31
25/1/00;-1,45
26/1/00;-6,06
27/1/00;1,62
28/1/00;-3,04
31/1/00;2,45
1/2/00;2,86
2/2/00;-0,18
3/2/00;3,49
4/2/00;0,86
7/2/00;0
8/2/00;1,64
9/2/00;-0,81
10/2/00;3,66
11/2/00;-2,58
14/2/00;1,26
15/2/00;1,06
16/2/00;2,21
17/2/00;-0,62
18/2/00;-2,5
22/2/00;1,25
23/2/00;5,7
24/2/00;4,4
25/2/00;-1,4
28/2/00;2,89
29/2/00;1,78
1/3/00;-1,32
2/3/00;-2,85
3/3/00;3,64
6/3/00;2,69
7/3/00;-0,48
8/3/00;0,47
9/3/00;2,85
10/3/00;3,09
13/3/00;-1,19
14/3/00;-3,63
15/3/00;-2,17
16/3/00;3,65
17/3/00;2,41
20/3/00;-3,63
21/3/00;2,4
22/3/00;0,78
23/3/00;3,09
24/3/00;-0,58
27/3/00;1,16
28/3/00;-0,17
29/3/00;0,16
30/3/00;-2,45
31/3/00;0,81
3/4/00;-1,08
4/4/00;-2,35
5/4/00;5,19
6/4/00;0,81
7/4/00;4,23
10/4/00;-2,54
11/4/00;-3,94
12/4/00;-7,76
13/4/00;3,51
14/4/00;-5,07
17/4/00;8,5
18/4/00;5,18
19/4/00;-3,02
20/4/00;0,14
24/4/00;0,22
25/4/00;8,81
26/4/00;-2,91
27/4/00;1,65
28/4/00;-0,06
1/5/00;-0,01
2/5/00;-2,72
3/5/00;-4,5
4/5/00;-0,07
5/5/00;2,56
8/5/00;-3,49
9/5/00;-2,85
10/5/00;-4,01
11/5/00;3,64
12/5/00;4,47
15/5/00;1,96
16/5/00;4,04
17/5/00;-0,57
18/5/00;1,31
19/5/00;-3,41
22/5/00;-3,81
23/5/00;-3,05
24/5/00;-3,09
25/5/00;5,54
26/5/00;-0,05
30/5/00;3,67
31/5/00;-0,23
1/6/00;-1,48
2/6/00;-1,26
5/6/00;-2,52
6/6/00;2,57
7/6/00;0,11
8/6/00;2,94
9/6/00;-0,9
12/6/00;1,93
13/6/00;0,2
14/6/00;-1,85
15/6/00;-0,4
16/6/00;0,78
19/6/00;-1,22
20/6/00;0,53
21/6/00;1,67
22/6/00;-0,94
23/6/00;-0,4
26/6/00;-0,83
27/6/00;0,05
28/6/00;-0,31
29/6/00;0,59
30/6/00;-1,58
3/7/00;2,83
5/7/00;-2,85
6/7/00;0,74
7/7/00;3,56
10/7/00;2,45
11/7/00;-1,87
12/7/00;1,97
13/7/00;2,94
14/7/00;3,71
17/7/00;0,7
18/7/00;-3,51
19/7/00;-3,68
20/7/00;9,33
21/7/00;-2,3
24/7/00;2,23
25/7/00;-0,07
26/7/00;-0,63
27/7/00;-2,89
28/7/00;-3,93
31/7/00;2,62
1/8/00;-0,61
2/8/00;-0,55
3/8/00;-0,32
4/8/00;3,49
7/8/00;5,1
8/8/00;-0,26
9/8/00;-1,99
10/8/00;-1,98
11/8/00;0,16
14/8/00;0,52
15/8/00;-0,53
16/8/00;-0,69
17/8/00;2,85
18/8/00;0,04
21/8/00;-0,02
22/8/00;0,25
23/8/00;0,35
24/8/00;-0,32
25/8/00;0,88
28/8/00;1,19
29/8/00;-1,03
30/8/00;0,86
31/8/00;1,54
1/9/00;3,36
5/9/00;-2,63
6/9/00;-2,22
7/9/00;1,5
8/9/00;-3,13
11/9/00;-3,26
12/9/00;-1,54
13/9/00;2,08
14/9/00;3,45
15/9/00;0,54
18/9/00;-1,68
19/9/00;3,68
20/9/00;2
21/9/00;-0,81
22/9/00;2,09
25/9/00;1,91
26/9/00;-0,08
27/9/00;-1,97
28/9/00;1,65
29/9/00;-2,38
2/10/00;-0,98
3/10/00;-2,48
4/10/00;-1,46
5/10/00;1,9
6/10/00;0,86
9/10/00;0,82
10/10/00;-3,65
11/10/00;-0,78
12/10/00;-1,99
13/10/00;2,34
16/10/00;3,14
17/10/00;-0,39
18/10/00;-2,43
19/10/00;-2,03
20/10/00;2,51
23/10/00;-0,37
24/10/00;-0,49
25/10/00;-0,82
26/10/00;-2,94
27/10/00;1,36
30/10/00;-1,22
31/10/00;0
1/11/00;-0,5
2/11/00;0
3/11/00;0
6/11/00;0
7/11/00;0
8/11/00;0
9/11/00;0
10/11/00;0
13/11/00;0
14/11/00;0
15/11/00;0
16/11/00;0
17/11/00;0
20/11/00;0
21/11/00;0
22/11/00;0
24/11/00;0
27/11/00;0
28/11/00;0
29/11/00;0
30/11/00;0
1/12/00;0
4/12/00;0
5/12/00;0
6/12/00;0
7/12/00;0
8/12/00;0
11/12/00;0
12/12/00;0
13/12/00;0
14/12/00;0
15/12/00;0
18/12/00;0
19/12/00;0
20/12/00;0
21/12/00;0
22/12/00;0
26/12/00;0
27/12/00;0
28/12/00;0
29/12/00;0
2/1/01;0
3/1/01;0
4/1/01;0
5/1/01;0
8/1/01;0
9/1/01;0
10/1/01;0
11/1/01;0
12/1/01;0
16/1/01;0
17/1/01;0
18/1/01;0
19/1/01;0
22/1/01;0
23/1/01;0
24/1/01;0
25/1/01;0
26/1/01;0
29/1/01;0
30/1/01;0
31/1/01;0
1/2/01;0
2/2/01;0
5/2/01;0
6/2/01;0
7/2/01;0
8/2/01;0
9/2/01;0
12/2/01;0
13/2/01;0
14/2/01;0
15/2/01;0
16/2/01;0
20/2/01;0
21/2/01;0
22/2/01;0
23/2/01;0
26/2/01;0
27/2/01;0
28/2/01;0
1/3/01;0
2/3/01;0
5/3/01;0
6/3/01;0
7/3/01;0
8/3/01;0
9/3/01;0
12/3/01;0
13/3/01;0
14/3/01;0
15/3/01;0
16/3/01;0
19/3/01;0
20/3/01;0
21/3/01;0
22/3/01;0
23/3/01;0
26/3/01;0
27/3/01;0
28/3/01;0
29/3/01;0
30/3/01;0
2/4/01;0
3/4/01;0
4/4/01;0
5/4/01;0
6/4/01;0
9/4/01;0
10/4/01;0
11/4/01;0
12/4/01;0
16/4/01;0
17/4/01;0
18/4/01;0
19/4/01;0
20/4/01;0
23/4/01;0
24/4/01;0
25/4/01;0
26/4/01;0
27/4/01;0
30/4/01;0
1/5/01;0
2/5/01;0
3/5/01;0
4/5/01;0
7/5/01;0
8/5/01;0
9/5/01;0
10/5/01;0
11/5/01;0
14/5/01;0
15/5/01;0
16/5/01;0
17/5/01;0
18/5/01;0
21/5/01;0
22/5/01;0
23/5/01;0
24/5/01;0
25/5/01;0
29/5/01;0
30/5/01;0
31/5/01;0
1/6/01;0
4/6/01;0
5/6/01;0
6/6/01;0
7/6/01;0
8/6/01;0
11/6/01;0
12/6/01;0
13/6/01;0
14/6/01;0
15/6/01;0
18/6/01;0
19/6/01;0
20/6/01;0
21/6/01;0
22/6/01;0
25/6/01;0
26/6/01;0
27/6/01;0
28/6/01;0
29/6/01;0
2/7/01;0
3/7/01;0
5/7/01;0
6/7/01;0
9/7/01;0
10/7/01;0
11/7/01;0
12/7/01;0
13/7/01;0
16/7/01;0
17/7/01;0
18/7/01;0
19/7/01;0
20/7/01;0
23/7/01;0
24/7/01;0
25/7/01;0
26/7/01;0
27/7/01;0
30/7/01;0
31/7/01;0
1/8/01;0
2/8/01;0
3/8/01;0
6/8/01;0
7/8/01;0
8/8/01;0
9/8/01;0
10/8/01;0
13/8/01;0
14/8/01;0
15/8/01;0
16/8/01;0
17/8/01;0
20/8/01;0
21/8/01;0
22/8/01;0
23/8/01;0
24/8/01;0
27/8/01;0
28/8/01;0
29/8/01;0
30/8/01;0
31/8/01;0
4/9/01;0
5/9/01;0
6/9/01;0
7/9/01;0
10/9/01;0
17/9/01;0
18/9/01;0
19/9/01;0
20/9/01;0
21/9/01;0
24/9/01;0
25/9/01;0
26/9/01;0
27/9/01;0
28/9/01;0
1/10/01;0
2/10/01;0
3/10/01;0
4/10/01;0
5/10/01;0
8/10/01;0
9/10/01;0
10/10/01;0
11/10/01;0
12/10/01;0
15/10/01;0
16/10/01;0
17/10/01;0
18/10/01;0
19/10/01;0
22/10/01;0
23/10/01;0
24/10/01;0
25/10/01;0
26/10/01;0
29/10/01;0
30/10/01;0
31/10/01;0
1/11/01;0
2/11/01;0
5/11/01;0
6/11/01;0
7/11/01;0
8/11/01;0
9/11/01;0
12/11/01;0
13/11/01;0
14/11/01;0
15/11/01;0
16/11/01;0
19/11/01;0
20/11/01;0
21/11/01;0
23/11/01;0
26/11/01;0
27/11/01;0
28/11/01;0
29/11/01;0
30/11/01;0
3/12/01;0
4/12/01;0
5/12/01;0
6/12/01;0
7/12/01;0
10/12/01;0
11/12/01;0
12/12/01;0
13/12/01;0
14/12/01;0
17/12/01;0
18/12/01;0
19/12/01;0
20/12/01;0
21/12/01;0
24/12/01;0
26/12/01;0
27/12/01;0
28/12/01;0
31/12/01;0
2/1/02;0
3/1/02;0
4/1/02;0
7/1/02;0
8/1/02;0
9/1/02;0
10/1/02;0
11/1/02;0
14/1/02;0
15/1/02;0
16/1/02;0
17/1/02;0
18/1/02;0
22/1/02;0
23/1/02;0
24/1/02;0
25/1/02;0
28/1/02;0
29/1/02;0
30/1/02;0
31/1/02;0
1/2/02;0
4/2/02;0
5/2/02;0
6/2/02;0
7/2/02;0
8/2/02;0
11/2/02;0
12/2/02;0
13/2/02;0
14/2/02;0
15/2/02;0
19/2/02;0
20/2/02;0
21/2/02;0
22/2/02;0
25/2/02;0
26/2/02;0
27/2/02;0
28/2/02;0
1/3/02;0
4/3/02;0
5/3/02;0
6/3/02;0
7/3/02;0
8/3/02;0
11/3/02;0
12/3/02;0
13/3/02;0
14/3/02;0
15/3/02;0
18/3/02;0
19/3/02;0
20/3/02;0
21/3/02;0
22/3/02;0
25/3/02;0
26/3/02;0
27/3/02;0
28/3/02;0
1/4/02;0,39
2/4/02;-1,45
3/4/02;0,14
4/4/02;-0,38
5/4/02;0,18
8/4/02;1,56
9/4/02;0,63
10/4/02;3,32
11/4/02;-1,84
12/4/02;1,12
15/4/02;0,45
16/4/02;0,53
17/4/02;-3,48
18/4/02;-0,64
19/4/02;0
22/4/02;-1,56
23/4/02;0,69
24/4/02;0,53
25/4/02;-1,47
26/4/02;0,07
29/4/02;0,19
30/4/02;0,4
1/5/02;1,39
2/5/02;0,94
3/5/02;-0,47
6/5/02;-2,22
7/5/02;-0,81
8/5/02;0,46
9/5/02;-0,49
10/5/02;-1,82
13/5/02;1,5
14/5/02;0,12
15/5/02;0,54
16/5/02;-0,12
17/5/02;-0,29
20/5/02;-1,31
21/5/02;-0,91
22/5/02;-1,48
23/5/02;2,5
24/5/02;-0,55
28/5/02;-1,05
29/5/02;0,14
30/5/02;-0,67
31/5/02;-0,19
3/6/02;-0,91
4/6/02;0
5/6/02;0
6/6/02;0
7/6/02;0
10/6/02;0
11/6/02;0
12/6/02;0
13/6/02;0
14/6/02;0
17/6/02;0
18/6/02;0
19/6/02;0
20/6/02;0
21/6/02;0
24/6/02;0
25/6/02;0
26/6/02;0
27/6/02;0
28/6/02;0
1/7/02;0
2/7/02;0
3/7/02;0
5/7/02;0
8/7/02;0
9/7/02;0
10/7/02;0
11/7/02;0
12/7/02;0
15/7/02;0
16/7/02;0
17/7/02;0
18/7/02;0
19/7/02;0
22/7/02;0
23/7/02;0
24/7/02;0
25/7/02;0
26/7/02;0
29/7/02;0
30/7/02;0
31/7/02;0
1/8/02;0
2/8/02;0
5/8/02;0
6/8/02;0
7/8/02;0
8/8/02;0
9/8/02;0
12/8/02;0
13/8/02;0
14/8/02;0
15/8/02;0
16/8/02;0
19/8/02;0
20/8/02;0
21/8/02;0
22/8/02;0
23/8/02;0
26/8/02;0
27/8/02;0
28/8/02;0
29/8/02;0
30/8/02;0
3/9/02;0
4/9/02;0
5/9/02;0
6/9/02;0
9/9/02;0
10/9/02;0
11/9/02;0
12/9/02;0
13/9/02;0
16/9/02;0
17/9/02;0
18/9/02;0
19/9/02;0
20/9/02;0
23/9/02;0
24/9/02;0
25/9/02;0
26/9/02;0
27/9/02;0
30/9/02;0
1/10/02;0
2/10/02;0
3/10/02;0
4/10/02;0
7/10/02;0
8/10/02;0
9/10/02;0
10/10/02;0
11/10/02;0
14/10/02;0
15/10/02;0
16/10/02;0
17/10/02;0
18/10/02;0
21/10/02;0
22/10/02;0
23/10/02;0
24/10/02;0
25/10/02;0
28/10/02;0
29/10/02;0
30/10/02;0
31/10/02;0
1/11/02;0
4/11/02;0
5/11/02;0
6/11/02;0
7/11/02;0
8/11/02;0
11/11/02;0
12/11/02;0
13/11/02;0
14/11/02;0
15/11/02;0
18/11/02;0
19/11/02;0
20/11/02;0
21/11/02;0
22/11/02;0
25/11/02;0
26/11/02;0
27/11/02;0
29/11/02;0
2/12/02;0
3/12/02;0
4/12/02;0
5/12/02;0
6/12/02;0
9/12/02;0
10/12/02;0
11/12/02;0
12/12/02;0
13/12/02;0
16/12/02;0
17/12/02;0
18/12/02;0
19/12/02;0
20/12/02;0
23/12/02;0
24/12/02;0
26/12/02;0
27/12/02;0
30/12/02;0
31/12/02;0
2/1/03;0
3/1/03;0
6/1/03;0
7/1/03;0
8/1/03;0
9/1/03;0
10/1/03;0
13/1/03;0
14/1/03;0
15/1/03;0
16/1/03;0
17/1/03;0
21/1/03;0
22/1/03;0
23/1/03;0
24/1/03;0
27/1/03;0
28/1/03;0
29/1/03;0
30/1/03;0
31/1/03;0
3/2/03;0
4/2/03;0
5/2/03;0
6/2/03;0
7/2/03;0
10/2/03;0
11/2/03;0
12/2/03;0
13/2/03;0
14/2/03;0
18/2/03;0
19/2/03;0
20/2/03;0
21/2/03;0
24/2/03;0
25/2/03;0
26/2/03;0
27/2/03;0
28/2/03;0
3/3/03;0
4/3/03;0
5/3/03;0
6/3/03;0
7/3/03;0
10/3/03;0
11/3/03;0
12/3/03;0
13/3/03;0
14/3/03;0
17/3/03;0
18/3/03;0
19/3/03;0
20/3/03;0
21/3/03;0
24/3/03;0
25/3/03;0
26/3/03;0
27/3/03;0
28/3/03;0
31/3/03;0
1/4/03;0
2/4/03;0
3/4/03;0
4/4/03;0
7/4/03;0
8/4/03;0
9/4/03;0
10/4/03;0
11/4/03;0
14/4/03;0
15/4/03;0
16/4/03;0
17/4/03;0
21/4/03;0
22/4/03;0
23/4/03;0
24/4/03;0
25/4/03;0
28/4/03;0
29/4/03;0
30/4/03;0
1/5/03;-0,71
2/5/03;1,74
5/5/03;0,97
6/5/03;0,8
7/5/03;0,74
8/5/03;-2,11
9/5/03;0,03
12/5/03;1,26
13/5/03;1,32
14/5/03;0,73
15/5/03;0,89
16/5/03;1,19
19/5/03;-3,38
20/5/03;-0,94
21/5/03;-0,46
22/5/03;2,53
23/5/03;0,41
27/5/03;3,39
28/5/03;0,07
29/5/03;3,13
30/5/03;1,8
2/6/03;-1,53
3/6/03;-0,92
4/6/03;4,92
5/6/03;0,7
6/6/03;-1,57
9/6/03;-2,49
10/6/03;1,81
11/6/03;2,56
12/6/03;0,32
13/6/03;-2,87
16/6/03;3,68
17/6/03;0,44
18/6/03;0,86
19/6/03;-1,54
20/6/03;-0,47
23/6/03;-4,53
24/6/03;-1,14
25/6/03;1,09
26/6/03;2,43
27/6/03;0,08
30/6/03;-0,48
1/7/03;1,43
2/7/03;1,19
3/7/03;-0,29
7/7/03;2,76
8/7/03;0,4
9/7/03;-1,14
10/7/03;-4,3
11/7/03;0
14/7/03;0,43
15/7/03;1,72
16/7/03;-0,58
17/7/03;-3,75
18/7/03;4,5
21/7/03;1,88
22/7/03;0,07
23/7/03;0,51
24/7/03;1,57
25/7/03;1,8
28/7/03;1,23
29/7/03;-1,46
30/7/03;-0,78
31/7/03;1,08
1/8/03;-1,5
4/8/03;-0,8
5/8/03;-2,61
6/8/03;-2,52
7/8/03;0,72
8/8/03;0,06
11/8/03;1,73
12/8/03;1,29
13/8/03;1,38
14/8/03;0,29
15/8/03;0,19
18/8/03;2,37
19/8/03;2,03
20/8/03;0,64
21/8/03;0,06
22/8/03;-1,53
25/8/03;-1,56
26/8/03;0,92
27/8/03;0,46
28/8/03;0,14
29/8/03;0,74
2/9/03;3,25
3/9/03;-0,42
4/9/03;1,18
5/9/03;-0,81
8/9/03;1,85
9/9/03;-2,02
10/9/03;0,21
11/9/03;0,23
12/9/03;0,5
15/9/03;-0,98
16/9/03;1,31
17/9/03;-0,08
18/9/03;2,67
19/9/03;1,55
22/9/03;-1,28
23/9/03;0,95
24/9/03;-2,31
25/9/03;-1,84
26/9/03;-2,31
29/9/03;1,72
30/9/03;1,82
1/10/03;1,54
2/10/03;-0,45
3/10/03;2,26
6/10/03;1,41
7/10/03;2,01
8/10/03;-0,62
9/10/03;1,13
10/10/03;1,57
13/10/03;1,3
14/10/03;-0,21
15/10/03;-2,28
16/10/03;-0,18
17/10/03;-1,67
20/10/03;-0,18
21/10/03;0,31
22/10/03;-1,48
23/10/03;0,06
24/10/03;-1,18
27/10/03;2,29
28/10/03;1,17
29/10/03;-0,07
30/10/03;3,43
31/10/03;0,04
3/11/03;5,59
4/11/03;-0,48
5/11/03;2,65
6/11/03;-0,53
7/11/03;-0,82
10/11/03;-2,29
11/11/03;-1,07
12/11/03;2,96
13/11/03;-0,01
14/11/03;-2,75
17/11/03;-2,6
18/11/03;-1,31
19/11/03;0,62
20/11/03;-1,8
21/11/03;0,48
24/11/03;3,93
25/11/03;0,95
26/11/03;0,54
28/11/03;1,01
1/12/03;0,77
2/12/03;-2,32
3/12/03;-0,87
4/12/03;-1,86
5/12/03;-2,22
8/12/03;-0,62
9/12/03;-3,57
10/12/03;-0,31
11/12/03;5,06
12/12/03;-0,46
15/12/03;-1,57
16/12/03;0,73
17/12/03;-1,61
18/12/03;2,09
19/12/03;-0,07
22/12/03;-1,52
23/12/03;1,17
24/12/03;0,46
26/12/03;0
29/12/03;0,95
30/12/03;0,8
31/12/03;-0,49
2/1/04;1,17
5/1/04;3,12
6/1/04;-0,27
7/1/04;-0,46
8/1/04;1,6
9/1/04;-1,72
12/1/04;0,49
13/1/04;-1,87
14/1/04;-0,38
15/1/04;-0,8
16/1/04;3,19
20/1/04;2,46
21/1/04;-0,32
22/1/04;-1,29
23/1/04;-2,73
26/1/04;0,41
27/1/04;-0,82
28/1/04;-2,71
29/1/04;-1,32
30/1/04;3,25
2/2/04;-0,4
3/2/04;-0,11
4/2/04;-3,58
5/2/04;-0,2
6/2/04;4,2
9/2/04;0,78
10/2/04;0,89
11/2/04;1,82
12/2/04;-0,42
13/2/04;-1,98
17/2/04;1,8
18/2/04;-0,48
19/2/04;-1,02
20/2/04;-0,94
23/2/04;-2,63
24/2/04;-0,69
25/2/04;0,88
26/2/04;1,45
27/2/04;0,37
1/3/04;3,73
2/3/04;-0,59
3/3/04;-1,75
4/3/04;0,88
5/3/04;-0,75
8/3/04;-2,31
9/3/04;-2,14
10/3/04;-2,83
11/3/04;-0,28
12/3/04;1,69
15/3/04;-1,93
16/3/04;0,94
17/3/04;2,4
18/3/04;-0,41
19/3/04;0,97
22/3/04;-2,79
23/3/04;-0,22
24/3/04;-0,62
25/3/04;1,27
26/3/04;2,24
29/3/04;1,94
30/3/04;1,9
31/3/04;-0,74
1/4/04;1,56
2/4/04;2,95
5/4/04;-0,18
6/4/04;-0,33
7/4/04;-0,07
8/4/04;-0,2
12/4/04;1,42
13/4/04;-3,37
14/4/04;-1,52
15/4/04;-0,84
16/4/04;0,68
19/4/04;0,71
20/4/04;-2,96
21/4/04;-1,41
22/4/04;3,59
23/4/04;-0,7
26/4/04;0,11
27/4/04;-1,79
28/4/04;-5,84
29/4/04;-2,93
30/4/04;-3,39
3/5/04;1,11
4/5/04;0,08
5/5/04;0,79
6/5/04;-0,62
7/5/04;0,02
10/5/04;-1,76
11/5/04;1,91
12/5/04;-0,15
13/5/04;0,68
14/5/04;-0,67
17/5/04;-1,04
18/5/04;0,52
19/5/04;-2,04
20/5/04;1,04
21/5/04;0,97
24/5/04;1,63
25/5/04;1,74
26/5/04;0,57
27/5/04;0,16
28/5/04;-0,43
1/6/04;1,28
2/6/04;-0,02
3/6/04;-1,59
4/6/04;1,2
7/6/04;0,57
8/6/04;-0,14
9/6/04;-0,78
10/6/04;0,43
14/6/04;-1,48
15/6/04;1,62
16/6/04;0,84
17/6/04;0,38
18/6/04;0,75
21/6/04;-0,65
22/6/04;0,23
23/6/04;1,03
24/6/04;0,26
25/6/04;0,78
28/6/04;0,49
29/6/04;-0,09
30/6/04;4,53
1/7/04;0,55
2/7/04;-0,9
6/7/04;-2,57
7/7/04;0,17
8/7/04;-1,44
9/7/04;0,35
12/7/04;-0,81
13/7/04;1,52
14/7/04;-0,65
15/7/04;-2,06
16/7/04;-0,69
19/7/04;1,28
20/7/04;1,33
21/7/04;-3,04
22/7/04;-0,67
23/7/04;0,45
26/7/04;-2,13
27/7/04;3,78
28/7/04;0,94
29/7/04;2,32
30/7/04;0,83
2/8/04;-1,98
3/8/04;-0,71
4/8/04;-0,18
5/8/04;-2,5
6/8/04;-4,09
9/8/04;1,6
10/8/04;2,27
11/8/04;-0,67
12/8/04;-2,09
13/8/04;-0,18
16/8/04;1,73
17/8/04;0
18/8/04;1,73
19/8/04;0,29
20/8/04;4,06
23/8/04;-0,85
24/8/04;-0,14
25/8/04;1,64
26/8/04;-0,68
27/8/04;1,59
30/8/04;-0,84
31/8/04;1,95
1/9/04;-0,06
2/9/04;0
3/9/04;0
7/9/04;0
8/9/04;0
9/9/04;0
10/9/04;0
13/9/04;0
14/9/04;0
15/9/04;0
16/9/04;0
17/9/04;0
20/9/04;0
21/9/04;0
22/9/04;0
23/9/04;0
24/9/04;0
27/9/04;0
28/9/04;0
29/9/04;0
30/9/04;0
1/10/04;0
4/10/04;0
5/10/04;0
6/10/04;0
7/10/04;0
8/10/04;0
11/10/04;0
12/10/04;0
13/10/04;0
14/10/04;0
15/10/04;0
18/10/04;0
19/10/04;0
20/10/04;0
21/10/04;0
22/10/04;0
25/10/04;0
26/10/04;0
27/10/04;0
28/10/04;0
29/10/04;0
1/11/04;0,07
2/11/04;-0,35
3/11/04;1,76
4/11/04;-0,28
5/11/04;1,39
8/11/04;0,31
9/11/04;0,15
10/11/04;1,1
11/11/04;1,36
12/11/04;1,83
15/11/04;-0,71
16/11/04;-0,18
17/11/04;1,53
18/11/04;-1,98
19/11/04;0,02
22/11/04;2,05
23/11/04;2,34
24/11/04;1,41
26/11/04;0,94
29/11/04;0,26
30/11/04;-1,41
1/12/04;-0,1
2/12/04;-1,87
3/12/04;-0,69
6/12/04;1,8
7/12/04;-1,98
8/12/04;-0,15
9/12/04;0,33
10/12/04;1,35
13/12/04;1,81
14/12/04;0,43
15/12/04;0,38
16/12/04;0,61
17/12/04;0,28
20/12/04;-0,88
21/12/04;2,41
22/12/04;0,04
23/12/04;-0,47
27/12/04;-0,69
28/12/04;1,62
29/12/04;-0,06
30/12/04;0,06
31/12/04;-0,36
3/1/05;-1,01
4/1/05;-1,66
5/1/05;-0,6
6/1/05;-0,79
7/1/05;1,41
10/1/05;-0,69
11/1/05;-3,27
12/1/05;0,57
13/1/05;1,6
14/1/05;0,47
18/1/05;0,45
19/1/05;-1,24
20/1/05;0,08
21/1/05;-0,46
24/1/05;-4,7
25/1/05;2,99
26/1/05;0,77
27/1/05;1,52
28/1/05;-0,43
31/1/05;2,21
1/2/05;0,85
2/2/05;2,39
3/2/05;-0,51
4/2/05;1,91
7/2/05;0,78
8/2/05;1,3
9/2/05;-1,86
10/2/05;-0,2
11/2/05;1,89
14/2/05;2,4
15/2/05;0,68
16/2/05;0,31
17/2/05;-0,24
18/2/05;-0,56
22/2/05;-2,12
23/2/05;0,33
24/2/05;1,1
25/2/05;0,9
28/2/05;-0,92
1/3/05;-1,16
2/3/05;1,31
3/3/05;0,93
4/3/05;1,92
7/3/05;-1,52
8/3/05;-0,9
9/3/05;-1,42
10/3/05;-1,85
11/3/05;0,73
14/3/05;-1,62
15/3/05;0,06
16/3/05;-0,83
17/3/05;1,79
18/3/05;-0,08
21/3/05;0,12
22/3/05;1,27
23/3/05;1,07
24/3/05;0,17
28/3/05;-0,35
29/3/05;-2,66
30/3/05;1,75
31/3/05;2,02
1/4/05;2,11
4/4/05;1,62
5/4/05;-1,05
6/4/05;1,01
7/4/05;-0,57
8/4/05;0,17
11/4/05;0,73
12/4/05;-0,69
13/4/05;-0,78
14/4/05;-1,56
15/4/05;-2,96
18/4/05;1,23
19/4/05;2,33
20/4/05;-1,49
21/4/05;1,57
22/4/05;-1,4
25/4/05;1,12
26/4/05;-0,31
27/4/05;-2,53
28/4/05;-0,46
29/4/05;0,5
2/5/05;0,61
3/5/05;-1
4/5/05;1,01
5/5/05;-0,69
6/5/05;0,33
9/5/05;2,02
10/5/05;-0,97
11/5/05;0,8
12/5/05;-1,66
13/5/05;-2,52
16/5/05;0,32
17/5/05;0,62
18/5/05;2,48
19/5/05;0,24
20/5/05;-0,19
23/5/05;0,93
24/5/05;0,16
25/5/05;-0,38
26/5/05;0,26
27/5/05;0,95
31/5/05;-0,87
1/6/05;0,55
2/6/05;0,33
3/6/05;-1,64
6/6/05;-0,46
7/6/05;-0,85
8/6/05;-0,27
9/6/05;0,15
10/6/05;-1,99
13/6/05;2,01
14/6/05;0,35
15/6/05;1,44
16/6/05;1,54
17/6/05;2,48
20/6/05;-1,57
21/6/05;-0,09
22/6/05;-0,05
23/6/05;-0,19
24/6/05;-0,93
27/6/05;0,52
28/6/05;3,06
29/6/05;-0,35
30/6/05;0,31
1/7/05;0,61
5/7/05;1,29
6/7/05;0,05
7/7/05;1,58
8/7/05;1,55
11/7/05;1,38
12/7/05;-0,8
13/7/05;-0,29
14/7/05;-2,49
15/7/05;1,91
18/7/05;-0,46
19/7/05;1,19
20/7/05;-0,56
21/7/05;-1,01
22/7/05;2,25
25/7/05;-0,73
26/7/05;-0,18
27/7/05;0,16
28/7/05;0,59
29/7/05;-1,09
1/8/05;1,57
2/8/05;-0,39
3/8/05;0,27
4/8/05;-1,62
5/8/05;0,12
8/8/05;-1,74
9/8/05;1,57
10/8/05;-0,72
11/8/05;-0,06
12/8/05;1,85
15/8/05;1,78
16/8/05;-1,37
17/8/05;0,89
18/8/05;-0,5
19/8/05;-0,51
22/8/05;0,64
23/8/05;-0,07
24/8/05;-0,02
25/8/05;0,4
26/8/05;0,01
29/8/05;0,45
30/8/05;0,14
31/8/05;0,85
1/9/05;-0,07
2/9/05;-0,74
6/9/05;0,58
7/9/05;2,21
8/9/05;0,35
9/9/05;1,66
12/9/05;-1,88
13/9/05;0,25
14/9/05;-0,22
15/9/05;0,63
16/9/05;-0,06
19/9/05;-0,2
20/9/05;-0,62
21/9/05;0,98
22/9/05;-0,84
23/9/05;0,14
26/9/05;1,18
27/9/05;0,57
28/9/05;0,84
29/9/05;0,06
30/9/05;-0,61
3/10/05;1,51
4/10/05;0,37
5/10/05;-3,15
6/10/05;-2,26
7/10/05;2,36
10/10/05;-2,13
11/10/05;2,15
12/10/05;-3,97
13/10/05;-2,05
14/10/05;2,31
17/10/05;1,48
18/10/05;-3,5
19/10/05;-0,54
20/10/05;-4,49
21/10/05;7,21
24/10/05;2,65
25/10/05;1,59
26/10/05;-0,36
27/10/05;-1,5
28/10/05;1,34
31/10/05;3,02
1/11/05;0,54
2/11/05;3,33
3/11/05;1,83
4/11/05;1,21
7/11/05;-2,14
8/11/05;0,11
9/11/05;-2,21
10/11/05;0,12
11/11/05;0,95
14/11/05;0,51
15/11/05;-2,29
16/11/05;0,4
17/11/05;1,21
18/11/05;-0,46
21/11/05;-4,29
22/11/05;2,53
23/11/05;-1,04
25/11/05;0,35
28/11/05;-0,17
29/11/05;1,59
30/11/05;-0,27
1/12/05;2,11
2/12/05;0,01
5/12/05;0,2
6/12/05;0,71
7/12/05;-0,41
8/12/05;1,15
9/12/05;0,21
12/12/05;0,45
13/12/05;0,02
14/12/05;-0,06
15/12/05;0,05
16/12/05;-2,14
19/12/05;-0,81
20/12/05;0,22
21/12/05;0,27
22/12/05;-0,32
23/12/05;-0,46
27/12/05;-2,16
28/12/05;2,25
29/12/05;1,33
30/12/05;-0,25
3/1/06;2,85
4/1/06;0,59
5/1/06;1,47
6/1/06;3,46
9/1/06;2,65
10/1/06;-1,64
11/1/06;-0,1
12/1/06;-1,06
13/1/06;-1,81
17/1/06;-0,11
18/1/06;-0,06
19/1/06;1,14
20/1/06;-3,21
23/1/06;1,91
24/1/06;1,39
25/1/06;-1,89
26/1/06;1,44
27/1/06;-1,11
30/1/06;0,61
31/1/06;0,86
1/2/06;0,89
2/2/06;-1,73
3/2/06;0,29
6/2/06;-0,81
7/2/06;-1,31
8/2/06;0,7
9/2/06;-0,48
10/2/06;-0,02
13/2/06;-0,29
14/2/06;-0,05
15/2/06;0,15
16/2/06;0,13
17/2/06;-0,75
21/2/06;-0,09
22/2/06;1,41
23/2/06;-0,65
24/2/06;0,75
27/2/06;1,36
28/2/06;-0,28
1/3/06;3,02
2/3/06;0,93
3/3/06;-0,43
6/3/06;-1,18
7/3/06;-2,41
8/3/06;-0,8
9/3/06;-1,25
10/3/06;0,48
13/3/06;-1,31
14/3/06;1,32
15/3/06;0,69
16/3/06;1,53
17/3/06;0,91
20/3/06;0,2
21/3/06;-1,49
22/3/06;0,96
23/3/06;-0,21
24/3/06;1,65
27/3/06;-1,29
28/3/06;-0,93
29/3/06;0,56
30/3/06;0,04
31/3/06;0,3
3/4/06;-3,89
4/4/06;-1,49
5/4/06;-0,45
6/4/06;1,06
7/4/06;-2,27
10/4/06;-1,38
11/4/06;-2,62
12/4/06;1,08
13/4/06;2,64
17/4/06;-3,37
18/4/06;3,75
19/4/06;0,47
20/4/06;0,08
21/4/06;-1,45
24/4/06;-0,82
25/4/06;-0,72
26/4/06;-0,59
27/4/06;-2,32
28/4/06;5,49
1/5/06;0,53
2/5/06;-0,12
3/5/06;-0,45
4/5/06;1,48
5/5/06;0,88
8/5/06;0,33
9/5/06;2,12
10/5/06;1,97
11/5/06;-0,33
12/5/06;-5,79
15/5/06;-2,91
16/5/06;-0,83
17/5/06;-3,21
18/5/06;-3,01
19/5/06;-1,67
22/5/06;-3,24
23/5/06;1,8
24/5/06;-0,59
25/5/06;-0,49
26/5/06;3,08
30/5/06;-3,55
31/5/06;2,11
1/6/06;1,48
2/6/06;1,55
5/6/06;-3,13
6/6/06;-0,13
7/6/06;-1,28
8/6/06;0,07
9/6/06;-1,8
12/6/06;-1,6
13/6/06;-4,94
14/6/06;3,13
15/6/06;4,2
16/6/06;-1,18
19/6/06;-0,98
20/6/06;0,25
21/6/06;3,79
22/6/06;0,68
23/6/06;1,37
26/6/06;0,94
27/6/06;-2,54
28/6/06;2,2
29/6/06;3,46
30/6/06;2,35
3/7/06;-0,68
5/7/06;-1,41
6/7/06;0,17
7/7/06;-1,05
10/7/06;-1,84
11/7/06;0,79
12/7/06;-2,58
13/7/06;-1,56
14/7/06;-0,84
17/7/06;-1,35
18/7/06;0,78
19/7/06;2,81
20/7/06;-2,85
21/7/06;-4,82
24/7/06;3,03
25/7/06;3,62
26/7/06;-0,63
27/7/06;3,84
28/7/06;1,23
31/7/06;3,05
1/8/06;-0,47
2/8/06;0,53
3/8/06;0,06
4/8/06;-1,74
7/8/06;-0,37
8/8/06;-1,25
9/8/06;0,14
10/8/06;-1,58
11/8/06;0,78
14/8/06;-0,34
15/8/06;1,36
16/8/06;0,28
17/8/06;-1,01
18/8/06;0,39
21/8/06;-0,26
22/8/06;-0,36
23/8/06;-0,29
24/8/06;0,4
25/8/06;0,46
28/8/06;0,64
29/8/06;-0,13
30/8/06;0,33
31/8/06;-1,81
1/9/06;1,88
5/9/06;0,73
6/9/06;-0,12
7/9/06;0,5
8/9/06;-0,06
11/9/06;1,71
12/9/06;1,2
13/9/06;0,72
14/9/06;0,96
15/9/06;-0,06
18/9/06;-0,18
19/9/06;-1,24
20/9/06;1,51
21/9/06;0,17
22/9/06;-0,95
25/9/06;2,2
26/9/06;0,88
27/9/06;-1,28
28/9/06;0,88
29/9/06;-0,01
2/10/06;-0,28
3/10/06;0,21
4/10/06;2,53
5/10/06;1,99
6/10/06;-1,5
9/10/06;0,71
10/10/06;0,69
11/10/06;0,54
12/10/06;1,4
13/10/06;1,01
16/10/06;1,1
17/10/06;-1,14
18/10/06;-2,02
19/10/06;1,25
20/10/06;-0,37
23/10/06;0,85
24/10/06;1,53
25/10/06;4,03
26/10/06;2,02
27/10/06;-3,67
30/10/06;-0,82
31/10/06;1,1
1/11/06;-1,9
2/11/06;0,12
3/11/06;-1,21
6/11/06;3,84
7/11/06;0,45
8/11/06;1,26
9/11/06;-1,75
10/11/06;1,16
13/11/06;1,14
14/11/06;1,82
15/11/06;-1,03
16/11/06;-0,51
17/11/06;0,87
20/11/06;1,48
21/11/06;1,98
22/11/06;0,42
24/11/06;-0,52
27/11/06;-2,07
28/11/06;-0,23
29/11/06;3,94
30/11/06;0,69
1/12/06;-1,34
4/12/06;3,45
5/12/06;0,88
6/12/06;0,25
7/12/06;1,66
8/12/06;1,26
11/12/06;0,45
12/12/06;-1,52
13/12/06;0,75
14/12/06;0,23
15/12/06;0,02
18/12/06;-1,52
19/12/06;1,22
20/12/06;-0,53
21/12/06;-0,71
22/12/06;0,27
26/12/06;-0,23
27/12/06;1,82
28/12/06;-0,61
29/12/06;-0,57
3/1/07;1,03
4/1/07;2,64
5/1/07;1,3
8/1/07;1,05
9/1/07;-1,34
10/1/07;1,25
11/1/07;-0,25
12/1/07;-0,18
16/1/07;-0,83
17/1/07;-0,55
18/1/07;-2,61
19/1/07;1,61
22/1/07;-1,77
23/1/07;1,64
24/1/07;2,16
25/1/07;-1,22
26/1/07;0,17
29/1/07;0,02
30/1/07;0,35
31/1/07;1,06
1/2/07;0,29
2/2/07;-0,12
5/2/07;0,68
6/2/07;0,02
7/2/07;0,65
8/2/07;0,95
9/2/07;-2,98
12/2/07;-0,8
13/2/07;0,89
14/2/07;0,61
15/2/07;1,44
16/2/07;-0,5
20/2/07;0,5
21/2/07;1,96
22/2/07;-0,41
23/2/07;0,82
26/2/07;-0,93
27/2/07;-5,15
28/2/07;1,06
1/3/07;1,56
2/3/07;-0,45
5/3/07;-0,57
6/3/07;1,85
7/3/07;1,32
8/3/07;1,45
9/3/07;-0,72
12/3/07;0,89
13/3/07;-2,84
14/3/07;1,11
15/3/07;0,33
16/3/07;-0,26
19/3/07;2,42
20/3/07;0,3
21/3/07;1,07
22/3/07;0,21
23/3/07;0,11
26/3/07;1,54
27/3/07;-0,32
28/3/07;0,08
29/3/07;-0,13
30/3/07;0,3
2/4/07;2,35
3/4/07;1,27
4/4/07;1,36
5/4/07;1,24
9/4/07;-0,02
10/4/07;1,02
11/4/07;-2,45
12/4/07;1,13
13/4/07;-0,6
16/4/07;0,99
17/4/07;-0,79
18/4/07;-1,42
19/4/07;0,65
20/4/07;-0,13
23/4/07;0,29
24/4/07;-0,69
25/4/07;1,94
26/4/07;-0,37
27/4/07;1,8
30/4/07;-1,71
1/5/07;0,39
2/5/07;0,33
3/5/07;-0,41
4/5/07;1,11
7/5/07;1,63
8/5/07;0
9/5/07;0,95
10/5/07;-1,47
11/5/07;-0,97
14/5/07;0,82
15/5/07;-0,13
16/5/07;0,21
17/5/07;-0,26
18/5/07;0,55
21/5/07;0,33
22/5/07;0,26
23/5/07;0,5
24/5/07;-0,52
25/5/07;1,19
29/5/07;0,61
30/5/07;0,94
31/5/07;-0,15
1/6/07;-0,58
4/6/07;0,36
5/6/07;-0,18
6/6/07;-0,7
7/6/07;-0,49
8/6/07;0,51
11/6/07;0,55
12/6/07;-0,13
13/6/07;0,5
14/6/07;-0,07
15/6/07;0,43
18/6/07;0,53
19/6/07;-1,07
20/6/07;-0,72
21/6/07;0,16
22/6/07;-0,43
25/6/07;-0,08
26/6/07;0,26
27/6/07;0,34
28/6/07;0,5
29/6/07;-0,56
2/7/07;2,25
3/7/07;-0,93
5/7/07;0,85
6/7/07;-0,02
9/7/07;1,12
10/7/07;-1,42
11/7/07;0,43
12/7/07;1,44
13/7/07;2,55
16/7/07;-0,68
17/7/07;0,51
18/7/07;-0,13
19/7/07;0,53
20/7/07;-1,17
23/7/07;-0,06
24/7/07;-2,14
25/7/07;7,37
26/7/07;-1,03
27/7/07;-1,01
30/7/07;0,07
31/7/07;-2,37
1/8/07;-0,99
2/8/07;1,54
3/8/07;-2,95
6/8/07;1
7/8/07;2,26
8/8/07;-0,79
9/8/07;-3,51
10/8/07;0,35
13/8/07;0,81
14/8/07;-1,65
15/8/07;-3
16/8/07;-1,49
17/8/07;5,63
20/8/07;2,68
21/8/07;2,37
22/8/07;0,84
23/8/07;-0,22
24/8/07;2,26
27/8/07;-0,71
28/8/07;-2,98
29/8/07;4,13
30/8/07;0,39
31/8/07;2,46
4/9/07;1,6
5/9/07;0
6/9/07;1,41
7/9/07;-2,28
10/9/07;-0,02
11/9/07;2,02
12/9/07;1,29
13/9/07;0
14/9/07;0,61
17/9/07;-1,13
18/9/07;3,2
19/9/07;0,33
20/9/07;-0,53
21/9/07;2,04
24/9/07;2,48
25/9/07;2,06
26/9/07;0,24
27/9/07;1,2
28/9/07;-0,91
1/10/07;-2,38
2/10/07;-2,37
3/10/07;-1,34
4/10/07;1,91
5/10/07;2,3
8/10/07;2,07
9/10/07;1,7
10/10/07;0,08
11/10/07;-3,16
12/10/07;3,29
15/10/07;-0,91
16/10/07;-0,62
17/10/07;0,95
18/10/07;0,34
19/10/07;-2,88
22/10/07;1,44
23/10/07;4,89
24/10/07;-3,2
25/10/07;-0,16
26/10/07;1,05
29/10/07;1,61
30/10/07;-2,76
31/10/07;-2,27
1/11/07;-1,92
2/11/07;0,5
5/11/07;-1,68
6/11/07;0,67
7/11/07;2,1
8/11/07;-1,41
9/11/07;-4,52
12/11/07;-6,7
13/11/07;4,5
14/11/07;0,45
15/11/07;-2,39
16/11/07;0,61
19/11/07;-0,2
20/11/07;0,24
21/11/07;-0,85
23/11/07;1,4
26/11/07;-1,48
27/11/07;2,41
28/11/07;6,34
29/11/07;1,24
30/11/07;-1,1
3/12/07;-0,67
4/12/07;0,66
5/12/07;1,51
6/12/07;1,2
7/12/07;-0,68
10/12/07;0,07
11/12/07;-3,47
12/12/07;1,1
13/12/07;1,33
14/12/07;-1,53
17/12/07;-2,52
18/12/07;0,13
19/12/07;0,88
20/12/07;1,32
21/12/07;2,24
24/12/07;0,29
26/12/07;0,9
27/12/07;-0,91
28/12/07;-0,52
31/12/07;-0,49
2/1/08;1,34
3/1/08;0
4/1/08;0
7/1/08;0
8/1/08;0
9/1/08;0
10/1/08;0
11/1/08;0
14/1/08;0
15/1/08;0
16/1/08;0
17/1/08;0
18/1/08;0
22/1/08;0
23/1/08;0
24/1/08;0
25/1/08;0
28/1/08;0
29/1/08;0
30/1/08;0
31/1/08;0
1/2/08;0
4/2/08;0
5/2/08;0
6/2/08;0
7/2/08;0
8/2/08;0
11/2/08;0
12/2/08;0
13/2/08;0
14/2/08;0
15/2/08;0
19/2/08;0
20/2/08;0
21/2/08;0
22/2/08;0
25/2/08;0
26/2/08;0
27/2/08;0
28/2/08;0
29/2/08;0
3/3/08;0
4/3/08;0
5/3/08;0
6/3/08;0
7/3/08;0
10/3/08;0
11/3/08;0
12/3/08;0
13/3/08;0
14/3/08;0
17/3/08;0
18/3/08;0
19/3/08;0
20/3/08;0
24/3/08;0
25/3/08;0
26/3/08;0
27/3/08;0
28/3/08;0
31/3/08;0
1/4/08;0
2/4/08;0
3/4/08;0
4/4/08;0
7/4/08;0
8/4/08;0
9/4/08;0
10/4/08;0
11/4/08;0
14/4/08;0
15/4/08;0
16/4/08;0
17/4/08;0
18/4/08;0
21/4/08;0
22/4/08;0
23/4/08;0
24/4/08;0
25/4/08;0
28/4/08;0
29/4/08;0
30/4/08;0
1/5/08;0
2/5/08;0
5/5/08;0
6/5/08;0
7/5/08;0
8/5/08;0
9/5/08;0
12/5/08;0
13/5/08;0
14/5/08;0
15/5/08;0
16/5/08;0
19/5/08;0
20/5/08;0
21/5/08;0
22/5/08;0
23/5/08;0
27/5/08;0
28/5/08;0
29/5/08;0
30/5/08;0
2/6/08;0
3/6/08;0
4/6/08;0
5/6/08;0
6/6/08;0
9/6/08;0
10/6/08;0
11/6/08;0
12/6/08;0
13/6/08;0
16/6/08;0
17/6/08;0
18/6/08;0
19/6/08;0
20/6/08;0
23/6/08;0
24/6/08;0
25/6/08;0
26/6/08;0
27/6/08;0
30/6/08;0
1/7/08;0
2/7/08;0
3/7/08;0
7/7/08;0
8/7/08;0
9/7/08;0
10/7/08;0
11/7/08;0
14/7/08;0
15/7/08;0
16/7/08;0
17/7/08;0
18/7/08;0
21/7/08;0
22/7/08;0
23/7/08;0
24/7/08;0
25/7/08;0
28/7/08;0
29/7/08;0
30/7/08;0
31/7/08;0
1/8/08;0
4/8/08;0
5/8/08;0
6/8/08;0
7/8/08;0
8/8/08;0
11/8/08;0
12/8/08;0
13/8/08;0
14/8/08;0
15/8/08;0
18/8/08;0
19/8/08;0
20/8/08;0
21/8/08;0
22/8/08;0
25/8/08;0
26/8/08;0
27/8/08;0
28/8/08;0
29/8/08;0
2/9/08;0
3/9/08;0
4/9/08;0
5/9/08;0
8/9/08;0
9/9/08;0
10/9/08;0
11/9/08;0
12/9/08;0
15/9/08;0
16/9/08;0
17/9/08;0
18/9/08;0
19/9/08;0
22/9/08;0
23/9/08;0
24/9/08;0
25/9/08;0
26/9/08;0
29/9/08;0
30/9/08;0
1/10/08;0
2/10/08;0
3/10/08;0
6/10/08;0
7/10/08;0
8/10/08;0
9/10/08;0
10/10/08;0
13/10/08;0
14/10/08;0
15/10/08;0
16/10/08;0
17/10/08;0
20/10/08;0
21/10/08;0
22/10/08;0
23/10/08;0
24/10/08;0
27/10/08;0
28/10/08;0
29/10/08;0
30/10/08;0
31/10/08;0
3/11/08;0
4/11/08;0
5/11/08;0
6/11/08;0
7/11/08;0
10/11/08;0
11/11/08;0
12/11/08;0
13/11/08;0
14/11/08;0
17/11/08;0
18/11/08;0
19/11/08;0
20/11/08;0
21/11/08;0
24/11/08;0
25/11/08;0
26/11/08;0
28/11/08;0
1/12/08;0
2/12/08;0
3/12/08;0
4/12/08;0
5/12/08;0
8/12/08;0
9/12/08;0
10/12/08;0
11/12/08;0
12/12/08;0
15/12/08;0
16/12/08;0
17/12/08;0
18/12/08;0
19/12/08;0
22/12/08;0
23/12/08;0
24/12/08;0
26/12/08;0
29/12/08;0
30/12/08;0
31/12/08;0
2/1/09;0
5/1/09;0
6/1/09;0
7/1/09;0
8/1/09;0
9/1/09;0
12/1/09;0
13/1/09;0
14/1/09;0
15/1/09;0
16/1/09;0
20/1/09;0
21/1/09;0
22/1/09;0
23/1/09;0
26/1/09;0
27/1/09;0
28/1/09;0
29/1/09;0
30/1/09;0
2/2/09;0
3/2/09;0
4/2/09;0
5/2/09;0
6/2/09;0
9/2/09;0
10/2/09;0
11/2/09;0
12/2/09;0
13/2/09;0
17/2/09;0
18/2/09;0
19/2/09;0
20/2/09;0
23/2/09;0
24/2/09;0
25/2/09;0
26/2/09;0
27/2/09;0
2/3/09;0
3/3/09;0
4/3/09;0
5/3/09;0
6/3/09;0
9/3/09;0
10/3/09;0
11/3/09;0
12/3/09;0
13/3/09;0
16/3/09;0
17/3/09;0
18/3/09;0
19/3/09;0
20/3/09;0
23/3/09;0
24/3/09;0
25/3/09;0
26/3/09;0
27/3/09;0
30/3/09;0
31/3/09;0
1/4/09;0
2/4/09;0
3/4/09;0
6/4/09;0
7/4/09;0
8/4/09;0
9/4/09;0
13/4/09;0
14/4/09;0
15/4/09;0
16/4/09;0
17/4/09;0
20/4/09;0
21/4/09;0
22/4/09;0
23/4/09;0
24/4/09;0
27/4/09;0
28/4/09;0
29/4/09;0
30/4/09;0
1/5/09;0
4/5/09;0
5/5/09;0
6/5/09;0
7/5/09;0
8/5/09;0
11/5/09;0
12/5/09;0
13/5/09;0
14/5/09;0
15/5/09;0
18/5/09;0
19/5/09;0
20/5/09;0
21/5/09;0
22/5/09;0
26/5/09;0
27/5/09;0
28/5/09;0
29/5/09;0
1/6/09;1,99
2/6/09;1,54
3/6/09;-1,74
4/6/09;-1,21
5/6/09;-0,62
8/6/09;0,14
9/6/09;0,32
10/6/09;-0,89
11/6/09;-0,23
12/6/09;-0,59
15/6/09;-1,33
16/6/09;-1,32
17/6/09;1,4
18/6/09;-0,41
19/6/09;0,09
22/6/09;-1,65
23/6/09;-1,21
24/6/09;0,31
25/6/09;1,81
26/6/09;-0,58
29/6/09;0,55
30/6/09;-0,8
1/7/09;0,41
2/7/09;-1,58
6/7/09;-0,45
7/7/09;-2,17
8/7/09;-0,05
9/7/09;1,14
10/7/09;0,05
13/7/09;1,18
14/7/09;1,14
15/7/09;1,88
16/7/09;0,25
17/7/09;0,35
20/7/09;0,97
21/7/09;0,22
22/7/09;0,95
23/7/09;3,94
24/7/09;-0,22
27/7/09;1,78
28/7/09;-0,78
29/7/09;0,6
30/7/09;1,99
31/7/09;2,45
3/8/09;1,36
4/8/09;-1,57
5/8/09;0,28
6/8/09;-1,55
7/8/09;0,38
10/8/09;-2,34
11/8/09;0,21
12/8/09;-0,02
13/8/09;0,88
14/8/09;-1,49
17/8/09;-1,55
18/8/09;1,55
19/8/09;0,67
20/8/09;-0,06
21/8/09;0,49
24/8/09;-2,35
25/8/09;2,43
26/8/09;0,36
27/8/09;0,21
28/8/09;0,1
31/8/09;-1,66
1/9/09;-3,89
2/9/09;-0,57
3/9/09;1
4/9/09;1,44
8/9/09;0,51
9/9/09;1,33
10/9/09;-0,25
11/9/09;-0,46
14/9/09;0,61
15/9/09;0,91
16/9/09;2,21
17/9/09;-1,67
18/9/09;-0,23
21/9/09;-0,66
22/9/09;2,13
23/9/09;-1,2
24/9/09;-1,34
25/9/09;-0,02
28/9/09;3,42
29/9/09;-0,54
30/9/09;0,4
1/10/09;-3,65
2/10/09;-0,76
5/10/09;2,86
6/10/09;1,02
7/10/09;-0,98
8/10/09;1,1
9/10/09;0,86
12/10/09;2,89
13/10/09;-0,82
14/10/09;2,39
15/10/09;-1,22
16/10/09;-2,21
19/10/09;1,3
20/10/09;0,04
21/10/09;-0,5
22/10/09;1,87
23/10/09;-2,1
26/10/09;-1,25
27/10/09;-1,53
28/10/09;-3,75
29/10/09;3,58
30/10/09;-3,92
2/11/09;3,09
3/11/09;0,96
4/11/09;-0,02
5/11/09;3,08
6/11/09;1,12
9/11/09;2,94
10/11/09;0,21
11/11/09;1,86
12/11/09;-0,67
13/11/09;0,09
16/11/09;2,09
17/11/09;0,68
18/11/09;-1,64
19/11/09;-1,18
20/11/09;-0,96
23/11/09;1,07
24/11/09;-0,6
25/11/09;0,55
27/11/09;-2,19
30/11/09;0,22
1/12/09;0,19
2/12/09;1,73
3/12/09;-1,22
4/12/09;0,51
7/12/09;-0,69
8/12/09;-1,09
9/12/09;0,59
10/12/09;0,41
11/12/09;0,17
14/12/09;1,5
15/12/09;-1,03
16/12/09;-0,21
17/12/09;-0,87
18/12/09;1,89
21/12/09;1,57
22/12/09;0,94
23/12/09;-0,19
24/12/09;1,28
28/12/09;-0,61
29/12/09;-0,78
30/12/09;-0,99
31/12/09;-0,2
4/1/10;2,34
5/1/10;4,62
6/1/10;0,4
7/1/10;3,17
8/1/10;-0,56
11/1/10;0,24
12/1/10;-3,21
13/1/10;1,43
14/1/10;0,34
15/1/10;-0,87
19/1/10;0,77
20/1/10;-2,36
21/1/10;-2,25
22/1/10;-2,37
25/1/10;2,31
26/1/10;-0,59
27/1/10;1,32
28/1/10;0,05
29/1/10;0,41
1/2/10;0,01
2/2/10;1,87
3/2/10;-1,99
4/2/10;-5,45
5/2/10;0,38
8/2/10;-0,62
9/2/10;2,56
10/2/10;1,7
11/2/10;1,62
12/2/10;0,47
16/2/10;1,89
17/2/10;0,51
18/2/10;1,17
19/2/10;0,3
22/2/10;0,82
23/2/10;-2,01
24/2/10;1,76
25/2/10;0,8
26/2/10;0,03
1/3/10;1,63
2/3/10;1,49
3/3/10;-0,43
4/3/10;0,51
5/3/10;3,65
8/3/10;-1,09
9/3/10;0,19
10/3/10;1,91
11/3/10;-0,18
12/3/10;0,95
15/3/10;-1,01
16/3/10;1,58
17/3/10;2,24
18/3/10;-0,66
19/3/10;-2,33
22/3/10;2,01
23/3/10;0,56
24/3/10;2,35
25/3/10;-1,56
26/3/10;1,54
29/3/10;2,13
30/3/10;-0,63
31/3/10;1,97
1/4/10;1,19
5/4/10;1,9
6/4/10;-0,15
7/4/10;-0,31
8/4/10;0,78
9/4/10;0,6
12/4/10;0,21
13/4/10;-0,81
14/4/10;1,15
15/4/10;-0,35
16/4/10;-1,51
19/4/10;-0,98
20/4/10;1,6
21/4/10;-0,49
22/4/10;0,05
23/4/10;1,24
26/4/10;0,71
27/4/10;-3,51
28/4/10;0,38
29/4/10;-2,11
30/4/10;-1,55
3/5/10;3,13
4/5/10;-3,36
5/5/10;-0,98
6/5/10;-3,38
7/5/10;-3,91
10/5/10;7,5
11/5/10;1,48
12/5/10;2,99
13/5/10;-2,36
14/5/10;-2,68
17/5/10;0,45
18/5/10;-2,2
19/5/10;-1,68
20/5/10;-2,8
21/5/10;2,27
24/5/10;-0,28
25/5/10;1,38
26/5/10;1,32
27/5/10;5,74
28/5/10;-0,63
1/6/10;-2,88
2/6/10;3,62
3/6/10;0,55
4/6/10;-4,58
7/6/10;-2,7
8/6/10;0,94
9/6/10;1,32
10/6/10;3,99
11/6/10;1,11
14/6/10;2,45
15/6/10;2,31
16/6/10;-0,63
17/6/10;0,51
18/6/10;-0,37
21/6/10;-0,02
22/6/10;-2,25
23/6/10;-0,32
24/6/10;-2,58
25/6/10;1,46
28/6/10;-0,68
29/6/10;-6,08
30/6/10;-1,97
1/7/10;0,09
2/7/10;0
6/7/10;0
7/7/10;0
8/7/10;0
9/7/10;0
12/7/10;0
13/7/10;0
14/7/10;0
15/7/10;0
16/7/10;0
19/7/10;0
20/7/10;0
21/7/10;0
22/7/10;0
23/7/10;0
26/7/10;0
27/7/10;0
28/7/10;0
29/7/10;0
30/7/10;0
2/8/10;1,2
3/8/10;-0,28
4/8/10;-1,8
5/8/10;-0,25
6/8/10;0,22
9/8/10;0,97
10/8/10;-0,78
11/8/10;-4,82
12/8/10;-0,39
13/8/10;-0,57
16/8/10;1,51
17/8/10;1,7
18/8/10;0,64
19/8/10;-3,37
20/8/10;-0,33
23/8/10;-2,71
24/8/10;-3,26
25/8/10;0,13
26/8/10;-2,19
27/8/10;1,14
30/8/10;-1,86
31/8/10;-0,13
1/9/10;4,07
2/9/10;2,41
3/9/10;0,68
7/9/10;-0,44
8/9/10;0,76
9/9/10;-0,87
10/9/10;-0,23
13/9/10;1,78
14/9/10;-0,25
15/9/10;0,24
16/9/10;0,36
17/9/10;-0,11
20/9/10;3,22
21/9/10;-0,09
22/9/10;-1,72
23/9/10;1,21
24/9/10;1,59
27/9/10;1,73
28/9/10;-1,22
29/9/10;0,1
30/9/10;-1
1/10/10;-1,54
4/10/10;-2,51
5/10/10;3,51
6/10/10;-3,23
7/10/10;0,18
8/10/10;0,76
11/10/10;-0,53
12/10/10;0,64
13/10/10;0,34
14/10/10;-0,26
15/10/10;0,71
18/10/10;0,34
19/10/10;-1,53
20/10/10;0,38
21/10/10;1,98
22/10/10;2,23
25/10/10;1,7
26/10/10;-0,7
27/10/10;1,09
28/10/10;0,06
29/10/10;-0,72
1/11/10;-0,84
2/11/10;2,68
3/11/10;0,03
4/11/10;1,4
5/11/10;-0,06
8/11/10;1,12
9/11/10;-1,68
10/11/10;1,3
11/11/10;1,02
12/11/10;-2,3
15/11/10;-0,45
16/11/10;-3,49
17/11/10;0,7
18/11/10;1,88
19/11/10;-1,24
22/11/10;1,07
23/11/10;-2
24/11/10;2,49
26/11/10;-0,29
29/11/10;-0,92
30/11/10;-1,14
1/12/10;2,79
2/12/10;-0,42
3/12/10;0,91
6/12/10;0,95
7/12/10;-0,54
8/12/10;1,15
9/12/10;-0,34
10/12/10;0,02
13/12/10;-0,93
14/12/10;-2,43
15/12/10;-2,89
16/12/10;0,09
17/12/10;-0,57
20/12/10;1,13
21/12/10;1,82
22/12/10;-1,25
23/12/10;-0,33
27/12/10;-0,05
28/12/10;-0,69
29/12/10;-0,2
30/12/10;-0,08
31/12/10;-0,72
3/1/11;1,39
4/1/11;-0,75
5/1/11;1,83
6/1/11;-0,5
7/1/11;0,66
10/1/11;-0,34
11/1/11;-0,24
12/1/11;2
13/1/11;0,39
14/1/11;1,53
18/1/11;1,04
19/1/11;-3,03
20/1/11;-1,61
21/1/11;-0,52
24/1/11;-0,03
25/1/11;-0,01
26/1/11;1,76
27/1/11;0,57
28/1/11;-0,53
31/1/11;1,43
1/2/11;1,44
2/2/11;-0,6
3/2/11;-0,36
4/2/11;0,55
7/2/11;0,27
8/2/11;0,49
9/2/11;0,48
10/2/11;0,88
11/2/11;1,07
14/2/11;2,91
15/2/11;-0,53
16/2/11;0,22
17/2/11;-0,49
18/2/11;-1,39
22/2/11;-3,77
23/2/11;-1,55
24/2/11;3,21
25/2/11;-0,11
28/2/11;-1,44
1/3/11;-2,79
2/3/11;1,9
3/3/11;2,88
4/3/11;-0,03
7/3/11;-0,93
8/3/11;0,08
9/3/11;-1,43
10/3/11;-3,38
11/3/11;1,13
14/3/11;0,7
15/3/11;-0,45
16/3/11;-0,79
17/3/11;2,21
18/3/11;-1,16
21/3/11;1,56
22/3/11;0,53
23/3/11;2,03
24/3/11;1,36
25/3/11;1,09
28/3/11;-0,61
29/3/11;1,4
30/3/11;0,18
31/3/11;-0,12
1/4/11;0,97
4/4/11;1,41
5/4/11;0,35
6/4/11;-2,54
7/4/11;-0,91
8/4/11;-1,13
11/4/11;-0,19
12/4/11;-1,46
13/4/11;1,2
14/4/11;-0,38
15/4/11;1,63
18/4/11;-1,01
19/4/11;1,94
20/4/11;1,58
21/4/11;1,03
25/4/11;-0,09
26/4/11;-1,5
27/4/11;0,26
28/4/11;0,64
29/4/11;1,06
2/5/11;-0,53
3/5/11;-3,3
4/5/11;-1,3
5/5/11;-1,34
6/5/11;-0,48
9/5/11;2,28
10/5/11;-0,13
11/5/11;-2,53
12/5/11;-0,74
13/5/11;-1,41
16/5/11;-1,4
17/5/11;0,95
18/5/11;2,65
19/5/11;-0,51
20/5/11;-0,59
23/5/11;-1,19
24/5/11;-1,06
25/5/11;1,84
26/5/11;0,75
27/5/11;0,33
31/5/11;2,09
1/6/11;-3,4
2/6/11;-0,12
3/6/11;-1,29
6/6/11;-2,41
7/6/11;0,92
8/6/11;-1,72
9/6/11;0,6
10/6/11;-2,14
13/6/11;-1,25
14/6/11;3,32
15/6/11;-2,16
16/6/11;-0,94
17/6/11;0,52
20/6/11;0,87
21/6/11;2,39
22/6/11;-0,95
23/6/11;0,69
24/6/11;-1,92
27/6/11;1,41
28/6/11;2,98
29/6/11;-0,66
30/6/11;0,75
1/7/11;0,87
5/7/11;0,39
6/7/11;0,17
7/7/11;0,69
8/7/11;0,34
11/7/11;-2,06
12/7/11;-1,5
13/7/11;0,74
14/7/11;-1,66
15/7/11;3,69
18/7/11;-0,29
19/7/11;2,97
20/7/11;-0,77
21/7/11;0,37
22/7/11;0,22
25/7/11;-0,16
26/7/11;0,5
27/7/11;-2,24
28/7/11;6,88
29/7/11;-0,38
1/8/11;1,77
2/8/11;-1,28
3/8/11;1,04
4/8/11;-5,1
5/8/11;-2,26
8/8/11;-5,79
9/8/11;6,76
10/8/11;0,08
11/8/11;4,02
12/8/11;0,41
15/8/11;0,59
16/8/11;-1,43
17/8/11;-0,56
18/8/11;-5,25
19/8/11;-1,84
22/8/11;0,21
23/8/11;5,22
24/8/11;-0,5
25/8/11;-0,76
26/8/11;3,06
29/8/11;1,23
30/8/11;2,51
31/8/11;0,18
1/9/11;0,15
2/9/11;0
6/9/11;0
7/9/11;0
8/9/11;0
9/9/11;0
12/9/11;0
13/9/11;0
14/9/11;0
15/9/11;0
16/9/11;0
19/9/11;0
20/9/11;0
21/9/11;0
22/9/11;0
23/9/11;0
26/9/11;0
27/9/11;0
28/9/11;0
29/9/11;0
30/9/11;0
3/10/11;0
4/10/11;0
5/10/11;0
6/10/11;0
7/10/11;0
10/10/11;0
11/10/11;0
12/10/11;0
13/10/11;0
14/10/11;0
17/10/11;0
18/10/11;0
19/10/11;0
20/10/11;0
21/10/11;0
24/10/11;0
25/10/11;0
26/10/11;0
27/10/11;0
28/10/11;0
31/10/11;0
1/11/11;0
2/11/11;0
3/11/11;0
4/11/11;0
7/11/11;0
8/11/11;0
9/11/11;0
10/11/11;0
11/11/11;0
14/11/11;0
15/11/11;0
16/11/11;0
17/11/11;0
18/11/11;0
21/11/11;0
22/11/11;0
23/11/11;0
25/11/11;0
28/11/11;0
29/11/11;0
30/11/11;0
1/12/11;0
2/12/11;0
5/12/11;0
6/12/11;0
7/12/11;0
8/12/11;0
9/12/11;0
12/12/11;0
13/12/11;0
14/12/11;0
15/12/11;0
16/12/11;0
19/12/11;0
20/12/11;0
21/12/11;0
22/12/11;0
23/12/11;0
27/12/11;0
28/12/11;0
29/12/11;0
30/12/11;0
3/1/12;0
4/1/12;0
5/1/12;0
6/1/12;0
9/1/12;0
10/1/12;0
11/1/12;0
12/1/12;0
13/1/12;0
17/1/12;0
18/1/12;0
19/1/12;0
20/1/12;0
23/1/12;0
24/1/12;0
25/1/12;0
26/1/12;0
27/1/12;0
30/1/12;0
31/1/12;0
1/2/12;-0,07
2/2/12;0,51
3/2/12;0,51
6/2/12;0,13
7/2/12;-0,12
8/2/12;-0,47
9/2/12;2
10/2/12;1,16
13/2/12;0,7
14/2/12;-0,05
15/2/12;-1,09
16/2/12;-0,13
17/2/12;-0,61
21/2/12;0,56
22/2/12;1,32
23/2/12;0,76
24/2/12;0,32
27/2/12;0,12
28/2/12;0,24
29/2/12;-0,29
1/3/12;1,29
2/3/12;0,49
5/3/12;-0,09
6/3/12;-1,39
7/3/12;0,87
8/3/12;0,93
9/3/12;1,3
12/3/12;-0,45
13/3/12;0,63
14/3/12;-1,31
15/3/12;-0,72
16/3/12;-0,14
19/3/12;-0,19
20/3/12;0,52
21/3/12;0,11
22/3/12;1,47
23/3/12;-0,12
26/3/12;0,41
27/3/12;-0,39
28/3/12;-0,12
29/3/12;0,2
30/3/12;-0,38
2/4/12;1,89
3/4/12;0,67
4/4/12;-1
5/4/12;-1,08
9/4/12;0,4
10/4/12;-2,07
11/4/12;0,34
12/4/12;1,08
13/4/12;-0,75
16/4/12;-0,12
17/4/12;1,08
18/4/12;1,25
19/4/12;-0,98
20/4/12;0,02
23/4/12;0,11
24/4/12;-0,92
25/4/12;4,06
26/4/12;-0,35
27/4/12;-1,39
30/4/12;0,26
1/5/12;2,26
2/5/12;1,75
3/5/12;-2,09
4/5/12;-1,48
7/5/12;1,02
8/5/12;-2,17
9/5/12;1,95
10/5/12;-0,45
11/5/12;0,48
14/5/12;-0,65
15/5/12;1,23
16/5/12;-1,64
17/5/12;-6,36
18/5/12;-3,27
21/5/12;3,17
22/5/12;-0,29
23/5/12;0,92
24/5/12;0,8
25/5/12;-0,5
29/5/12;-0,07
30/5/12;-3,87
31/5/12;0,07
1/6/12;-5,45
4/6/12;-0,27
5/6/12;2,34
6/6/12;1,76
7/6/12;0,2
8/6/12;1,5
11/6/12;-2,13
12/6/12;1,13
13/6/12;-1,95
14/6/12;1,5
15/6/12;1,36
18/6/12;1,83
19/6/12;-1
20/6/12;-0,74
21/6/12;-2,03
22/6/12;0,2
25/6/12;0,23
26/6/12;1,87
27/6/12;-0,05
28/6/12;-0,06
29/6/12;3,21
2/7/12;0,15
3/7/12;0,96
5/7/12;-0,04
6/7/12;0,3
9/7/12;-0,65
10/7/12;-1,5
11/7/12;-2,37
12/7/12;0,69
13/7/12;0,19
16/7/12;-1,21
17/7/12;0,39
18/7/12;-0,52
19/7/12;-1,17
20/7/12;-0,68
23/7/12;0,57
24/7/12;-1,51
25/7/12;-1,91
26/7/12;6,46
27/7/12;0,14
30/7/12;-0,34
31/7/12;-0,74
1/8/12;-0,99
2/8/12;0,44
3/8/12;1,8
6/8/12;1,43
7/8/12;1,18
8/8/12;0,83
9/8/12;2,08
10/8/12;0,88
13/8/12;-0,11
14/8/12;0,66
15/8/12;0,25
16/8/12;2,78
17/8/12;0,7
20/8/12;-1,55
21/8/12;-1,25
22/8/12;1,85
23/8/12;-1,8
24/8/12;1,47
27/8/12;-1,12
28/8/12;-0,07
29/8/12;-0,04
30/8/12;-1,68
31/8/12;0,28
4/9/12;0,71
5/9/12;0,52
6/9/12;0,9
7/9/12;-0,99
10/9/12;-1,7
11/9/12;0,36
12/9/12;2,24
13/9/12;1,49
14/9/12;0,95
17/9/12;-0,98
18/9/12;-0,92
19/9/12;1,21
20/9/12;1,39
21/9/12;1,59
24/9/12;-0,28
25/9/12;-1,64
26/9/12;-2,42
27/9/12;1,87
28/9/12;-1,03
1/10/12;-1,27
2/10/12;-0,88
3/10/12;4,23
4/10/12;-0,14
5/10/12;0,69
8/10/12;-1,61
9/10/12;-1,87
10/10/12;0,68
11/10/12;3,1
12/10/12;-0,51
15/10/12;1,66
16/10/12;0,85
17/10/12;1,95
18/10/12;0,96
19/10/12;-0,71
22/10/12;0,73
23/10/12;-0,64
24/10/12;-0,12
25/10/12;-0,73
26/10/12;0,03
31/10/12;0,52
1/11/12;0,76
2/11/12;-0,98
5/11/12;0,39
6/11/12;0,33
7/11/12;-0,89
8/11/12;-0,47
9/11/12;-0,43
12/11/12;-0,11
13/11/12;-0,06
14/11/12;-1,36
15/11/12;-0,15
16/11/12;1,81
19/11/12;0,6
20/11/12;1,28
21/11/12;0,38
23/11/12;0,75
26/11/12;-0,33
27/11/12;-0,28
28/11/12;1,11
29/11/12;-0,09
30/11/12;-0,06
3/12/12;-1,05
4/12/12;-0,75
5/12/12;-1,59
6/12/12;-0,29
7/12/12;0,46
10/12/12;1,18
11/12/12;-0,55
12/12/12;0,42
13/12/12;0,78
14/12/12;0,82
17/12/12;1,1
18/12/12;0,26
19/12/12;-1,02
20/12/12;0,42
21/12/12;-0,81
24/12/12;-0,22
26/12/12;0,02
27/12/12;0,82
28/12/12;-1,21
31/12/12;2,01
2/1/13;1,62
3/1/13;-0,99
4/1/13;0,44
7/1/13;-0,95
8/1/13;1,12
9/1/13;-1,06
10/1/13;1,75
11/1/13;-0,64
14/1/13;-1,18
15/1/13;0,74
16/1/13;-0,44
17/1/13;2,04
18/1/13;-0,5
22/1/13;0,48
23/1/13;1,41
24/1/13;0,3
25/1/13;0,85
28/1/13;-0,61
29/1/13;2,01
30/1/13;-0,01
31/1/13;-0,16
1/2/13;0,14
4/2/13;-1,08
5/2/13;0,84
6/2/13;0,79
7/2/13;0,31
8/2/13;1,05
11/2/13;0,27
12/2/13;1,32
13/2/13;0
14/2/13;0,77
15/2/13;-0,09
19/2/13;-0,24
20/2/13;-4,21
21/2/13;1
22/2/13;1,17
25/2/13;-2,74
26/2/13;2,65
27/2/13;1,49
28/2/13;-0,02
1/3/13;2,43
4/3/13;1,77
5/3/13;0,03
6/3/13;-0,32
7/3/13;0,91
8/3/13;1,62
11/3/13;-0,87
12/3/13;0,83
13/3/13;-1,36
14/3/13;1,38
15/3/13;-0,69
18/3/13;0,46
19/3/13;-0,31
20/3/13;2,7
21/3/13;-0,99
22/3/13;1,26
25/3/13;0,06
26/3/13;1,2
27/3/13;-0,71
28/3/13;0,33
1/4/13;-0,59
2/4/13;-2,5
3/4/13;-5,42
4/4/13;0,59
5/4/13;0,14
8/4/13;0,82
9/4/13;0,26
10/4/13;-1,9
11/4/13;-0,94
12/4/13;-1,02
15/4/13;-4,78
16/4/13;2,61
17/4/13;-2,39
18/4/13;0,05
19/4/13;1,92
22/4/13;0,78
23/4/13;2,5
24/4/13;1,11
25/4/13;-1,05
26/4/13;0,41
29/4/13;2,33
30/4/13;-0,55
1/5/13;-1,4
2/5/13;1,49
3/5/13;1,28
6/5/13;0,57
7/5/13;1,37
8/5/13;-0,39
9/5/13;-1,21
10/5/13;1,03
13/5/13;0,48
14/5/13;1,29
15/5/13;-0,03
16/5/13;-1,76
17/5/13;1,6
20/5/13;-0,75
21/5/13;-1,35
22/5/13;-1,25
23/5/13;-0,4
24/5/13;-3,33
28/5/13;0,6
29/5/13;0,03
30/5/13;2,17
31/5/13;-1,04
3/6/13;-0,82
4/6/13;-0,28
5/6/13;-0,44
6/6/13;0,93
7/6/13;1,53
10/6/13;0,73
11/6/13;-1,35
12/6/13;-1,61
13/6/13;2,64
14/6/13;-0,8
17/6/13;2,37
18/6/13;1,33
19/6/13;-0,06
20/6/13;-2,96
21/6/13;-0,36
24/6/13;-0,1
25/6/13;1,08
26/6/13;1,18
27/6/13;1,55
28/6/13;-0,89
1/7/13;2,81
2/7/13;-0,1
3/7/13;-0,67
5/7/13;1,93
8/7/13;0,18
9/7/13;-0,03
10/7/13;-1,78
11/7/13;0,43
12/7/13;2,34
15/7/13;1,12
16/7/13;0,87
17/7/13;1,32
18/7/13;0,83
19/7/13;-0,03
22/7/13;0,33
23/7/13;-1,58
24/7/13;-2,35
25/7/13;1,16
26/7/13;-1,81
29/7/13;-0,4
30/7/13;0,34
31/7/13;0,63
1/8/13;1,95
2/8/13;-0,25
5/8/13;2,27
6/8/13;-0,57
7/8/13;-2,07
8/8/13;0,79
9/8/13;0,62
12/8/13;0,37
13/8/13;2,6
14/8/13;-0,33
15/8/13;-2,91
16/8/13;0,28
19/8/13;-0,27
20/8/13;1,81
21/8/13;-1,03
22/8/13;2,83
23/8/13;0,77
26/8/13;0,71
27/8/13;-3,56
28/8/13;1,23
29/8/13;1,6
30/8/13;-0,67
3/9/13;1,29
4/9/13;0,3
5/9/13;1,39
6/9/13;-1,57
9/9/13;0,65
10/9/13;2,71
11/9/13;-0,91
12/9/13;-0,98
13/9/13;2,53
16/9/13;-0,5
17/9/13;0,46
18/9/13;0,19
19/9/13;0,13
20/9/13;-0,99
23/9/13;-0,57
24/9/13;0,66
25/9/13;-0,29
26/9/13;0,86
27/9/13;-0,93
30/9/13;-0,69
1/10/13;2,03
2/10/13;0,49
3/10/13;-0,32
4/10/13;1,62
7/10/13;-1,71
8/10/13;-3,5
9/10/13;-0,65
10/10/13;4,24
11/10/13;-2,66
14/10/13;3,11
15/10/13;0,24
16/10/13;0,91
17/10/13;1,92
18/10/13;0,26
21/10/13;1,29
22/10/13;3,68
23/10/13;-0,67
24/10/13;0,54
25/10/13;-0,35
28/10/13;0,27
29/10/13;1,18
30/10/13;-0,29
31/10/13;0,47
1/11/13;-0,08
4/11/13;0,82
5/11/13;0,85
6/11/13;-2,06
7/11/13;-1,4
8/11/13;2,49
11/11/13;1,47
12/11/13;0,94
13/11/13;0,87
14/11/13;-0,13
15/11/13;0,16
18/11/13;-1,06
19/11/13;-4,39
20/11/13;-0,82
21/11/13;0,08
22/11/13;1,07
25/11/13;-0,74
26/11/13;0,25
27/11/13;1
29/11/13;0,79
2/12/13;0,66
3/12/13;1,35
4/12/13;-0,08
5/12/13;-0,81
6/12/13;0,3
9/12/13;1,46
10/12/13;0,71
11/12/13;-1,5
12/12/13;0,58
13/12/13;0,62
16/12/13;0,16
17/12/13;0,52
18/12/13;-0,96
19/12/13;-0,63
20/12/13;-0,42
23/12/13;0,04
24/12/13;0,04
26/12/13;0,32
27/12/13;-1,6
30/12/13;-0,46
31/12/13;0,65
2/1/14;-0,33
3/1/14;-1,17
6/1/14;0,46
7/1/14;2,36
8/1/14;3,55
9/1/14;-2,03
10/1/14;0,69
13/1/14;-2,7
14/1/14;5,53
15/1/14;-0,02
16/1/14;0,75
17/1/14;-1,6
21/1/14;3,28
22/1/14;0,55
23/1/14;0,08
24/1/14;-3,16
27/1/14;-1,35
28/1/14;2,57
29/1/14;-1,78
30/1/14;6,06
31/1/14;-0,08
3/2/14;-1,38
4/2/14;0,98
5/2/14;-1,14
6/2/14;0,53
7/2/14;3,7
10/2/14;2,19
11/2/14;0,47
12/2/14;-0,77
13/2/14;2,84
14/2/14;-0,23
18/2/14;2,01
19/2/14;-1,27
20/2/14;3,84
21/2/14;-0,43
24/2/14;2,88
25/2/14;3,03
26/2/14;-0,68
27/2/14;0,1
28/2/14;-1,24
3/3/14;0,05
4/3/14;1,71
5/3/14;-0,28
6/3/14;-2,12
7/3/14;-0,64
10/3/14;-0,76
11/3/14;0,24
12/3/14;0,58
13/3/14;-1,69
14/3/14;1,32
17/3/14;-0,9
18/3/14;0,8
19/3/14;-0,26
20/3/14;-0,13
21/3/14;-2,86
24/3/14;0,18
25/3/14;-0,53
26/3/14;-1,71
27/3/14;0,49
28/3/14;-0,06
31/3/14;1,38
1/4/14;2,05
2/4/14;-0,18
3/4/14;-0,84
4/4/14;-2,94
7/4/14;-2,21
8/4/14;-0,22
9/4/14;2,75
10/4/14;-3,68
11/4/14;-1,32
14/4/14;0,33
15/4/14;0,99
16/4/14;2,5
17/4/14;1,65
21/4/14;2,39
22/4/14;2,09
23/4/14;1,63
24/4/14;-0,44
25/4/14;-2,03
28/4/14;-1,08
29/4/14;1,41
30/4/14;1,92
1/5/14;-0,33
2/5/14;0,65
5/5/14;0,09
6/5/14;-1,4
7/5/14;-0,83
8/5/14;-1,4
9/5/14;-0,34
12/5/14;1,43
13/5/14;0,58
14/5/14;-0,9
15/5/14;-0,46
16/5/14;0,61
19/5/14;-0,13
20/5/14;-0,24
21/5/14;1,09
22/5/14;0,59
23/5/14;1,13
27/5/14;-0,16
28/5/14;-2,32
29/5/14;0,96
30/5/14;0,76
2/6/14;1,05
3/6/14;-0,23
4/6/14;-0,82
5/6/14;-0,15
6/6/14;0,47
9/6/14;-0,75
10/6/14;0,25
11/6/14;1,89
12/6/14;-0,55
13/6/14;0,33
16/6/14;0,43
17/6/14;1,01
18/6/14;0,39
19/6/14;-0,52
20/6/14;0,64
23/6/14;-0,1
24/6/14;1,66
25/6/14;0,31
26/6/14;0,04
27/6/14;0,04
30/6/14;0,36
1/7/14;2,04
2/7/14;-0,4
3/7/14;0,37
7/7/14;-2,29
8/7/14;-0,98
9/7/14;0,57
10/7/14;-0,57
11/7/14;0,27
14/7/14;1,05
15/7/14;-1,02
16/7/14;1,09
17/7/14;-2,55
18/7/14;1,23
21/7/14;0,27
22/7/14;0,87
23/7/14;1,07
24/7/14;-1,47
25/7/14;-0,12
28/7/14;-2,51
29/7/14;0,27
30/7/14;-0,34
31/7/14;-4,28
1/8/14;1,14
4/8/14;0,14
5/8/14;-1,64
6/8/14;-0,26
7/8/14;-1,73
8/8/14;1,27
11/8/14;-0,07
12/8/14;0,01
13/8/14;0,98
14/8/14;0,6
15/8/14;0,26
18/8/14;0,98
19/8/14;1,17
20/8/14;1,14
21/8/14;-0,37
22/8/14;0,98
25/8/14;-0,04
26/8/14;0,06
27/8/14;0,3
28/8/14;-0,51
29/8/14;0,29
2/9/14;1,74
3/9/14;-0,05
4/9/14;-0,21
5/9/14;0,77
8/9/14;-0,32
9/9/14;-0,31
10/9/14;1,7
11/9/14;0,18
12/9/14;-0,34
15/9/14;-0,32
16/9/14;1,62
17/9/14;0,08
18/9/14;1,75
19/9/14;-1,25
22/9/14;-1,56
23/9/14;-0,82
24/9/14;1,61
25/9/14;-2,15
26/9/14;0,96
29/9/14;-0,4
30/9/14;0
1/10/14;-1,57
2/10/14;-1,32
3/10/14;2,08
6/10/14;-0,6
7/10/14;-0,91
8/10/14;1,35
9/10/14;-2,13
10/10/14;-3,9
13/10/14;-4,11
14/10/14;2,95
15/10/14;-0,54
16/10/14;2,13
17/10/14;0,58
20/10/14;2,39
21/10/14;4,37
22/10/14;-1,4
23/10/14;-0,64
24/10/14;0,89
27/10/14;-0,22
28/10/14;1,39
29/10/14;0,5
30/10/14;-0,41
31/10/14;1,71
3/11/14;0,33
4/11/14;0,31
5/11/14;0,19
6/11/14;1,22
7/11/14;-0,43
10/11/14;0,76
11/11/14;-0,07
12/11/14;-0,6
13/11/14;0,54
14/11/14;0,42
17/11/14;2,02
18/11/14;1,44
19/11/14;-1,17
20/11/14;-2,42
21/11/14;-0,99
24/11/14;0,98
25/11/14;0,33
26/11/14;1,03
28/11/14;0,12
1/12/14;-1,42
2/12/14;0,22
3/12/14;-0,49
4/12/14;-0,19
5/12/14;-0,23
8/12/14;1,2
9/12/14;-0,67
10/12/14;-0,18
11/12/14;1,18
12/12/14;-1,91
15/12/14;-0,34
16/12/14;-1,42
17/12/14;2
18/12/14;1,66
19/12/14;0,04
22/12/14;0,63
23/12/14;-0,86
24/12/14;0,86
26/12/14;-0,29
29/12/14;-0,17
30/12/14;-0,29
31/12/14;-0,64
2/1/15;0,36
5/1/15;-1,15
6/1/15;-1,62
7/1/15;1,69
8/1/15;2,87
9/1/15;-0,42
12/1/15;-0,36
13/1/15;-0,38
14/1/15;-0,91
15/1/15;-1,66
16/1/15;1,25
20/1/15;1,03
21/1/15;0,94
22/1/15;2,63
23/1/15;0,61
26/1/15;0,44
27/1/15;-1,02
28/1/15;-0,11
29/1/15;1,28
30/1/15;-2,99
2/2/15;-0,1
3/2/15;-1,29
4/2/15;1,46
5/2/15;0,74
6/2/15;-1,15
9/2/15;-1,33
10/2/15;1,23
11/2/15;0,03
12/2/15;0,77
13/2/15;-0,46
17/2/15;-0,04
18/2/15;1,46
19/2/15;0,1
20/2/15;0,97
23/2/15;0,08
24/2/15;1,1
25/2/15;-1,14
26/2/15;0,37
27/2/15;3,05
2/3/15;0,72
3/3/15;-0,29
4/3/15;0,08
5/3/15;0,34
6/3/15;-1,35
9/3/15;-0,1
10/3/15;-0,78
11/3/15;-0,1
12/3/15;0,77
13/3/15;-0,81
16/3/15;1,73
17/3/15;-0,58
18/3/15;0,43
19/3/15;0,71
20/3/15;0,09
23/3/15;0,43
24/3/15;-0,08
25/3/15;-2,61
26/3/15;0,22
27/3/15;1,13
30/3/15;1,03
31/3/15;-1,22
1/4/15;-1,19
2/4/15;-0,14
6/4/15;0,24
7/4/15;0,24
8/4/15;0,24
9/4/15;-0,39
10/4/15;0,62
13/4/15;-0,66
14/4/15;-0,57
15/4/15;0,34
16/4/15;0,07
17/4/15;-0,73
20/4/15;1,37
21/4/15;0,88
22/4/15;0,4
23/4/15;0,09
24/4/15;0,31
27/4/15;0,23
28/4/15;-0,95
29/4/15;-0,59
30/4/15;-0,73
1/5/15;1,73
4/5/15;0,54
5/5/15;-1,58
6/5/15;-0,06
7/5/15;1,45
8/5/15;-3,17
11/5/15;1,14
12/5/15;-0,56
13/5/15;-0,49
14/5/15;1,21
15/5/15;-0,37
18/5/15;1,43
19/5/15;0,05
20/5/15;-0,34
21/5/15;0,33
22/5/15;0,04
26/5/15;-0,66
27/5/15;2,01
28/5/15;-0,46
29/5/15;0,05
1/6/15;0,11
2/6/15;-0,88
3/6/15;-1,16
4/6/15;-0,38
5/6/15;0,74
8/6/15;-2,3
9/6/15;0,31
10/6/15;1,79
11/6/15;-0,18
12/6/15;-0,73
15/6/15;0,06
16/6/15;-1,11
17/6/15;-0,01
18/6/15;1,27
19/6/15;0,46
22/6/15;-1,4
23/6/15;-0,53
24/6/15;-1,68
25/6/15;2,16
26/6/15;-1,96
29/6/15;-2,49
30/6/15;0,61
1/7/15;-0,33
2/7/15;0,29
6/7/15;-0,96
7/7/15;-1,6
8/7/15;-2,46
9/7/15;1,47
10/7/15;2,43
13/7/15;0,89
14/7/15;0,42
15/7/15;-1,01
16/7/15;5,54
17/7/15;-0,29
20/7/15;-1,23
21/7/15;0,55
22/7/15;-1,64
23/7/15;1,22
24/7/15;-3,33
27/7/15;-2,17
28/7/15;0,84
29/7/15;-0,18
30/7/15;1,61
31/7/15;0,52
3/8/15;-0,91
4/8/15;2,78
5/8/15;2,33
6/8/15;-0,03
7/8/15;-1,44
10/8/15;0,16
11/8/15;0,03
12/8/15;-0,77
13/8/15;1,01
14/8/15;-0,22
17/8/15;1,11
18/8/15;-0,33
19/8/15;-1,54
20/8/15;-5,23
21/8/15;-4,71
24/8/15;-4,88
25/8/15;1,7
26/8/15;6,19
27/8/15;3,72
28/8/15;0,27
31/8/15;-1,78
1/9/15;-3,36
2/9/15;1,28
3/9/15;-0,39
4/9/15;-0,23
8/9/15;1,68
9/9/15;-0,04
10/9/15;0,46
11/9/15;0,43
14/9/15;-0,5
15/9/15;0,13
16/9/15;0,28
17/9/15;0,55
18/9/15;0
21/9/15;0,52
22/9/15;-0,61
23/9/15;-0,07
24/9/15;-0,18
25/9/15;-0,54
28/9/15;-1,2
29/9/15;-0,71
30/9/15;1,14
1/10/15;-0,01
2/10/15;0
5/10/15;0
6/10/15;0
7/10/15;0
8/10/15;0
9/10/15;0
12/10/15;0
13/10/15;0
14/10/15;0
15/10/15;0
16/10/15;0
19/10/15;0
20/10/15;0
21/10/15;0
22/10/15;0
23/10/15;0
26/10/15;0
27/10/15;0
28/10/15;0
29/10/15;0
30/10/15;0
2/11/15;-0,08
3/11/15;1,44
4/11/15;2,76
5/11/15;0,79
6/11/15;-1,56
9/11/15;-1,98
10/11/15;0,76
11/11/15;1,22
12/11/15;-0,97
13/11/15;-2,7
16/11/15;2,55
17/11/15;2,21
18/11/15;2,35
19/11/15;-0,09
20/11/15;1,57
23/11/15;0,6
24/11/15;-1,12
25/11/15;0,68
27/11/15;0,23
30/11/15;-0,54
1/12/15;1,78
2/12/15;0,57
3/12/15;-1,46
4/12/15;2,21
7/12/15;-1,56
8/12/15;1,2
9/12/15;-1,73
10/12/15;-0,57
11/12/15;-2,76
14/12/15;1,77
15/12/15;0,11
16/12/15;2,08
17/12/15;-0,5
18/12/15;-1,64
21/12/15;-0,11
22/12/15;0,21
23/12/15;0,2
24/12/15;-0,18
28/12/15;0,55
29/12/15;1,69
30/12/15;-0,88
31/12/15;-1,65
4/1/16;-3,23
5/1/16;-0,66
6/1/16;2,39
7/1/16;-1,98
8/1/16;-1,2
11/1/16;1,17
12/1/16;1,03
13/1/16;-4,63
14/1/16;1
15/1/16;-2,04
19/1/16;1,57
20/1/16;-0,15
21/1/16;-1,27
22/1/16;0,58
25/1/16;-0,65
26/1/16;0,04
27/1/16;-2,8
28/1/16;3,9
29/1/16;-2,58
1/2/16;-0,46
2/2/16;0
3/2/16;0
4/2/16;0
5/2/16;0
8/2/16;0
9/2/16;0
10/2/16;0
11/2/16;0
12/2/16;0
16/2/16;0
17/2/16;0
18/2/16;0
19/2/16;0
22/2/16;0
23/2/16;0
24/2/16;0
25/2/16;0
26/2/16;0
29/2/16;0
1/3/16;0
2/3/16;0
3/3/16;0
4/3/16;0
7/3/16;0
8/3/16;0
9/3/16;0
10/3/16;0
11/3/16;0
14/3/16;0
15/3/16;0
16/3/16;0
17/3/16;0
18/3/16;0
21/3/16;0
22/3/16;0
23/3/16;0
24/3/16;0
28/3/16;0
29/3/16;0
30/3/16;0
31/3/16;0
1/4/16;1,78
4/4/16;-0,64
5/4/16;-1,03
6/4/16;0,79
7/4/16;-0,91
8/4/16;0,06
11/4/16;-0,54
12/4/16;0,04
13/4/16;-1,02
14/4/16;-0,72
15/4/16;0,67
18/4/16;0,03
19/4/16;-0,69
20/4/16;-1,2
21/4/16;-0,87
22/4/16;-0,18
25/4/16;0,77
26/4/16;0,52
27/4/16;1,2
28/4/16;-0,72
29/4/16;-0,54
2/5/16;0,75
3/5/16;-0,49
4/5/16;-0,5
5/5/16;0,05
6/5/16;0,66
9/5/16;0,42
10/5/16;1
11/5/16;-0,27
12/5/16;-0,55
13/5/16;4,46
16/5/16;0,8
17/5/16;-0,73
18/5/16;0,47
19/5/16;-0,07
20/5/16;0,45
23/5/16;0,18
24/5/16;0,83
25/5/16;-0,3
26/5/16;0,52
27/5/16;0,17
31/5/16;0,11
1/6/16;-0,18
2/6/16;0,01
3/6/16;1,52
6/6/16;-0,19
7/6/16;-0,08
8/6/16;0,25
9/6/16;1,65
10/6/16;-1,51
13/6/16;0,43
14/6/16;-0,01
15/6/16;1,23
16/6/16;0,1
17/6/16;-1,24
20/6/16;0,79
21/6/16;-0,66
22/6/16;0,49
23/6/16;1,08
24/6/16;-1,87
27/6/16;-0,53
28/6/16;0,79
29/6/16;1,6
30/6/16;2,59
1/7/16;-0,49
5/7/16;0,87
6/7/16;0,96
7/7/16;0,85
8/7/16;1,05
11/7/16;2,39
12/7/16;-0,22
13/7/16;0,18
14/7/16;1,2
15/7/16;-0,68
18/7/16;1
19/7/16;0,1
20/7/16;-1,1
21/7/16;0,04
22/7/16;1,37
25/7/16;0,51
26/7/16;1,86
27/7/16;1,24
28/7/16;0,11
29/7/16;0,74
1/8/16;0,11
2/8/16;0,94
3/8/16;-0,39
4/8/16;0,09
5/8/16;-0,56
8/8/16;0,89
9/8/16;0,29
10/8/16;0,24
11/8/16;0,77
12/8/16;-1,01
15/8/16;0,96
16/8/16;-1,1
17/8/16;-0,23
18/8/16;-0,16
19/8/16;-0,85
22/8/16;-0,7
23/8/16;-0,33
24/8/16;-4,05
25/8/16;0,15
26/8/16;-0,38
29/8/16;1,02
30/8/16;-1,93
31/8/16;-0,53
1/9/16;1,45
2/9/16;0,1
6/9/16;-0,17
7/9/16;-0,37
8/9/16;-0,33
9/9/16;-1,8
12/9/16;1,31
13/9/16;-0,37
14/9/16;-0,05
15/9/16;0,88
16/9/16;-0,23
19/9/16;0,61
20/9/16;0,21
21/9/16;0,59
22/9/16;0,14
23/9/16;-0,78
26/9/16;-0,44
27/9/16;0,22
28/9/16;0,21
29/9/16;-0,6
30/9/16;0,48
3/10/16;-0,86
4/10/16;-3,69
5/10/16;0,28
6/10/16;-0,36
7/10/16;-0,24
10/10/16;0,64
11/10/16;-0,46
12/10/16;0,74
13/10/16;-0,02
14/10/16;-0,25
17/10/16;0,22
18/10/16;1,19
19/10/16;1,18
20/10/16;-0,05
21/10/16;-0,64
24/10/16;-0,53
25/10/16;-0,12
26/10/16;-0,27
27/10/16;-1,45
28/10/16;0,26
31/10/16;1,4
1/11/16;0,76
2/11/16;-1,68
3/11/16;0,34
4/11/16;0,16
7/11/16;-0,17
8/11/16;0,49
9/11/16;0,67
10/11/16;-1,95
11/11/16;-3
14/11/16;0,73
15/11/16;2,27
16/11/16;-0,25
17/11/16;-0,73
18/11/16;0,34
21/11/16;1,63
22/11/16;0,52
23/11/16;-0,99
25/11/16;0,2
28/11/16;0,62
29/11/16;-0,14
30/11/16;0,59
1/12/16;-1,4
2/12/16;0,88
5/12/16;1,82
6/12/16;-0,13
7/12/16;-0,29
8/12/16;0,77
9/12/16;-0,23
12/12/16;-0,59
13/12/16;-0,27
14/12/16;-0,94
15/12/16;0,13
16/12/16;-1,04
19/12/16;-0,7
20/12/16;1,47
21/12/16;-0,28
22/12/16;-0,82
23/12/16;0,47
27/12/16;0,1
28/12/16;-1,13
29/12/16;0,01
30/12/16;-0,87
3/1/17;2,07
4/1/17;-0,42
5/1/17;0,15
6/1/17;-0,01
9/1/17;-0,3
10/1/17;-3,72
11/1/17;1,39
12/1/17;-1,11
13/1/17;-0,46
17/1/17;-0,7
18/1/17;0,83
19/1/17;-1,07
20/1/17;0,49
23/1/17;-0,52
24/1/17;1,78
25/1/17;0,81
26/1/17;-0,27
27/1/17;0,14
30/1/17;-0,7
31/1/17;1,33
1/2/17;3,19
2/2/17;0,72
3/2/17;0,13
6/2/17;-0,11
7/2/17;1,19
8/2/17;-0,79
9/2/17;0,09
10/2/17;-1,14
13/2/17;-0,7
14/2/17;-0,86
15/2/17;0,12
16/2/17;-0,86
17/2/17;0,2
21/2/17;1,72
22/2/17;-0,15
23/2/17;-2,94
24/2/17;0,17
27/2/17;1,42
28/2/17;-0,86
1/3/17;3,43
2/3/17;-1,08
3/3/17;1,07
6/3/17;0,13
7/3/17;-0,58
8/3/17;-1,26
9/3/17;-1,69
10/3/17;0,63
13/3/17;1,13
14/3/17;-1,15
15/3/17;1,85
16/3/17;-0,23
17/3/17;-0,55
20/3/17;-0,01
21/3/17;-2,94
22/3/17;1,11
23/3/17;0,71
24/3/17;2,57
27/3/17;-0,03
28/3/17;0,93
29/3/17;0,09
30/3/17;1,58
31/3/17;-0,62
3/4/17;-0,84
4/4/17;-1,65
5/4/17;-0,6
6/4/17;0,81
7/4/17;0,13
10/4/17;-1,33
11/4/17;0,44
12/4/17;-1,31
13/4/17;-0,54
17/4/17;1,73
18/4/17;0,06
19/4/17;0,27
20/4/17;1,31
21/4/17;-0,87
24/4/17;0,11
25/4/17;1,68
26/4/17;-5,6
27/4/17;1,74
28/4/17;-0,42
1/5/17;1,2
2/5/17;-7,7
3/5/17;1,15
4/5/17;-0,96
5/5/17;1,31
8/5/17;-0,81
9/5/17;1
10/5/17;2,28
11/5/17;0,27
12/5/17;0,27
15/5/17;0,01
16/5/17;3,12
17/5/17;-7,07
18/5/17;1,14
19/5/17;0,96
22/5/17;-0,05
23/5/17;0
24/5/17;1,52
25/5/17;0,64
26/5/17;0,73
30/5/17;1,92
31/5/17;-0,16
1/6/17;0,67
2/6/17;-0,19
5/6/17;-0,09
6/6/17;0
7/6/17;0,25
8/6/17;2,45
9/6/17;-3,89
12/6/17;0,53
13/6/17;1,57
14/6/17;-1,01
15/6/17;0,03
16/6/17;-0,49
19/6/17;1,88
20/6/17;-0,76
21/6/17;1,39
22/6/17;-0,25
23/6/17;0,13
26/6/17;-0,3
27/6/17;-1,22
28/6/17;2,25
29/6/17;-1,99
30/6/17;-1
3/7/17;-2,06
5/7/17;-0,36
6/7/17;-2,1
7/7/17;0,59
10/7/17;0,54
11/7/17;1,33
12/7/17;0,82
13/7/17;-0,97
14/7/17;1,12
17/7/17;-0,95
18/7/17;0,86
19/7/17;-1,78
20/7/17;0
21/7/17;0,33
24/7/17;0,32
25/7/17;-1,54
26/7/17;0,52
27/7/17;-1,44
28/7/17;-0,91
31/7/17;-2,47
1/8/17;0,33
2/8/17;0,72
3/8/17;-0,84
4/8/17;0,76
7/8/17;1,3
8/8/17;-1,21
9/8/17;0,28
10/8/17;-1,94
11/8/17;-0,24
14/8/17;3,25
15/8/17;-0,56
16/8/17;-0,33
17/8/17;-1,63
18/8/17;0,53
21/8/17;-0,3
22/8/17;1,95
23/8/17;-0,13
24/8/17;0,21
25/8/17;-1,7
28/8/17;0,21
29/8/17;0,29
30/8/17;0,68
31/8/17;1,49
1/9/17;0,21
5/9/17;-0,55
6/9/17;-1,31
7/9/17;1,19
8/9/17;-0,11
11/9/17;0,2
12/9/17;0,07
13/9/17;-0,7
14/9/17;-0,93
15/9/17;-0,21
18/9/17;1,59
19/9/17;0,65
20/9/17;-0,33
21/9/17;-0,46
22/9/17;-0,15
25/9/17;-1,51
26/9/17;0,58
27/9/17;1,12
28/9/17;-0,18
29/9/17;1,74
2/10/17;0,17
3/10/17;0,27
4/10/17;-0,21
5/10/17;-0,16
6/10/17;0,48
9/10/17;0,53
10/10/17;-0,15
11/10/17;0,27
12/10/17;0,21
13/10/17;0,29
16/10/17;1,01
17/10/17;-0,47
18/10/17;-0,11
19/10/17;-0,06
20/10/17;0,48
23/10/17;-0,88
24/10/17;0,4
25/10/17;-1,27
26/10/17;-0,51
27/10/17;6,99
30/10/17;-0,49
31/10/17;-0,05
1/11/17;-0,76
2/11/17;-0,42
3/11/17;1,16
6/11/17;0,3
7/11/17;1,06
8/11/17;0,63
9/11/17;-1,34
10/11/17;2,26
13/11/17;0,66
14/11/17;0,37
15/11/17;-1,52
16/11/17;1,56
17/11/17;-0,19
20/11/17;1,5
21/11/17;1,45
22/11/17;-0,58
24/11/17;0,64
27/11/17;-0,27
28/11/17;-0,26
29/11/17;-5,18
30/11/17;0,1
1/12/17;-1,8
4/12/17;-7,42
5/12/17;0,51
6/12/17;1,93
7/12/17;1,95
8/12/17;-0,84
11/12/17;-0,14
12/12/17;-0,31
13/12/17;-0,29
14/12/17;-0,18
15/12/17;1,26
18/12/17;1,08
19/12/17;-0,64
20/12/17;-0,32
21/12/17;-2,45
22/12/17;0,55
26/12/17;0,54
27/12/17;0,55
28/12/17;-0,13
29/12/17;-1,46
2/1/18;1,34
3/1/18;3,04
4/1/18;-0,17
5/1/18;1,19
8/1/18;1,47
9/1/18;-0,37
10/1/18;-0,14
11/1/18;0,55
12/1/18;0,23
16/1/18;-1,18
17/1/18;0,98
18/1/18;-0,44
19/1/18;1,21
22/1/18;0,56
23/1/18;0,99
24/1/18;-0,5
25/1/18;0,67
26/1/18;1,11
29/1/18;-0,44
30/1/18;-1,44
31/1/18;0,91
1/2/18;-3,9
2/2/18;-1,44
5/2/18;-5,45
6/2/18;1,89
7/2/18;-0,6
8/2/18;-6,5
9/2/18;4,63
12/2/18;0,2
13/2/18;0,24
14/2/18;2,51
15/2/18;1,86
16/2/18;-0,79
20/2/18;1,31
21/2/18;-1,21
22/2/18;0,97
23/2/18;1,85
26/2/18;0,93
27/2/18;-0,9
28/2/18;-0,8
1/3/18;-2,78
2/3/18;1,53
5/3/18;3,69
6/3/18;1,63
7/3/18;-0,39
8/3/18;0,44
9/3/18;1,41
12/3/18;0,93
13/3/18;-0,86
14/3/18;0,09
15/3/18;-0,57
16/3/18;0,75
19/3/18;-0,59
20/3/18;1,35
21/3/18;-0,17
22/3/18;-3,32
23/3/18;-3,07
26/3/18;3,26
27/3/18;-4,18
28/3/18;-2,07
29/3/18;1,97
2/4/18;-2,98
3/4/18;1,33
4/4/18;0,45
5/4/18;0,84
6/4/18;-2,83
9/4/18;0,29
10/4/18;3,64
11/4/18;-0,93
12/4/18;2,58
13/4/18;-1,23
16/4/18;0,61
17/4/18;1,9
18/4/18;0,66
19/4/18;-3,5
20/4/18;-0,83
23/4/18;-0,57
24/4/18;-1,96
25/4/18;1,23
26/4/18;2,68
27/4/18;-0,23
30/4/18;-1,64
1/5/18;-0,12
2/5/18;-0,49
3/5/18;-1,03
4/5/18;1,6
7/5/18;1,75
8/5/18;0,2
9/5/18;1,36
10/5/18;0,67
11/5/18;-0,87
14/5/18;0,33
15/5/18;-0,87
16/5/18;0,78
17/5/18;0,31
18/5/18;-0,52
21/5/18;0,84
22/5/18;-0,57
23/5/18;2,2
24/5/18;0,83
25/5/18;0,46
29/5/18;-0,38
30/5/18;-2,23
31/5/18;-1,48
1/6/18;1,43
4/6/18;1,17
5/6/18;0,33
6/6/18;-0,32
7/6/18;-1,04
8/6/18;0,14
11/6/18;0,42
12/6/18;0,11
13/6/18;2,14
14/6/18;1,09
15/6/18;-0,73
18/6/18;0,78
19/6/18;0,85
20/6/18;0,74
21/6/18;-1,5
22/6/18;-0,65
25/6/18;-3,48
26/6/18;2,05
27/6/18;-1,73
28/6/18;0,43
29/6/18;-0,09
2/7/18;0,6
3/7/18;-1
5/7/18;0,3
6/7/18;1,74
9/7/18;1,21
10/7/18;-0,3
11/7/18;-0,05
12/7/18;1,43
13/7/18;-1,16
16/7/18;0,34
17/7/18;-0,57
18/7/18;0,06
19/7/18;-1,46
20/7/18;-0,02
23/7/18;0,82
24/7/18;-1,36
25/7/18;1,74
26/7/18;-4,64
27/7/18;-2,56
30/7/18;-3,23
31/7/18;0,83
1/8/18;-0,53
2/8/18;-1,09
3/8/18;-0,85
6/8/18;1,5
7/8/18;0,3
8/8/18;1,12
9/8/18;1,36
10/8/18;0,42
13/8/18;-0,26
14/8/18;1,41
15/8/18;-1,81
16/8/18;1,02
17/8/18;0,2
20/8/18;1,76
21/8/18;1,12
22/8/18;0,51
23/8/18;0,73
24/8/18;0,26
27/8/18;0,68
28/8/18;0,24
29/8/18;0,66
30/8/18;-0,95
31/8/18;0,17
4/9/18;4,5
5/9/18;-1,83
6/9/18;-1,53
7/9/18;-1,39
10/9/18;4,38
11/9/18;-0,22
12/9/18;1,19
13/9/18;-2,41
14/9/18;1,46
17/9/18;-2,58
18/9/18;0
19/9/18;-1,58
20/9/18;1,21
21/9/18;0,3
24/9/18;5,1
25/9/18;1,54
26/9/18;-0,93
27/9/18;0,94
28/9/18;-1,28
1/10/18;-0,92
2/10/18;-2,44
3/10/18;-0,26
4/10/18;-2,99
5/10/18;-1,43
8/10/18;-2,18
9/10/18;0,11
10/10/18;-5,79
11/10/18;-1,42
12/10/18;4,26
15/10/18;-2,34
16/10/18;3,78
17/10/18;1,59
18/10/18;-2,51
19/10/18;-3,87
22/10/18;0,14
23/10/18;0,41
24/10/18;-5,88
25/10/18;-5,86
26/10/18;-1,73
29/10/18;-3,63
30/10/18;1,66
31/10/18;2,39
1/11/18;2,59
2/11/18;0,73
5/11/18;0,48
6/11/18;0,87
7/11/18;1,61
8/11/18;-0,15
9/11/18;-0,64
12/11/18;-1,8
13/11/18;0,97
14/11/18;-2,87
15/11/18;-0,03
16/11/18;1,2
19/11/18;-1,06
20/11/18;-3,33
21/11/18;1,39
23/11/18;-1,17
26/11/18;1,97
27/11/18;1,28
28/11/18;1,05
29/11/18;-0,82
30/11/18;0,73
3/12/18;0,43
4/12/18;0
6/12/18;0
7/12/18;0
10/12/18;0
11/12/18;0
12/12/18;0
13/12/18;0
14/12/18;0
17/12/18;0
18/12/18;0
19/12/18;0
20/12/18;0
21/12/18;0
24/12/18;0
26/12/18;0
27/12/18;0
28/12/18;0
31/12/18;0
2/1/19;0
3/1/19;0
4/1/19;0
7/1/19;0
8/1/19;0
9/1/19;0
10/1/19;0
11/1/19;0
14/1/19;0
15/1/19;0
16/1/19;0
17/1/19;0
18/1/19;0
22/1/19;0
23/1/19;0
24/1/19;0
25/1/19;0
28/1/19;0
29/1/19;0
30/1/19;0
31/1/19;0
1/2/19;0
4/2/19;0
5/2/19;0
6/2/19;0
7/2/19;0
8/2/19;0
11/2/19;0
12/2/19;0
13/2/19;0
14/2/19;0
15/2/19;0
19/2/19;0
20/2/19;0
21/2/19;0
22/2/19;0
25/2/19;0
26/2/19;0
27/2/19;0
28/2/19;0
1/3/19;-0,97
4/3/19;-0,48
5/3/19;0,43
6/3/19;-2,05
7/3/19;-1,39
8/3/19;-0,49
11/3/19;3,99
12/3/19;0,88
13/3/19;1,49
14/3/19;-1,61
15/3/19;0,63
18/3/19;-0,03
19/3/19;3,48
20/3/19;0,42
21/3/19;3,67
22/3/19;-2,72
25/3/19;-1,39
26/3/19;0,37
27/3/19;-1,76
28/3/19;1,24
29/3/19;1,2
1/4/19;1,99
2/4/19;-0,64
3/4/19;-0,16
4/4/19;-0,66
5/4/19;0,55
8/4/19;0,64
9/4/19;-0,44
10/4/19;1,42
11/4/19;-0,95
12/4/19;0,73
15/4/19;0,44
16/4/19;-0,7
17/4/19;-0,75
18/4/19;-0,08
22/4/19;-0,11
23/4/19;1,14
24/4/19;0,02
25/4/19;-6,14
26/4/19;0,75
29/4/19;-0,08
30/4/19;0,49
1/5/19;-0,74
2/5/19;0,84
3/5/19;1,02
6/5/19;0,17
7/5/19;-1,59
8/5/19;0,04
9/5/19;0,19
10/5/19;0,72
13/5/19;-3,05
14/5/19;2,2
15/5/19;0,89
16/5/19;1,54
17/5/19;-0,41
20/5/19;-2,56
21/5/19;0,73
22/5/19;-0,14
23/5/19;-2,74
24/5/19;0,69
28/5/19;1,02
29/5/19;-1,93
30/5/19;1,34
31/5/19;-1,61
3/6/19;0,1
4/6/19;0,48
5/6/19;2,02
6/6/19;1,67
7/6/19;1,58
10/6/19;0,55
11/6/19;0,06
12/6/19;0,74
13/6/19;-0,01
14/6/19;-0,39
17/6/19;-0,33
18/6/19;0,63
19/6/19;1,26
20/6/19;0,32
21/6/19;-0,63
24/6/19;-0,42
25/6/19;0,25
26/6/19;-0,68
27/6/19;0,28
28/6/19;0,95
1/7/19;0,22
2/7/19;0,81
3/7/19;0,89
5/7/19;0,34
8/7/19;-0,5
9/7/19;0,48
10/7/19;-0,62
11/7/19;0,23
12/7/19;0,41
15/7/19;0,06
16/7/19;-0,52
17/7/19;-0,69
18/7/19;2,21
19/7/19;-1,71
22/7/19;0,46
23/7/19;0,09
24/7/19;2,69
25/7/19;-0,64
26/7/19;0,53
29/7/19;1,08
30/7/19;-0,79
31/7/19;-1,42
1/8/19;-0,59
2/8/19;-0,85
5/8/19;-3,64
6/8/19;2,51
7/8/19;1,05
8/8/19;8,55
9/8/19;0,45
12/8/19;-4,44
13/8/19;0,46
14/8/19;-3,19
15/8/19;-0,33
16/8/19;2,19
19/8/19;-0,53
20/8/19;-0,31
21/8/19;1,95
22/8/19;-0,57
23/8/19;-3,57
26/8/19;1,71
27/8/19;0,12
28/8/19;0,17
29/8/19;1,02
30/8/19;-0,14
3/9/19;-1,08
4/9/19;1,15
5/9/19;-0,5
6/9/19;0,31
9/9/19;-4,51
10/9/19;-5,21
11/9/19;0,41
12/9/19;1,11
13/9/19;-2,09
16/9/19;0,61
17/9/19;2,78
18/9/19;0,3
19/9/19;-0,3
20/9/19;-0,41
23/9/19;0,39
24/9/19;-0,62
25/9/19;-0,87
26/9/19;0,19
27/9/19;-1,15
30/9/19;1,11
1/10/19;-1
2/10/19;-1,68
3/10/19;1,31
4/10/19;1,15
7/10/19;-0,94
8/10/19;-2,72
9/10/19;1,79
10/10/19;0,55
11/10/19;1,23
14/10/19;-0,24
15/10/19;1,14
16/10/19;-1,55
17/10/19;0,59
18/10/19;-0,49
21/10/19;1,65
22/10/19;-1,46
23/10/19;-2,24
24/10/19;2,79
25/10/19;-0,31
28/10/19;0,14
29/10/19;-1,46
30/10/19;1,44
31/10/19;-2,12
1/11/19;0,26
4/11/19;-0,33
5/11/19;-0,95
6/11/19;-0,11
7/11/19;1,94
8/11/19;1,16
11/11/19;0,7
12/11/19;-0,06
13/11/19;0,89
14/11/19;1,09
15/11/19;0,3
18/11/19;0,51
19/11/19;0,06
20/11/19;-0,93
21/11/19;0,01
22/11/19;0,27
25/11/19;0,71
26/11/19;0,4
27/11/19;0,2
29/11/19;-0,99
2/12/19;-1,34
3/12/19;0,27
4/12/19;0,33
5/12/19;0,13
6/12/19;0,58
9/12/19;-0,39
10/12/19;0,42
11/12/19;0,23
12/12/19;2,98
13/12/19;-1,04
16/12/19;0,7
17/12/19;0,54
18/12/19;-1,02
19/12/19;0,71
20/12/19;1,37
23/12/19;0,85
24/12/19;0,59
26/12/19;0,04
27/12/19;-0,29
30/12/19;-0,75
31/12/19;0
2/1/20;2,35
3/1/20;-1,5
6/1/20;-0,84
7/1/20;0,49
8/1/20;0,48
9/1/20;0,35
10/1/20;-0,54
13/1/20;1,24
14/1/20;0,01
15/1/20;-0,82
16/1/20;1,87
17/1/20;1,19
21/1/20;0,17
22/1/20;0,84
23/1/20;0,83
24/1/20;-2,63
27/1/20;-2,72
28/1/20;2,49
29/1/20;-2,57
30/1/20;1,9
31/1/20;-3,81
3/2/20;5,47
4/2/20;5,91
5/2/20;-3,9
6/2/20;0,3
7/2/20;-0,07
10/2/20;2,33
11/2/20;1,43
12/2/20;-0,18
13/2/20;1,82
14/2/20;0,3
18/2/20;3,56
19/2/20;3,27
20/2/20;-1,89
21/2/20;-2,56
24/2/20;-5,14
25/2/20;-3,12
26/2/20;-0,95
27/2/20;-7,18
28/2/20;2,04
2/3/20;3,14
3/3/20;-1,47
4/3/20;2,86
5/3/20;0,17
6/3/20;-1,23
9/3/20;-3,55
10/3/20;1,16
11/3/20;-1,63
12/3/20;-4,27
13/3/20;3,14
16/3/20;-7,5
17/3/20;2,66
18/3/20;-2,87
19/3/20;5,06
20/3/20;-0,23
23/3/20;-1,53
24/3/20;2,38
25/3/20;0,69
26/3/20;4,46
27/3/20;-2,52
30/3/20;2,34
31/3/20;0,36
1/4/20;-1,89
2/4/20;0
3/4/20;0
6/4/20;0
7/4/20;0
8/4/20;0
9/4/20;0
13/4/20;0
14/4/20;0
15/4/20;0
16/4/20;0
17/4/20;0
20/4/20;0
21/4/20;0
22/4/20;0
23/4/20;0
24/4/20;0
27/4/20;0
28/4/20;0
29/4/20;0
30/4/20;0
1/5/20;0
4/5/20;0
5/5/20;0
6/5/20;0
7/5/20;0
8/5/20;0
11/5/20;0
12/5/20;0
13/5/20;0
14/5/20;0
15/5/20;0
18/5/20;0
19/5/20;0
20/5/20;0
21/5/20;0
22/5/20;0
26/5/20;0
27/5/20;0
28/5/20;0
29/5/20;0
1/6/20;0,01
2/6/20;0,17
3/6/20;-1,95
4/6/20;-2,44
5/6/20;1,65
8/6/20;0,39
9/6/20;1,34
10/6/20;2,8
11/6/20;-4,87
12/6/20;1,51
15/6/20;3,74
16/6/20;-0,51
17/6/20;1,54
18/6/20;0,13
19/6/20;2,4
22/6/20;0,77
23/6/20;-0,16
24/6/20;-2,6
25/6/20;1,59
26/6/20;-2,47
29/6/20;1,02
30/6/20;2,4
1/7/20;1,59
2/7/20;3,08
6/7/20;5,06
7/7/20;0,72
8/7/20;0,45
9/7/20;1,33
10/7/20;4,08
13/7/20;0,6
14/7/20;0,33
15/7/20;0,09
16/7/20;-1,01
17/7/20;0,47
20/7/20;2,58
21/7/20;-0,95
22/7/20;-0,1
23/7/20;-1,27
24/7/20;-0,37
27/7/20;0,65
28/7/20;-0,35
29/7/20;0,57
30/7/20;0,02
31/7/20;0,62
3/8/20;1,77
4/8/20;2,57
5/8/20;1,9
6/8/20;-0,35
7/8/20;-1,17
10/8/20;-3,68
11/8/20;-3,13
12/8/20;3,44
13/8/20;1,29
14/8/20;-0,78
17/8/20;2,14
18/8/20;-0,02
19/8/20;-0,35
20/8/20;0,68
21/8/20;-0,3
24/8/20;-0,25
25/8/20;1,85
26/8/20;-0,55
27/8/20;-1,01
28/8/20;-0,43
31/8/20;1,97
1/9/20;2,9
2/9/20;0,68
3/9/20;-6,74
4/9/20;-0,7
8/9/20;-4,19
9/9/20;3,44
10/9/20;-2,97
11/9/20;-1,46
14/9/20;3,2
15/9/20;0,81
16/9/20;-2,63
17/9/20;-0,44
18/9/20;-1,19
21/9/20;2,17
22/9/20;0,14
23/9/20;-2,44
24/9/20;0,2
25/9/20;2,86
28/9/20;1,45
29/9/20;0,91
30/9/20;1,68
1/10/20;1,82
2/10/20;-2,26
5/10/20;1,36
6/10/20;-1,05
7/10/20;2,17
8/10/20;-0,93
9/10/20;0,33
12/10/20;0,71
13/10/20;0,14
14/10/20;-1,57
15/10/20;2,16
16/10/20;0,16
19/10/20;-1,25
20/10/20;-0,31
21/10/20;-1,35
22/10/20;1,57
23/10/20;2,04
26/10/20;-0,23
27/10/20;-2,38
28/10/20;-3,92
29/10/20;-0,96
30/10/20;-2,27
2/11/20;0,67
3/11/20;3
4/11/20;7,67
5/11/20;2,23
6/11/20;1,47
9/11/20;-6,36
10/11/20;-4,2
11/11/20;4,84
12/11/20;7,71
13/11/20;4,78
16/11/20;-1,52
17/11/20;0,31
18/11/20;-0,19
19/11/20;-0,04
20/11/20;-0,17
23/11/20;0,05
24/11/20;0,3
25/11/20;0,06
27/11/20;0,39
30/11/20;-0,89
1/12/20;-2,21
2/12/20;0,27
3/12/20;2,46
4/12/20;1,55
7/12/20;-0,69
8/12/20;2,24
9/12/20;-3,92
10/12/20;2,26
11/12/20;1,49
14/12/20;0,55
15/12/20;2,89
16/12/20;1,16
17/12/20;2,29
18/12/20;0,45
21/12/20;0,14
22/12/20;2,28
23/12/20;-2,97
24/12/20;0,46
28/12/20;-4,2
29/12/20;-0,14
30/12/20;1,43
31/12/20;-1,93
4/1/21;-1,64
5/1/21;2,39
6/1/21;0,35
7/1/21;2,41
8/1/21;2,62
11/1/21;-0,78
12/1/21;1,26
13/1/21;-0,7
14/1/21;2,47
15/1/21;-0,99
19/1/21;1,84
20/1/21;0,75
21/1/21;-2,54
22/1/21;0,37
25/1/21;-2,57
26/1/21;-3,37
27/1/21;-4,07
28/1/21;5,82
29/1/21;-2,55
1/2/21;4,06
2/2/21;1,97
3/2/21;-2,63
4/2/21;2,98
5/2/21;2,83
8/2/21;-0,78
9/2/21;1,53
10/2/21;-0,78
11/2/21;0,42
12/2/21;1,29
16/2/21;0,64
17/2/21;-2,48
18/2/21;-3,62
19/2/21;2,62
22/2/21;-2,57
23/2/21;-1,35
24/2/21;1,11
25/2/21;-3,63
26/2/21;1,9
1/3/21;3,74
2/3/21;-0,7
3/3/21;-4,67
4/3/21;-2,34
5/3/21;1,95
8/3/21;-0,16
9/3/21;1,38
10/3/21;-0,25
11/3/21;3,26
12/3/21;2,91
15/3/21;1,32
16/3/21;-2,06
17/3/21;0,91
18/3/21;-1,39
19/3/21;0,49
22/3/21;-0,39
23/3/21;-2,93
24/3/21;-3,01
25/3/21;1,55
26/3/21;1,91
29/3/21;-3,23
30/3/21;2,98
31/3/21;0,01
1/4/21;0,37
5/4/21;1,37
6/4/21;0,72
7/4/21;1,22
8/4/21;1,28
9/4/21;2,69
12/4/21;0,56
13/4/21;-1,12
14/4/21;0,72
15/4/21;1,13
16/4/21;-0,03
19/4/21;-1,49
20/4/21;-2,46
21/4/21;2,41
22/4/21;0,89
23/4/21;2,03
26/4/21;-1,13
27/4/21;2,19
28/4/21;-0,11
29/4/21;-0,47
30/4/21;-1,03
3/5/21;2,33
4/5/21;-0,76
5/5/21;1,88
6/5/21;-0,44
7/5/21;3,35
10/5/21;-1,39
11/5/21;0,63
12/5/21;-3,69
13/5/21;0,2
14/5/21;2,72
17/5/21;2,22
18/5/21;-1,41
19/5/21;-4,01
20/5/21;-1,43
21/5/21;-0,65
24/5/21;1,51
25/5/21;-0,54
26/5/21;1,88
27/5/21;1,92
28/5/21;0,17
1/6/21;1,75
2/6/21;-1,86
3/6/21;-1,2
4/6/21;0,32
7/6/21;0
8/6/21;0,76
9/6/21;-1,06
10/6/21;-0,66
11/6/21;1,16
14/6/21;-2,58
15/6/21;-1,26
16/6/21;-0,42
17/6/21;-2,98
18/6/21;-1,91
21/6/21;2,39
22/6/21;0,78
23/6/21;0,41
24/6/21;0,95
25/6/21;-0,58
28/6/21;-1,45
29/6/21;0,23
30/6/21;1,52
1/7/21;0,62
2/7/21;-1,43
6/7/21;-2,75
7/7/21;-2,33
8/7/21;1,68
9/7/21;1,53
12/7/21;1,01
13/7/21;-0,69
14/7/21;-1,43
15/7/21;0,41
16/7/21;1,48
19/7/21;1,24
20/7/21;0,06
21/7/21;3,72
22/7/21;-0,38
23/7/21;2,26
26/7/21;0,07
27/7/21;-2,38
28/7/21;3,75
29/7/21;-0,21
30/7/21;-0,21
2/8/21;0,12
3/8/21;0,04
4/8/21;-0,78
5/8/21;-0,28
6/8/21;0,15
9/8/21;-0,34
10/8/21;0,29
11/8/21;0,08
12/8/21;0,47
13/8/21;-0,23
16/8/21;-0,31
17/8/21;-1,4
18/8/21;-0,53
19/8/21;2,54
20/8/21;0,49
23/8/21;1,47
24/8/21;-0,52
25/8/21;0,58
26/8/21;0,3
27/8/21;0,85
30/8/21;0,51
31/8/21;-0,96
1/9/21;-2,87
2/9/21;2,79
3/9/21;0,28
7/9/21;-0,85
8/9/21;-2,26
9/9/21;0,78
10/9/21;-0,6
13/9/21;1,45
14/9/21;-1,12
15/9/21;4,38
16/9/21;-0,5
17/9/21;-1,72
20/9/21;-3,08
21/9/21;0,4
22/9/21;3,68
23/9/21;4,89
24/9/21;0,67
27/9/21;2,51
28/9/21;-0,85
29/9/21;0,71
30/9/21;-0,18
1/10/21;2,99
4/10/21;2,14
5/10/21;3,15
6/10/21;-1,47
7/10/21;1,02
8/10/21;2,46
11/10/21;-0,6
12/10/21;-0,32
13/10/21;-0,09
14/10/21;1,68
15/10/21;0,46
18/10/21;1,79
19/10/21;0,19
20/10/21;0,78
21/10/21;-1,47
22/10/21;1,45
25/10/21;0,28
26/10/21;0,04
27/10/21;-2,89
28/10/21;1,78
29/10/21;0,15
1/11/21;1,88
2/11/21;0,13
3/11/21;-0,71
4/11/21;1,14
5/11/21;2,11
8/11/21;1,47
9/11/21;-0,19
10/11/21;-3,68
11/11/21;0,85
12/11/21;0,22
15/11/21;0,03
16/11/21;0,6
17/11/21;-2,02
18/11/21;1,02
19/11/21;-3,69
22/11/21;0,15
23/11/21;3,22
24/11/21;2,34
26/11/21;-4,36
29/11/21;2,55
30/11/21;-3
1/12/21;-3,61
2/12/21;1,91
3/12/21;-2
6/12/21;-1,04
7/12/21;6,66
8/12/21;-0,26
9/12/21;-3,66
10/12/21;1,99
13/12/21;-3,74
14/12/21;-1,79
15/12/21;3,52
16/12/21;-2,74
17/12/21;-0,55
20/12/21;-1,15
21/12/21;4,62
22/12/21;1,84
23/12/21;0,09
27/12/21;4,73
28/12/21;-0,74
29/12/21;-0,44
30/12/21;-1,32
31/12/21;0,11
3/1/22;-3,15
4/1/22;-1,52
5/1/22;-4,54
6/1/22;1,12
7/1/22;-1,26
10/1/22;0,81
11/1/22;0,62
12/1/22;0,1
13/1/22;-2,5
14/1/22;-0,39
18/1/22;-1,71
19/1/22;-0,33
20/1/22;-1,09
21/1/22;-2,64
24/1/22;2,05
25/1/22;-3,62
26/1/22;0,19
27/1/22;-0,31
28/1/22;2,83
31/1/22;3,02
1/2/22;4,71
2/2/22;0,86
3/2/22;-0,49
4/2/22;0,8
7/2/22;-0,32
8/2/22;-2,43
9/2/22;1,57
10/2/22;-0,09
11/2/22;2,7
14/2/22;-3,94
15/2/22;-1,34
16/2/22;2,25
17/2/22;1,9
18/2/22;-0,46
22/2/22;-2,41
23/2/22;0,51
24/2/22;0,35
25/2/22;3,09
28/2/22;4,79
1/3/22;1,12
2/3/22;0,16
3/3/22;-0,23
4/3/22;2,39
7/3/22;1,1
8/3/22;-1,2
9/3/22;-1,88
10/3/22;2,46
11/3/22;-2,2
14/3/22;-4,76
15/3/22;-1,01
16/3/22;-0,44
17/3/22;5,95
18/3/22;0,61
21/3/22;5,03
22/3/22;-1,14
23/3/22;2,37
24/3/22;-0,07
25/3/22;1,88
28/3/22;-2,92
29/3/22;-1,11
30/3/22;0,76
31/3/22;-1,46
1/4/22;0,05
4/4/22;0,86
5/4/22;-0,42
6/4/22;0,7
7/4/22;2,54
8/4/22;3,75
11/4/22;-2,08
12/4/22;1,95
13/4/22;-0,16
14/4/22;0,11
18/4/22;2,2
19/4/22;-1,29
20/4/22;-0,59
21/4/22;-5,63
22/4/22;-2,73
25/4/22;-2,93
26/4/22;0,13
27/4/22;1,54
28/4/22;1,35
29/4/22;-2,72
2/5/22;0,4
3/5/22;3,86
4/5/22;2,62
5/5/22;-1,82
6/5/22;2,5
9/5/22;-6,34
10/5/22;-0,09
11/5/22;-0,04
12/5/22;0,2
13/5/22;1,71
16/5/22;1,85
17/5/22;0,06
18/5/22;-4,79
19/5/22;0,08
20/5/22;-0,94
23/5/22;3,26
24/5/22;0,39
25/5/22;2,37
26/5/22;6,04
27/5/22;1,51
31/5/22;-2,35
1/6/22;1,04
2/6/22;0
3/6/22;0
6/6/22;0
7/6/22;0
8/6/22;0
9/6/22;0
10/6/22;0
13/6/22;0
14/6/22;0
15/6/22;0
16/6/22;0
17/6/22;0
21/6/22;0
22/6/22;0
23/6/22;0
24/6/22;0
27/6/22;0
28/6/22;0
29/6/22;0
30/6/22;0
1/7/22;0
5/7/22;0
6/7/22;0
7/7/22;0
8/7/22;0
11/7/22;0
12/7/22;0
13/7/22;0
14/7/22;0
15/7/22;0
18/7/22;0
19/7/22;0
20/7/22;0
21/7/22;0
22/7/22;0
25/7/22;0
26/7/22;0
27/7/22;0
28/7/22;0
29/7/22;0
1/8/22;0
2/8/22;0
3/8/22;0
4/8/22;0
5/8/22;0
8/8/22;0
9/8/22;0
10/8/22;0
11/8/22;0
12/8/22;0
15/8/22;0
16/8/22;0
17/8/22;0
18/8/22;0
19/8/22;0
22/8/22;0
23/8/22;0
24/8/22;0
25/8/22;0
26/8/22;0
29/8/22;0
30/8/22;0
31/8/22;0
1/9/22;0
2/9/22;0
6/9/22;0
7/9/22;0
8/9/22;0
9/9/22;0
12/9/22;0
13/9/22;0
14/9/22;0
15/9/22;0
16/9/22;0
19/9/22;0
20/9/22;0
21/9/22;0
22/9/22;0
23/9/22;0
26/9/22;0
27/9/22;0
28/9/22;0
29/9/22;0
30/9/22;0
3/10/22;0
4/10/22;0
5/10/22;0
6/10/22;0
7/10/22;0
10/10/22;0
11/10/22;0
12/10/22;0
13/10/22;0
14/10/22;0
17/10/22;0
18/10/22;0
19/10/22;0
20/10/22;0
21/10/22;0
24/10/22;0
25/10/22;0
26/10/22;0
27/10/22;0
28/10/22;0
31/10/22;0
1/11/22;0
2/11/22;0
3/11/22;0
4/11/22;0
7/11/22;0
8/11/22;0
9/11/22;0
10/11/22;0
11/11/22;0
14/11/22;0
15/11/22;0
16/11/22;0
17/11/22;0
18/11/22;0
21/11/22;0
22/11/22;0
23/11/22;0
25/11/22;0
28/11/22;0
29/11/22;0
30/11/22;0
1/12/22;-2,37
2/12/22;0,18
5/12/22;-2,54
6/12/22;-2,3
7/12/22;0,94
8/12/22;-0,64
9/12/22;-0,57
12/12/22;1,37
13/12/22;0,61
14/12/22;1,12
15/12/22;-1,78
16/12/22;-2,16
19/12/22;-0,81
20/12/22;-0,32
21/12/22;2,49
22/12/22;-3,61
23/12/22;0,64
27/12/22;-1,92
28/12/22;-3,16
29/12/22;0,15
30/12/22;-0,27
3/1/23;-3,29
4/1/23;2,04
5/1/23;4,31
6/1/23;0,64
9/1/23;-0,17
10/1/23;0,46
11/1/23;0,26
12/1/23;1,31
13/1/23;1,49
17/1/23;-0,39
18/1/23;-2,18
19/1/23;1,29
20/1/23;2,29
23/1/23;1,08
24/1/23;1,45
25/1/23;-0,37
26/1/23;5
27/1/23;-1,82
30/1/23;-3,57
31/1/23;0,08
1/2/23;2,22
2/2/23;-3,52
3/2/23;-0,98
6/2/23;-0,38
7/2/23;-0,09
8/2/23;-0,7
9/2/23;-0,09
10/2/23;-0,19
13/2/23;1,89
14/2/23;-0,53
15/2/23;1,03
16/2/23;-0,53
17/2/23;-1,01
21/2/23;-3,35
22/2/23;0,4
23/2/23;0,9
24/2/23;-1,44
27/2/23;1,74
28/2/23;0,94
1/3/23;6,62
2/3/23;1,45
3/3/23;2,74
6/3/23;-0,16
7/3/23;-0,66
8/3/23;0,12
9/3/23;-2,56
10/3/23;-1,02
13/3/23;-1,31
14/3/23;1,09
15/3/23;-2,83
16/3/23;1,87
17/3/23;-1,11
20/3/23;1,1
21/3/23;0,97
22/3/23;-1,63
23/3/23;1,09
24/3/23;0,06
27/3/23;-0,26
28/3/23;0,35
29/3/23;1,47
30/3/23;-0,03
31/3/23;2,27
3/4/23;0,49
4/4/23;-0,48
5/4/23;-2,23
6/4/23;0,32
10/4/23;1,35
11/4/23;-0,85
12/4/23;-1,42
13/4/23;2,9
14/4/23;-0,9
17/4/23;1,21
18/4/23;0,37
19/4/23;-1,09
20/4/23;0,16
21/4/23;0,53
24/4/23;-0,9
25/4/23;-1,15
26/4/23;-2,39
27/4/23;0,82
28/4/23;-1,53
1/5/23;1,14
2/5/23;-1,94
3/5/23;-1,43
4/5/23;-1,43
5/5/23;1,09
8/5/23;1,71
9/5/23;-1,03
10/5/23;0,95
11/5/23;-1,62
12/5/23;-1,25
15/5/23;0,41
16/5/23;-1,91
17/5/23;3,22
18/5/23;1,1
19/5/23;-0,56
22/5/23;-0,28
23/5/23;-4,32
24/5/23;-0,5
25/5/23;-0,88
26/5/23;1,07
30/5/23;-1,85
31/5/23;-0,44
1/6/23;1,65
2/6/23;0,52
5/6/23;0,57
6/6/23;0,4
7/6/23;-0,71
8/6/23;1,14
9/6/23;1,24
12/6/23;1,54
13/6/23;2,57
14/6/23;1,31
15/6/23;0,43
16/6/23;-1,01
20/6/23;1,33
21/6/23;-0,92
22/6/23;-0,12
23/6/23;-0,28
26/6/23;-1,79
27/6/23;2,27
28/6/23;0,85
29/6/23;-0,79
30/6/23;2,45
3/7/23;-0,03
5/7/23;0,23
6/7/23;-1,03
7/7/23;0,29
10/7/23;0,39
11/7/23;-0,54
12/7/23;0,61
13/7/23;1,73
14/7/23;-1,3
17/7/23;1,45
18/7/23;2,36
19/7/23;-0,08
20/7/23;-2,88
21/7/23;-1
24/7/23;0,42
25/7/23;0,24
26/7/23;-0,68
27/7/23;2,4
28/7/23;0,97
31/7/23;0,95
1/8/23;-0,27
2/8/23;-2,8
3/8/23;-0,09
4/8/23;-0,36
7/8/23;2,27
8/8/23;-1,39
9/8/23;-2,92
10/8/23;0,07
11/8/23;-1,62
14/8/23;2,66
15/8/23;-0,35
16/8/23;-1,73
17/8/23;-1,48
18/8/23;-0,31
21/8/23;3,14
22/8/23;-1,04
23/8/23;2,54
24/8/23;-1,69
25/8/23;-0,64
28/8/23;0,53
29/8/23;2,69
30/8/23;-0,44
31/8/23;0,13
1/9/23;-0,28
5/9/23;-1,28
6/9/23;-0,59
7/9/23;0,04
8/9/23;-0,6
11/9/23;1
12/9/23;-1,93
13/9/23;0,22
14/9/23;1,28
15/9/23;-2,99
18/9/23;0,39
19/9/23;0,13
20/9/23;-1,63
21/9/23;-2,16
22/9/23;0,76
25/9/23;0,59
26/9/23;-0,64
27/9/23;0,24
28/9/23;1,63
29/9/23;-0,35
2/10/23;0,65
3/10/23;-1,38
4/10/23;1,23
5/10/23;-0,25
6/10/23;1,12
9/10/23;0,75
10/10/23;0,61
11/10/23;1,18
12/10/23;-1,66
13/10/23;-0,61
16/10/23;0,73
17/10/23;0,54
18/10/23;-1,33
19/10/23;-0,99
20/10/23;-0,51
23/10/23;1,05
24/10/23;0,33
25/10/23;-1,59
26/10/23;-0,73
27/10/23;0,52
30/10/23;0,64
31/10/23;0,19
1/11/23;1,27
2/11/23;1,54
3/11/23;0,9
6/11/23;-1,24
7/11/23;1,68
8/11/23;0,77
9/11/23;-0,66
10/11/23;2,72
13/11/23;1,17
14/11/23;2,77
15/11/23;-1,05
16/11/23;-0,84
17/11/23;1,2
20/11/23;1,87
21/11/23;-0,19
22/11/23;0,34
24/11/23;-0,13
27/11/23;0,59
28/11/23;1,04
29/11/23;0,61
30/11/23;0,65
1/12/23;-0,4
4/12/23;-0,88
5/12/23;0,69
6/12/23;-0,67
7/12/23;1,54
8/12/23;1,35
11/12/23;-0,62
12/12/23;1,55
13/12/23;0,7
14/12/23;0,1
15/12/23;1,32
18/12/23;1,43
19/12/23;0,02
20/12/23;-1,43
21/12/23;1,28
22/12/23;-0,34
26/12/23;0,63
27/12/23;0,25
28/12/23;-0,04
29/12/23;-0,43
2/1/24;-2,33
3/1/24;-0,79
4/1/24;0,62
5/1/24;1,24
8/1/24;3,94
9/1/24;1,77
10/1/24;2,54
11/1/24;0,45
12/1/24;0,17
16/1/24;0,68
17/1/24;-1,15
18/1/24;1,85
19/1/24;2,54
22/1/24;0,78
23/1/24;0,21
24/1/24;1,44
25/1/24;-0,37
26/1/24;-0,54
29/1/24;2,23
30/1/24;0,15
31/1/24;-2,14
1/2/24;1,8
2/2/24;3,04
5/2/24;1,4
6/2/24;-1,39
7/2/24;2,6
8/2/24;1,17
9/2/24;2,38
12/2/24;0,17
13/2/24;-1,4
14/2/24;1,11
15/2/24;-0,2
16/2/24;-0,66
20/2/24;-0,71
21/2/24;-3,34
22/2/24;3,2
23/2/24;-0,06
26/2/24;1,47
27/2/24;-0,16
28/2/24;0,1
29/2/24;0,72
1/3/24;0,09
4/3/24;0,03
5/3/24;-2,23
6/3/24;2,74
7/3/24;0,28
8/3/24;-0,85
11/3/24;-0,92
12/3/24;1,37
13/3/24;0,23
14/3/24;-0,53
15/3/24;-1,71
18/3/24;0,35
19/3/24;0,48
20/3/24;1,1
21/3/24;0,8
22/3/24;-0,17
25/3/24;-0,54
26/3/24;-0,07
27/3/24;-0,62
28/3/24;-0,55
1/4/24;-0,18
2/4/24;0,54
3/4/24;0,26
4/4/24;-1,76
5/4/24;2,35
8/4/24;-0,92
9/4/24;-0,55
10/4/24;0,17
11/4/24;0,93
12/4/24;-0,5
15/4/24;-1,63
16/4/24;0,46
17/4/24;-0,99
18/4/24;-0,47
19/4/24;-1,23
22/4/24;0,28
23/4/24;1,47
24/4/24;-0,85
25/4/24;0,27
26/4/24;-0,04
29/4/24;-0,57
30/4/24;-0,84
1/5/24;-0,18
2/5/24;-2,08
3/5/24;1,9
6/5/24;1,77
7/5/24;-1,72
8/5/24;1,56
9/5/24;4,21
10/5/24;0,27
13/5/24;-0,29
14/5/24;0,1
15/5/24;2,06
16/5/24;-1,61
17/5/24;-0,45
20/5/24;-0,73
21/5/24;1,47
22/5/24;-1,33
23/5/24;-0,1
24/5/24;3,77
28/5/24;-0,75
29/5/24;-1,81
30/5/24;0,79
31/5/24;-2,56
3/6/24;-1,99
4/6/24;-0,63
5/6/24;3,93
6/6/24;-2,74
7/6/24;-0,72
10/6/24;3,62
11/6/24;0,74
12/6/24;0,74
13/6/24;1
14/6/24;-0,46
17/6/24;-0,67
18/6/24;2,86
20/6/24;-0,57
21/6/24;-1,85
24/6/24;-1,78
25/6/24;3,17
26/6/24;-2,67
27/6/24;-1,73
28/6/24;-1,1
1/7/24;1,81
2/7/24;-0,76
3/7/24;2,15
5/7/24;-0,23
8/7/24;1,32
9/7/24;0,46
10/7/24;0,56
11/7/24;-2,47
12/7/24;0,56
15/7/24;-0,39
16/7/24;-2,31
17/7/24;-5,93
18/7/24;-0,01
19/7/24;-3,52
22/7/24;-1,62
23/7/24;0,05
24/7/24;-5,77
25/7/24;-1,79
26/7/24;1,27
29/7/24;-0,64
30/7/24;-5,35
31/7/24;8,18
1/8/24;-2,12
2/8/24;-5,36
5/8/24;-2,12
6/8/24;2,56
7/8/24;-0,21
8/8/24;4,66
9/8/24;1,5
12/8/24;-0,51
13/8/24;1,82
14/8/24;0,77
15/8/24;1,05
16/8/24;-0,18
19/8/24;0,24
20/8/24;-0,71
21/8/24;0,52
22/8/24;-0,26
23/8/24;1,56
26/8/24;-0,05
27/8/24;0,09
28/8/24;-1,51
29/8/24;1,12
30/8/24;1,15
3/9/24;-4,57
4/9/24;-0,23
5/9/24;-1,03
6/9/24;-2,15
9/9/24;1,77
10/9/24;-0,73
11/9/24;1,44
12/9/24;0,15
13/9/24;0,73
16/9/24;-0,49
17/9/24;0,69
18/9/24;0,33
19/9/24;1,8
20/9/24;2,04
23/9/24;0,32
24/9/24;0,04
25/9/24;0,77
26/9/24;-0,17
27/9/24;0,27
30/9/24;0,38
1/10/24;-0,82
2/10/24;0,94
3/10/24;-0,47
4/10/24;0,55
7/10/24;0,4
8/10/24;0,55
9/10/24;1,47
10/10/24;-1,39
11/10/24;1,67
14/10/24;0,41
15/10/24;0,07
16/10/24;0,23
17/10/24;0,52
18/10/24;-0,68
21/10/24;0,66
22/10/24;-0,6
23/10/24;-0,7
24/10/24;0,33
25/10/24;-0,42
28/10/24;0,41
29/10/24;-0,57
30/10/24;0,26
31/10/24;-0,99
1/11/24;0,38
4/11/24;-0,18
5/11/24;7,66
6/11/24;4,94
7/11/24;1,89
8/11/24;3,17
11/11/24;0,84
12/11/24;0,29
13/11/24;0,13
14/11/24;-1,07
15/11/24;2,16
18/11/24;-2,7
19/11/24;2,35
20/11/24;-0,38
21/11/24;0,04
22/11/24;1,06
25/11/24;0,55
26/11/24;0,41
27/11/24;-0,6
29/11/24;0,74
2/12/24;-1,71
3/12/24;1,01
4/12/24;3,05
5/12/24;0,94
6/12/24;-0,85
9/12/24;-5,14
10/12/24;-1,31
11/12/24;1,79
12/12/24;-1,33
13/12/24;0,09
16/12/24;0,39
17/12/24;-1,77
18/12/24;-3,54
19/12/24;2,4
20/12/24;1,83
23/12/24;0,44
24/12/24;1,3
26/12/24;-0,29
27/12/24;-1,75
30/12/24;-0,67
31/12/24;-1,22
2/1/25;-0,59
3/1/25;0,36
6/1/25;-0,05
7/1/25;-0,52
8/1/25;1,59
10/1/25;0,11
13/1/25;-0,69
14/1/25;1,37
15/1/25;-0,43
16/1/25;0,79
17/1/25;1,71
21/1/25;1,81
22/1/25;-0,6
23/1/25;-1,29
24/1/25;0,98
27/1/25;-4,66
28/1/25;2,05
29/1/25;0,58
30/1/25;2,06
31/1/25;-0,47
3/2/25;0,39
4/2/25;1,89
5/2/25;1,31
6/2/25;-0,91
7/2/25;0,18
10/2/25;-0,16
11/2/25;-1,54
12/2/25;-0,38
13/2/25;-0,78
14/2/25;2,27
18/2/25;1,69
19/2/25;-4,23
20/2/25;-2,98
21/2/25;-5,29
24/2/25;-1,27
25/2/25;-0,66
26/2/25;5,57
27/2/25;-3,78
28/2/25;2,39
3/3/25;-2,89
4/3/25;-0,71
5/3/25;0,13
6/3/25;-4,12
7/3/25;0,63
10/3/25;-4,04
11/3/25;1,02
12/3/25;0,32
13/3/25;-4,4
14/3/25;2,91
17/3/25;0,88
18/3/25;0,09
19/3/25;2,35
20/3/25;-0,47
21/3/25;-2,35
24/3/25;3,14
25/3/25;0,73
26/3/25;-0,76
27/3/25;-1,42
28/3/25;-2,41
31/3/25;0,46
1/4/25;0,71
2/4/25;2,11
3/4/25;-8,86
4/4/25;-8,13
7/4/25;2,38
8/4/25;-1,8
9/4/25;10,2
10/4/25;-3,94
11/4/25;1,54
14/4/25;0,96
15/4/25;-0,06
16/4/25;-0,7
17/4/25;0,35
21/4/25;-2,61
22/4/25;3,4
23/4/25;1,96
24/4/25;1,39
25/4/25;0,51
28/4/25;0,62
29/4/25;-0,21
30/4/25;-0,74
1/5/25;1,41
2/5/25;0
5/5/25;0
6/5/25;0
7/5/25;0
8/5/25;0
9/5/25;0
12/5/25;0
13/5/25;0
14/5/25;0
15/5/25;0
16/5/25;0
19/5/25;0
20/5/25;0
21/5/25;0
22/5/25;0
23/5/25;0
27/5/25;0
28/5/25;0
29/5/25;0
30/5/25;0
2/6/25;1,43
3/6/25;0,46
4/6/25;0,32
5/6/25;-2,52
6/6/25;2
9/6/25;-1,81
10/6/25;-0,72
11/6/25;1,86
12/6/25;-0,21
13/6/25;-1,23
16/6/25;1,88
17/6/25;-1,37
18/6/25;-0,69
20/6/25;-2,2
23/6/25;2,17
24/6/25;2,4
25/6/25;-1,31
26/6/25;1,16
27/6/25;-3,09
30/6/25;3
1/7/25;-4,28
2/7/25;-0,16
3/7/25;2,01
7/7/25;1,09
8/7/25;-1,75
9/7/25;0,72
10/7/25;-2,13
11/7/25;-0,26
14/7/25;1,79
15/7/25;-0,63
16/7/25;-0,36
17/7/25;1,11
18/7/25;1,42
21/7/25;-0,58
22/7/25;-1,8
23/7/25;5,57
24/7/25;-0,61
25/7/25;1,84
28/7/25;0,55
29/7/25;-0,88
30/7/25;3,1
31/7/25;0,62
1/8/25;-1,57
4/8/25;2,69
5/8/25;0,27
6/8/25;2,83
7/8/25;2,74
8/8/25;2,23
11/8/25;0,03
12/8/25;1,13
13/8/25;-2,94
14/8/25;-1,91
15/8/25;-0,46
18/8/25;-0,38
19/8/25;-5,75
20/8/25;-0,25
21/8/25;0,59
22/8/25;2,22
25/8/25;0,11
26/8/25;3,29
27/8/25;-1,34
28/8/25;2,33
29/8/25;-1,69
2/9/25;-2,62
3/9/25;0,33
4/9/25;2,5
5/9/25;-2,18
8/9/25;4,98
9/9/25;0,62
10/9/25;2,28
11/9/25;0,44
12/9/25;-0,73
15/9/25;0,42
16/9/25;-0,41
17/9/25;-0,06
18/9/25;0,01
19/9/25;0,87
22/9/25;1,06
23/9/25;-0,45
24/9/25;-0,48
25/9/25;-1,26
26/9/25;0,05
29/9/25;-0,15
30/9/25;0,4
1/10/25;5,21
2/10/25;0,22
3/10/25;-2,26
6/10/25;-1,58
7/10/25;-2,95
8/10/25;0,44
9/10/25;-0,38
10/10/25;-3,5
13/10/25;1,79
14/10/25;-1,98
15/10/25;2,79
16/10/25;1,91
17/10/25;0
20/10/25;-1,91
21/10/25;-0,02
22/10/25;-1,13
23/10/25;3,51
24/10/25;2,45
27/10/25;-0,4
28/10/25;-1,21
29/10/25;10,38
30/10/25;-1
31/10/25;2,09
3/11/25;1
4/11/25;-5,08
5/11/25;2,65
6/11/25;-1,96
7/11/25;-0,13
10/11/25;4,92
11/11/25;-2,33
12/11/25;-0,22
13/11/25;-3,87
14/11/25;1,76
17/11/25;-1
18/11/25;-2,47
19/11/25;0,53
20/11/25;-5,28
21/11/25;0,12
24/11/25;6,73
25/11/25;0,84
26/11/25;2,07
28/11/25;1,59
1/12/25;-1,52
2/12/25;2,83
3/12/25;0
4/12/25;-1,97
5/12/25;2,16
8/12/25;0,33
9/12/25;2,84
10/12/25;1,7
11/12/25;0,55
12/12/25;-0,94
15/12/25;-0,05
16/12/25;-1,5
17/12/25;-1,21
18/12/25;-0,56
19/12/25;1,13