28/12/90;
31/12/90;0
2/1/91;0
3/1/91;0
4/1/91;0
7/1/91;0
8/1/91;0
9/1/91;0
10/1/91;0
11/1/91;0
14/1/91;0
15/1/91;0
16/1/91;0
17/1/91;0
18/1/91;0
21/1/91;0
22/1/91;0
23/1/91;0
24/1/91;0
25/1/91;0
28/1/91;0
29/1/91;0
30/1/91;0
31/1/91;0
1/2/91;-0,2602
4/2/91;1,4272
5/2/91;1,1262
6/2/91;0,9826
7/2/91;-1,0168
8/2/91;0,2881
11/2/91;2,2492
12/2/91;-0,2985
13/2/91;0,1735
14/2/91;-1,6431
15/2/91;0,9953
19/2/91;1,9286
20/2/91;-0,8465
21/2/91;-0,9226
22/2/91;1,067
25/2/91;0,8604
26/2/91;-1,0518
27/2/91;1,6918
28/2/91;-0,0591
1/3/91;1,1989
4/3/91;-0,4375
5/3/91;2,9969
6/3/91;0,8089
7/3/91;0,9822
8/3/91;-0,0293
11/3/91;-2,1694
12/3/91;-2,045
13/3/91;1,69
14/3/91;-0,0618
15/3/91;-1,3836
18/3/91;-0,527
19/3/91;-0,4663
20/3/91;1,6256
21/3/91;1,5998
22/3/91;0,3336
25/3/91;0,1904
26/3/91;2,3432
27/3/91;-0,3277
28/3/91;0,3388
1/4/91;-1,2815
2/4/91;2,0735
3/4/91;0,7939
4/4/91;0,129
5/4/91;-1,6239
8/4/91;0,7096
9/4/91;-1,8633
10/4/91;-1,3228
11/4/91;1,7057
12/4/91;0,5627
15/4/91;0,776
16/4/91;1,0909
17/4/91;0,5311
18/4/91;-2,2534
19/4/91;-2,2417
22/4/91;-1,7921
23/4/91;0,2477
24/4/91;-0,2476
25/4/91;-0,4182
26/4/91;0,7309
29/4/91;-1,436
30/4/91;-1,038
1/5/91;1,7194
2/5/91;1,1209
3/5/91;-0,5601
6/5/91;-0,4687
7/5/91;-0,7202
8/5/91;1,1395
9/5/91;0,905
10/5/91;-1,2023
13/5/91;-1,1022
14/5/91;-2,0958
15/5/91;-1,2297
16/5/91;1,4364
17/5/91;-0,4308
20/5/91;-0,5506
21/5/91;1,6495
22/5/91;0,718
23/5/91;1,0252
24/5/91;1,0115
28/5/91;0,654
29/5/91;1,3532
30/5/91;1,8996
31/5/91;0,3918
3/6/91;-1,7278
4/6/91;0,1445
5/6/91;1,2762
6/6/91;-0,5614
7/6/91;-2,1665
10/6/91;0,0332
11/6/91;0,4004
12/6/91;-1,7323
13/6/91;-0,3393
14/6/91;2,4647
17/6/91;-0,3309
18/6/91;-0,8837
19/6/91;-1,0629
20/6/91;0,7602
21/6/91;0,3045
24/6/91;-3,7574
25/6/91;0,8902
26/6/91;-0,3221
27/6/91;1,1827
28/6/91;-0,6472
1/7/91;3,7019
2/7/91;0,3387
3/7/91;-1,6864
5/7/91;0,3983
8/7/91;0,5749
9/7/91;0,7341
10/7/91;1,4459
11/7/91;-0,0485
12/7/91;2,0739
15/7/91;1,2873
16/7/91;-1,2298
17/7/91;-0,6304
18/7/91;0,7014
19/7/91;-0,3235
22/7/91;-1,7171
23/7/91;-1,2305
24/7/91;-0,3291
25/7/91;0,4507
26/7/91;1,8019
29/7/91;0,3876
30/7/91;0,9131
31/7/91;0,3369
1/8/91;0,5344
2/8/91;0,7283
5/8/91;-0,9002
6/8/91;1,8897
7/8/91;0,2812
8/8/91;0,9181
9/8/91;0,0868
12/8/91;1,7708
13/8/91;1,0538
14/8/91;0,8931
15/8/91;-1,4062
16/8/91;-1,7417
19/8/91;-2,5855
20/8/91;1,2091
21/8/91;3,4903
22/8/91;1,1665
23/8/91;-0,7861
26/8/91;-1,0438
27/8/91;-0,5297
28/8/91;1,044
29/8/91;-1,6241
30/8/91;-0,8626
3/9/91;-1,3703
4/9/91;-0,7231
5/9/91;0,6801
6/9/91;0,6266
9/9/91;0,2738
10/9/91;-2,0804
11/9/91;0,4527
12/9/91;1,0217
13/9/91;-1,4652
16/9/91;0,7253
17/9/91;-0,617
18/9/91;1,1208
19/9/91;0,1902
20/9/91;0,213
23/9/91;-0,4529
24/9/91;-0,1001
25/9/91;0,5117
26/9/91;-0,2566
27/9/91;-0,8317
30/9/91;0,0744
1/10/91;0,4699
2/10/91;-0,4591
3/10/91;-1,3665
4/10/91;-1,5921
7/10/91;-1,8998
8/10/91;1,2204
9/10/91;-0,7454
10/10/91;1,2697
11/10/91;1,4744
14/10/91;2,8
15/10/91;1,6209
16/10/91;0,8137
17/10/91;-1,6581
18/10/91;0,1445
21/10/91;-0,5434
22/10/91;-1,0175
23/10/91;-0,2777
24/10/91;-0,9458
25/10/91;-1,1586
28/10/91;2,936
29/10/91;1,1754
30/10/91;1,9085
31/10/91;-2,7355
1/11/91;-1,0673
4/11/91;-0,5966
5/11/91;0,3504
6/11/91;2,1011
7/11/91;0,9227
8/11/91;-0,5411
11/11/91;0,2077
12/11/91;0,8877
13/11/91;1,3331
14/11/91;-0,3213
15/11/91;-5,3977
18/11/91;1,7227
19/11/91;-2,0238
20/11/91;0,9034
21/11/91;1,1508
22/11/91;0,3248
25/11/91;-0,774
26/11/91;1,4083
27/11/91;0,0914
29/11/91;-0,4083
2/12/91;1,1129
3/12/91;1,2039
4/12/91;-0,1771
5/12/91;-1,2679
6/12/91;0,7096
9/12/91;0,1033
10/12/91;0,2068
11/12/91;-0,0654
12/12/91;1,414
13/12/91;1,0854
16/12/91;-0,0746
17/12/91;-0,746
18/12/91;-0,1213
19/12/91;-0,4055
20/12/91;-0,1905
23/12/91;2,018
24/12/91;0,9952
26/12/91;1,0495
27/12/91;0,8414
30/12/91;2,7383
31/12/91;0,109
2/1/92;0,8961
3/1/92;0,7555
6/1/92;-0,2172
7/1/92;0,5397
8/1/92;-0,3496
9/1/92;-0,5338
10/1/92;-0,4917
13/1/92;0,3832
14/1/92;3,139
15/1/92;-0,036
16/1/92;-3,0279
17/1/92;-0,4806
20/1/92;-2,1148
21/1/92;-3,3728
22/1/92;3,7273
23/1/92;-1,7789
24/1/92;0,2385
27/1/92;-0,552
28/1/92;-1,4441
29/1/92;-0,5185
30/1/92;-0,2604
31/1/92;-0,2438
3/2/92;0,7433
4/2/92;2,1619
5/2/92;1,4274
6/2/92;-0,6144
7/2/92;-0,4606
10/2/92;0,469
11/2/92;-0,3766
12/2/92;0,869
13/2/92;-1,4017
14/2/92;-0,0975
18/2/92;-0,9031
19/2/92;1,4795
20/2/92;3,0422
21/2/92;-0,4381
24/2/92;-1,1728
25/2/92;-0,4124
26/2/92;0,5868
27/2/92;1,124
28/2/92;-0,2615
2/3/92;0,1612
3/3/92;0,1599
4/3/92;-0,8104
5/3/92;-1,3234
6/3/92;-1,0219
9/3/92;-0,2688
10/3/92;0,7832
11/3/92;-1,3543
12/3/92;0,1372
13/3/92;0,2549
16/3/92;-0,2169
17/3/92;0,7811
18/3/92;0,7359
19/3/92;0,6808
20/3/92;0,1712
23/3/92;0,0562
24/3/92;-0,368
25/3/92;-0,3502
26/3/92;-0,99
27/3/92;-0,6416
30/3/92;-0,3129
31/3/92;0,0826
1/4/92;0,2846
2/4/92;-1,7675
3/4/92;-0,3394
6/4/92;0,4195
7/4/92;-2,3553
8/4/92;-0,773
9/4/92;1,8203
10/4/92;0,7509
13/4/92;1,9289
14/4/92;1,9941
15/4/92;1,6023
16/4/92;-1,1955
20/4/92;-2,0469
21/4/92;0,232
22/4/92;1,271
23/4/92;-0,2544
24/4/92;0,7925
27/4/92;-2,0505
28/4/92;-0,3839
29/4/92;1,7158
30/4/92;0,2227
1/5/92;0,0113
4/5/92;0,9321
5/5/92;0,669
6/5/92;0,9762
7/5/92;-0,5947
8/5/92;-0,256
11/5/92;0,0346
12/5/92;0,207
13/5/92;0,1702
14/5/92;-0,8836
15/5/92;0,1123
18/5/92;0,7605
19/5/92;-0,0061
20/5/92;-0,3196
21/5/92;-0,9378
22/5/92;-0,4447
26/5/92;-2,1821
27/5/92;0,5603
28/5/92;0,9573
29/5/92;1,0522
1/6/92;0,1059
2/6/92;1,3959
3/6/92;0,8172
4/6/92;-0,2239
5/6/92;-1,2762
8/6/92;-0,9071
9/6/92;-1,8598
10/6/92;-1,5614
11/6/92;-0,1737
12/6/92;0,6619
15/6/92;0,6163
16/6/92;-1,1716
17/6/92;-1,8057
18/6/92;-1,7845
19/6/92;0,9239
22/6/92;-0,1257
23/6/92;-0,0431
24/6/92;-0,5596
25/6/92;-0,0487
26/6/92;0,1475
29/6/92;2,5293
30/6/92;0,3464
1/7/92;1,5727
2/7/92;-0,9798
6/7/92;-0,6135
7/7/92;-2,5059
8/7/92;-0,9701
9/7/92;1,8129
10/7/92;1,0264
13/7/92;0,1944
14/7/92;1,1451
15/7/92;-0,7583
16/7/92;-0,7961
17/7/92;-0,359
20/7/92;-0,2134
21/7/92;0,9952
22/7/92;-1,0618
23/7/92;-0,6054
24/7/92;0,1704
27/7/92;-1,0261
28/7/92;1,8808
29/7/92;1,3265
30/7/92;0,9663
31/7/92;0,5485
3/8/92;0,6722
4/8/92;-0,7519
5/8/92;-0,5106
6/8/92;-0,7082
7/8/92;-0,3947
10/8/92;-0,1998
11/8/92;-0,274
12/8/92;0,0023
13/8/92;-0,594
14/8/92;1,5869
17/8/92;0,5265
18/8/92;-0,9872
19/8/92;-2,1417
20/8/92;0,4872
21/8/92;-1,1541
24/8/92;-2,7423
25/8/92;-0,7641
26/8/92;0,139
27/8/92;0,9474
28/8/92;-0,1819
31/8/92;-0,7228
1/9/92;1,6584
2/9/92;1,9239
3/9/92;-0,6082
4/9/92;-0,5058
8/9/92;-1,258
9/9/92;0,894
10/9/92;3,4476
11/9/92;-0,5926
14/9/92;1,6246
15/9/92;-1,4981
16/9/92;-0,3984
17/9/92;0,2198
18/9/92;2,005
21/9/92;-0,0683
22/9/92;-1,5271
23/9/92;-0,7237
24/9/92;0,6229
25/9/92;-1,4657
28/9/92;1,6137
29/9/92;1,4667
30/9/92;1,0297
1/10/92;-0,7174
2/10/92;-0,8009
5/10/92;-1,5654
6/10/92;1,4474
7/10/92;0,1002
8/10/92;1,2591
9/10/92;-0,3322
12/10/92;0,9188
13/10/92;0,7543
14/10/92;-0,6101
15/10/92;0,5253
16/10/92;1,5614
19/10/92;2,5953
20/10/92;-0,1151
21/10/92;0,7527
22/10/92;0,2906
23/10/92;-0,2763
26/10/92;1,7282
27/10/92;-0,0151
28/10/92;1,6449
29/10/92;0,3396
30/10/92;-1,4948
2/11/92;1,1464
3/11/92;-0,9549
4/11/92;0,2496
5/11/92;1,0944
6/11/92;0,1313
9/11/92;0,0015
10/11/92;0,5332
11/11/92;1,7786
12/11/92;0,5491
13/11/92;-0,292
16/11/92;-1,1162
17/11/92;-0,6121
18/11/92;0,2851
19/11/92;0,5077
20/11/92;0,5662
23/11/92;-0,1838
24/11/92;0,8694
25/11/92;0,9419
27/11/92;0,7593
30/11/92;0,4548
1/12/92;0,2912
2/12/92;-0,3427
3/12/92;0,5101
4/12/92;1,9152
7/12/92;0,3295
8/12/92;0,6943
9/12/92;-0,7142
10/12/92;-2,4395
11/12/92;0,1115
14/12/92;0,4487
15/12/92;-1,2991
16/12/92;-1,0612
17/12/92;1,1351
18/12/92;2,6693
21/12/92;0,5745
22/12/92;-0,9831
23/12/92;1,587
24/12/92;0,11
28/12/92;0,7065
29/12/92;-0,1568
30/12/92;-0,3399
31/12/92;-0,4023
4/1/93;-0,0043
5/1/93;-0,11
6/1/93;2,2032
7/1/93;-1,3079
8/1/93;0,3694
11/1/93;1,8638
12/1/93;0,5241
13/1/93;-0,3593
14/1/93;1,8476
15/1/93;1,191
18/1/93;1,0491
19/1/93;0,2741
20/1/93;0,7276
21/1/93;0,3046
22/1/93;1,6088
25/1/93;0,641
26/1/93;-0,018
27/1/93;-1,431
28/1/93;-0,3433
29/1/93;-2,0188
1/2/93;0,8406
2/2/93;0,5386
3/2/93;0,3084
4/2/93;1,3781
5/2/93;0,6408
8/2/93;-1,2822
9/2/93;-1,5698
10/2/93;-0,0112
11/2/93;1,0982
12/2/93;-0,5627
16/2/93;-4,4559
17/2/93;-0,4944
18/2/93;-0,0069
19/2/93;0,6329
22/2/93;0,2299
23/2/93;-1,0136
24/2/93;1,4428
25/2/93;0,2745
26/2/93;0,0382
1/3/93;-0,3438
2/3/93;1,2661
3/3/93;0,4527
4/3/93;-0,8358
5/3/93;0,204
8/3/93;2,4545
9/3/93;0,3466
10/3/93;-0,0309
11/3/93;-0,477
12/3/93;-0,7624
15/3/93;1,5089
16/3/93;1,1021
17/3/93;-1,8291
18/3/93;0,9886
19/3/93;-0,4155
22/3/93;-0,7384
23/3/93;-0,0953
24/3/93;0,4521
25/3/93;0,9217
26/3/93;-0,4742
29/3/93;0,616
30/3/93;0,046
31/3/93;0,549
1/4/93;-0,0365
2/4/93;-3,3453
5/4/93;0,9274
6/4/93;-0,7398
7/4/93;2,3448
8/4/93;0,3969
12/4/93;2,1375
13/4/93;-0,5588
14/4/93;0,5814
15/4/93;-0,1186
16/4/93;-0,9329
19/4/93;-1,3066
20/4/93;-0,4296
21/4/93;0,0659
22/4/93;-1,1128
23/4/93;-1,8723
26/4/93;-1,7201
27/4/93;1,1644
28/4/93;2,4492
29/4/93;0,8544
30/4/93;0,8794
3/5/93;1,2323
4/5/93;0,782
5/5/93;1,6409
6/5/93;0,0622
7/5/93;0,0853
10/5/93;0,6771
11/5/93;0,5647
12/5/93;-0,4265
13/5/93;-0,6706
14/5/93;0,3251
17/5/93;1,2484
18/5/93;1,1477
19/5/93;2,0628
20/5/93;0,7786
21/5/93;-0,6816
24/5/93;1,7058
25/5/93;-0,5422
26/5/93;2,0693
27/5/93;-0,1877
28/5/93;-0,9045
1/6/93;2,4538
2/6/93;0,2481
3/6/93;0,6632
4/6/93;-1,3516
7/6/93;-3,0944
8/6/93;-2,0017
9/6/93;-0,2621
10/6/93;-0,6217
11/6/93;1,6716
14/6/93;0,8716
15/6/93;0,1182
16/6/93;-0,856
17/6/93;-0,4001
18/6/93;-1,5983
21/6/93;-0,3646
22/6/93;-0,767
23/6/93;-0,7231
24/6/93;0,7635
25/6/93;2,5672
28/6/93;2,2651
29/6/93;-1,0729
30/6/93;0,9254
1/7/93;-0,7151
2/7/93;-0,7635
6/7/93;-1,4379
7/7/93;-0,7312
8/7/93;0,7344
9/7/93;0,7108
12/7/93;1,1674
13/7/93;0,4629
14/7/93;-0,6717
15/7/93;0,3354
16/7/93;-1,1358
19/7/93;-0,524
20/7/93;2,6889
21/7/93;0,6926
22/7/93;-1,0196
23/7/93;0,7919
26/7/93;1,8152
27/7/93;-0,4261
28/7/93;-1,4809
29/7/93;1,5263
30/7/93;-0,2035
2/8/93;2,1218
3/8/93;0,0746
4/8/93;0,1785
5/8/93;0,5367
6/8/93;0,2707
9/8/93;1,2663
10/8/93;-1,1249
11/8/93;2,1898
12/8/93;0,111
13/8/93;0,1052
16/8/93;1,9707
17/8/93;0,3764
18/8/93;-1,5881
19/8/93;-0,3713
20/8/93;-0,3439
23/8/93;2,0353
24/8/93;0,28
25/8/93;-1,8
26/8/93;-0,6616
27/8/93;0,5946
30/8/93;1,6026
31/8/93;0,8298
1/9/93;0,2441
2/9/93;-1,5559
3/9/93;-0,6536
7/9/93;-2,1864
8/9/93;-1,4202
9/9/93;2,5035
10/9/93;0,96
13/9/93;-0,5158
14/9/93;-1,1699
15/9/93;1,9121
16/9/93;0,5136
17/9/93;1,4844
20/9/93;1,2339
21/9/93;-1,7426
22/9/93;3,6111
23/9/93;1,9087
24/9/93;1,2068
27/9/93;1,024
28/9/93;1,2063
29/9/93;-0,8364
30/9/93;-1,8144
1/10/93;0,5302
4/10/93;1,0154
5/10/93;-0,4124
6/10/93;-0,5422
7/10/93;-0,9625
8/10/93;1,1103
11/10/93;1,1987
12/10/93;2,0807
13/10/93;0,8663
14/10/93;-0,0275
15/10/93;0,1737
18/10/93;-0,8946
19/10/93;-2,8803
20/10/93;-0,815
21/10/93;0,4992
22/10/93;0,7174
25/10/93;-1,5905
26/10/93;-0,5294
27/10/93;1,5949
28/10/93;-0,9036
29/10/93;0,7529
1/11/93;-0,1066
2/11/93;-0,3802
3/11/93;-1,6465
4/11/93;-3,1709
5/11/93;1,0659
8/11/93;2,3198
9/11/93;0,8797
10/11/93;1,1806
11/11/93;1,1244
12/11/93;-0,3966
15/11/93;-0,8737
16/11/93;0,0136
17/11/93;-1,2586
18/11/93;-1,3315
19/11/93;-0,4381
22/11/93;-2,5298
23/11/93;1,5671
24/11/93;1,3968
26/11/93;0,5778
29/11/93;-2,2453
30/11/93;-0,1492
1/12/93;1,898
2/12/93;2,2346
3/12/93;1,6356
6/12/93;-0,6147
7/12/93;1,2007
8/12/93;1,1227
9/12/93;-0,6498
10/12/93;-0,6502
13/12/93;-0,0818
14/12/93;-1,4925
15/12/93;0,1139
16/12/93;0,8543
17/12/93;0,321
20/12/93;0,0881
21/12/93;-0,7358
22/12/93;-1,5558
23/12/93;-0,2049
27/12/93;1,0664
28/12/93;1,0369
29/12/93;1,3279
30/12/93;-0,3372
31/12/93;-0,0009
3/1/94;-1,083
4/1/94;1,9787
5/1/94;0,4591
6/1/94;-0,3402
7/1/94;-0,0062
10/1/94;1,9794
11/1/94;0,2699
12/1/94;1,1576
13/1/94;0,5807
14/1/94;-0,0369
17/1/94;0,8898
18/1/94;-0,1307
19/1/94;-1,7737
20/1/94;-0,3268
21/1/94;0,2164
24/1/94;-1,4766
25/1/94;-0,0669
26/1/94;-0,1221
27/1/94;0,2359
28/1/94;1,6688
31/1/94;0,3613
1/2/94;0,8221
2/2/94;-0,1012
3/2/94;-0,2532
4/2/94;-4,451
7/2/94;0,575
8/2/94;1,7473
9/2/94;1,2895
10/2/94;-0,8343
11/2/94;-0,5649
14/2/94;0,3279
15/2/94;0,8535
16/2/94;-0,9861
17/2/94;0,4065
18/2/94;0,2401
22/2/94;1,8101
23/2/94;0,501
24/2/94;-0,7238
25/2/94;0,1981
28/2/94;1,3442
1/3/94;-0,6856
2/3/94;-0,3705
3/3/94;0,4199
4/3/94;0,2079
7/3/94;1,2465
8/3/94;-0,1819
9/3/94;0,275
10/3/94;0,1904
11/3/94;0,4154
14/3/94;0,4098
15/3/94;-0,2433
16/3/94;-0,0609
17/3/94;0,715
18/3/94;-0,3432
21/3/94;-1,2309
22/3/94;0,1415
23/3/94;0,684
24/3/94;-1,4184
25/3/94;-1,3006
28/3/94;-1,2326
29/3/94;-1,3386
30/3/94;-0,5582
31/3/94;-0,2044
4/4/94;-0,4764
5/4/94;1,9492
6/4/94;0,5056
7/4/94;0,7256
8/4/94;-0,8633
11/4/94;0,1999
12/4/94;-1,0028
13/4/94;-1,2686
14/4/94;0,4692
15/4/94;-0,4873
18/4/94;-0,5892
19/4/94;-0,692
20/4/94;-1,4812
21/4/94;1,6574
22/4/94;0,194
25/4/94;2,7283
26/4/94;0,8979
28/4/94;-0,4502
29/4/94;0,931
2/5/94;0,5402
3/5/94;-0,2495
4/5/94;0,1359
5/5/94;-0,2168
6/5/94;-0,3844
9/5/94;-0,6929
10/5/94;0,0523
11/5/94;-0,4814
12/5/94;-0,0394
13/5/94;-0,285
16/5/94;-0,3569
17/5/94;-0,2379
18/5/94;0,7603
19/5/94;0,2921
20/5/94;-0,1556
23/5/94;-0,2214
24/5/94;0,1655
25/5/94;-0,0506
26/5/94;-0,1292
27/5/94;-0,0942
31/5/94;-0,1016
1/6/94;0,0382
2/6/94;0,0597
3/6/94;-0,0143
6/6/94;-0,0547
7/6/94;-0,185
8/6/94;-0,3536
9/6/94;-0,1331
10/6/94;0,075
13/6/94;0,1568
14/6/94;0,3727
15/6/94;-0,0325
16/6/94;-0,1176
17/6/94;-0,2544
20/6/94;-0,1765
21/6/94;-0,2574
22/6/94;0,2441
23/6/94;-0,3632
24/6/94;-0,3301
27/6/94;0,3737
28/6/94;0,093
29/6/94;-0,0402
30/6/94;-0,1919
1/7/94;0,238
5/7/94;0,1535
6/7/94;-0,0107
7/7/94;0,2207
8/7/94;-0,1146
11/7/94;0,0382
12/7/94;0,2665
13/7/94;0,5461
14/7/94;0,0524
15/7/94;-0,0998
18/7/94;0,0618
19/7/94;-0,2959
20/7/94;-0,3681
21/7/94;0,1436
22/7/94;-0,1218
25/7/94;0,1294
26/7/94;-0,1719
27/7/94;-0,0641
28/7/94;-0,034
29/7/94;0,2874
1/8/94;1,3331
2/8/94;-0,6225
3/8/94;0,6258
4/8/94;-1,2329
5/8/94;-0,9297
8/8/94;0,588
9/8/94;0,2619
10/8/94;0,9172
11/8/94;-1,025
12/8/94;0,2661
15/8/94;0,0493
16/8/94;1,7976
17/8/94;0,0959
18/8/94;0,8757
19/8/94;-0,2446
22/8/94;-0,4712
23/8/94;1,6289
24/8/94;1,2132
25/8/94;0,3648
26/8/94;1,9337
29/8/94;1,1085
30/8/94;0,8977
31/8/94;-0,0485
1/9/94;0,0221
2/9/94;-0,3239
6/9/94;0,1646
7/9/94;1,213
8/9/94;1,9405
9/9/94;-1,0519
12/9/94;-0,7213
13/9/94;0,7399
14/9/94;0,5939
15/9/94;1,716
16/9/94;0,5198
19/9/94;0,3592
20/9/94;-1,3859
21/9/94;-0,2499
22/9/94;-0,0566
23/9/94;-0,3738
26/9/94;-0,8332
27/9/94;0,3593
28/9/94;1,2087
29/9/94;-0,2533
30/9/94;0,204
3/10/94;0,3624
4/10/94;-1,7492
5/10/94;0,5311
6/10/94;-0,2232
7/10/94;-0,0635
10/10/94;1,475
11/10/94;1,2479
12/10/94;0,0735
13/10/94;0,6223
14/10/94;0,6548
17/10/94;-0,2777
18/10/94;-0,2887
19/10/94;0,653
20/10/94;-0,4805
21/10/94;0,1163
24/10/94;-1,7316
25/10/94;0,3874
26/10/94;0,8104
27/10/94;0,7765
28/10/94;0,9516
31/10/94;-0,9253
1/11/94;-0,1735
2/11/94;-0,2629
3/11/94;0,0082
4/11/94;-1,6148
7/11/94;0,769
8/11/94;1,1726
9/11/94;-0,3515
10/11/94;-0,7201
11/11/94;-0,589
14/11/94;1,2455
15/11/94;0,9559
16/11/94;0,0353
17/11/94;-1,0153
18/11/94;0,339
21/11/94;-0,2943
22/11/94;-2,0351
23/11/94;0,1227
25/11/94;1,1634
28/11/94;0,4492
29/11/94;0,2315
30/11/94;0,1197
1/12/94;-1,4431
2/12/94;0,3105
5/12/94;0,7779
6/12/94;0,0541
7/12/94;-0,1645
8/12/94;-2,1593
9/12/94;0,5826
12/12/94;-0,0634
13/12/94;-0,0805
14/12/94;1,1416
15/12/94;1,7575
16/12/94;-0,1429
19/12/94;0,0678
20/12/94;0,6443
21/12/94;1,0865
22/12/94;0,1475
23/12/94;0,8055
27/12/94;1,0478
28/12/94;-0,5296
29/12/94;0,8675
30/12/94;-0,0139
3/1/95;-0,8843
4/1/95;0,2338
5/1/95;-0,2851
6/1/95;0,4259
9/1/95;0,3533
10/1/95;0,431
11/1/95;-0,0193
12/1/95;-0,0804
13/1/95;-0,0382
16/1/95;0,6994
17/1/95;0,1444
18/1/95;-0,1717
19/1/95;-0,0273
20/1/95;-0,6458
23/1/95;0,0679
24/1/95;0,2826
25/1/95;-0,8537
26/1/95;-0,6413
27/1/95;-0,0677
30/1/95;-0,8614
31/1/95;0,1009
1/2/95;0,5245
2/2/95;2,1554
3/2/95;-0,0933
6/2/95;1,9905
7/2/95;-0,3472
8/2/95;0,9089
9/2/95;2,0632
10/2/95;2,0246
13/2/95;-0,6109
14/2/95;0,4049
15/2/95;-0,0035
16/2/95;0,8752
17/2/95;-1,5968
21/2/95;-0,7869
22/2/95;1,7074
23/2/95;0,294
24/2/95;0,2567
27/2/95;-1,0497
28/2/95;1,9789
1/3/95;0,1326
2/3/95;0,7471
3/3/95;2,1045
6/3/95;0,9416
7/3/95;-1,4159
8/3/95;-0,3231
9/3/95;0,7658
10/3/95;1,0551
13/3/95;1,2587
14/3/95;0,3657
15/3/95;-0,9262
16/3/95;-1,0058
17/3/95;0,3363
20/3/95;1,2444
21/3/95;-0,0635
22/3/95;-0,2082
23/3/95;1,3187
24/3/95;1,0757
27/3/95;1,0117
28/3/95;1,0154
29/3/95;-3,4288
30/3/95;-1,26
31/3/95;0,1955
3/4/95;0,5645
4/4/95;-1,5961
5/4/95;0,858
6/4/95;-0,8448
7/4/95;0,7341
10/4/95;2,29
11/4/95;1,1208
12/4/95;0,8963
13/4/95;-0,7371
17/4/95;-2,6349
18/4/95;0,0894
19/4/95;-0,7878
20/4/95;0,8365
21/4/95;1,645
24/4/95;2,0914
25/4/95;1,6298
26/4/95;-0,2204
27/4/95;0,6242
28/4/95;0,2177
1/5/95;-2,0647
2/5/95;0,1759
3/5/95;2,3123
4/5/95;0,3868
5/5/95;-0,7005
8/5/95;0,5943
9/5/95;-0,9557
10/5/95;-0,0393
11/5/95;2,1503
12/5/95;1,333
15/5/95;0,1434
16/5/95;0,0308
17/5/95;0,8844
18/5/95;-0,8332
19/5/95;0,2461
22/5/95;0,5519
23/5/95;2,6689
24/5/95;-2,516
25/5/95;1,0213
26/5/95;-1,7301
30/5/95;-4,553
31/5/95;0,9427
1/6/95;1,504
2/6/95;1,0224
5/6/95;0,7654
6/6/95;-0,9694
7/6/95;0,4236
8/6/95;0,0995
9/6/95;0,4778
12/6/95;0,4462
13/6/95;1,0701
14/6/95;0,469
15/6/95;0,9987
16/6/95;0,4966
19/6/95;2,2246
20/6/95;2,5159
21/6/95;-1,5059
22/6/95;1,4657
23/6/95;-0,1832
26/6/95;-2,3371
27/6/95;-1,0303
28/6/95;-0,6567
29/6/95;2,1477
30/6/95;-0,0801
3/7/95;0,0081
5/7/95;0,5857
6/7/95;3,3211
7/7/95;1,998
10/7/95;-0,2748
11/7/95;-1,0802
12/7/95;3,5675
13/7/95;1,6394
14/7/95;0,5679
17/7/95;0,4161
18/7/95;-3,8976
19/7/95;-5,1737
20/7/95;0,9255
21/7/95;1,3471
24/7/95;4,8836
25/7/95;2,0381
26/7/95;-0,0254
27/7/95;1,9471
28/7/95;-0,9601
31/7/95;-1,2006
1/8/95;-1,6158
2/8/95;-2,9797
3/8/95;-0,2907
4/8/95;0,7298
7/8/95;0,3244
8/8/95;0,5381
9/8/95;2,0423
10/8/95;-0,2845
11/8/95;0,7475
14/8/95;2,5281
15/8/95;1,3031
16/8/95;2,9542
17/8/95;-0,5367
18/8/95;0,7938
21/8/95;-3,9375
22/8/95;2,6661
23/8/95;1,1137
24/8/95;-0,9547
25/8/95;-0,1474
28/8/95;-2,4029
29/8/95;0,2703
30/8/95;0,9472
31/8/95;2,0315
1/9/95;-0,2791
5/9/95;5,0676
6/9/95;1,7102
7/9/95;-0,2406
8/9/95;1,3632
11/9/95;2,2005
12/9/95;-1,5134
13/9/95;0,4088
14/9/95;-0,4492
15/9/95;-2,4713
18/9/95;0,529
19/9/95;3,9156
20/9/95;0,8176
21/9/95;-1,8899
22/9/95;-0,7199
25/9/95;-1,6213
26/9/95;-1,2231
27/9/95;-0,971
28/9/95;4,9565
29/9/95;-2,0663
2/10/95;-2,5835
3/10/95;0,418
4/10/95;-3,8307
5/10/95;4,7615
6/10/95;-1,6213
9/10/95;-4,33
10/10/95;1,5576
11/10/95;3,2338
12/10/95;2,4963
13/10/95;-0,6418
16/10/95;-1,0748
17/10/95;4,8943
18/10/95;0,9411
19/10/95;1,1733
20/10/95;-2,1821
23/10/95;0,695
24/10/95;-0,4276
25/10/95;-2,5237
26/10/95;0,7368
27/10/95;1,811
30/10/95;3,4403
31/10/95;-2,6508
1/11/95;0,0455
2/11/95;1,6964
3/11/95;1,8317
6/11/95;-0,2582
7/11/95;-1,2681
8/11/95;0,2283
9/11/95;1,3483
10/11/95;0,3198
13/11/95;-0,3959
14/11/95;-3,8134
15/11/95;-1,0456
16/11/95;1,2529
17/11/95;-0,0216
20/11/95;-1,1553
21/11/95;0,342
22/11/95;-0,9388
24/11/95;1,3952
27/11/95;-0,7778
28/11/95;2,6166
29/11/95;0,3726
30/11/95;-0,069
1/12/95;-1,0255
4/12/95;1,9475
5/12/95;-0,1119
6/12/95;-1,3376
7/12/95;-0,6513
8/12/95;1,6349
11/12/95;0,9198
12/12/95;-1,5482
13/12/95;-0,3977
14/12/95;-4,0772
15/12/95;-0,5968
18/12/95;-3,3166
19/12/95;6,9404
20/12/95;-0,9284
21/12/95;1,4975
22/12/95;1,0482
26/12/95;0,1633
27/12/95;-0,9922
28/12/95;-1,332
29/12/95;1,4377
2/1/96;-0,1868
3/1/96;-2,1311
4/1/96;-1,8374
5/1/96;0,0692
8/1/96;-0,248
9/1/96;-5,0261
10/1/96;-0,6182
11/1/96;2,8902
12/1/96;-0,5566
15/1/96;-3,6805
16/1/96;1,9838
17/1/96;3,322
18/1/96;1,1925
19/1/96;2,3242
22/1/96;2,8532
23/1/96;-1,0495
24/1/96;0,6522
25/1/96;-1,8684
26/1/96;1,3604
29/1/96;0,6359
30/1/96;1,4354
31/1/96;0,778
1/2/96;0,2106
2/2/96;0,0777
5/2/96;0,6775
6/2/96;1,2792
7/2/96;-0,5329
8/2/96;0,6137
9/2/96;0,7463
12/2/96;-0,5875
13/2/96;-0,2053
14/2/96;0,9127
15/2/96;0,7898
16/2/96;-0,4333
20/2/96;-1,0829
21/2/96;0,4129
22/2/96;3,3933
23/2/96;0,5691
26/2/96;-0,8786
27/2/96;-1,9455
28/2/96;0,2663
29/2/96;-0,5084
1/3/96;-2,9005
4/3/96;-0,8731
5/3/96;1,3722
6/3/96;-1,818
7/3/96;0,3563
8/3/96;-3,1943
11/3/96;2,2208
12/3/96;0,8424
13/3/96;3,265
14/3/96;0,453
15/3/96;1,6233
18/3/96;2,0595
19/3/96;-0,7308
20/3/96;-1,7087
21/3/96;-0,2075
22/3/96;0,1591
25/3/96;-2,5789
26/3/96;0,0756
27/3/96;2,1406
28/3/96;0,2798
29/3/96;0,0771
1/4/96;1,439
2/4/96;0,2473
3/4/96;0,6668
4/4/96;0,4477
8/4/96;-2,2222
9/4/96;1,1097
10/4/96;-0,6901
11/4/96;-0,6613
12/4/96;-0,1667
15/4/96;0,9413
16/4/96;2,8296
17/4/96;0,3512
18/4/96;1,3616
19/4/96;0,3529
22/4/96;0,2917
23/4/96;2,799
24/4/96;1,2196
25/4/96;-0,4249
26/4/96;0,002
29/4/96;0,5561
30/4/96;-0,0063
1/5/96;1,2062
2/5/96;-2,8014
3/5/96;-0,158
6/5/96;0,9626
7/5/96;1,4754
8/5/96;-0,2722
9/5/96;-0,3075
10/5/96;2,1026
13/5/96;2,3186
14/5/96;2,7779
15/5/96;-1,4491
16/5/96;1,2042
17/5/96;-1,0816
20/5/96;2,048
21/5/96;-0,4312
22/5/96;-0,2449
23/5/96;-0,3639
24/5/96;-0,628
28/5/96;0,104
29/5/96;-1,5933
30/5/96;-0,0461
31/5/96;1,5285
3/6/96;-0,1676
4/6/96;1,1563
5/6/96;1,9942
6/6/96;-0,702
7/6/96;0,4476
10/6/96;0,675
11/6/96;-0,8762
12/6/96;0,6109
13/6/96;-0,9205
14/6/96;-1,7195
17/6/96;-1,386
18/6/96;-2,6406
19/6/96;0,4406
20/6/96;-2,1079
21/6/96;2,2043
24/6/96;-0,2622
25/6/96;-0,2067
26/6/96;-1,0332
27/6/96;3,3999
28/6/96;1,3496
1/7/96;1,1568
2/7/96;-0,2854
3/7/96;0,421
5/7/96;-2,1178
8/7/96;-1,1931
9/7/96;0,8653
10/7/96;-1,3691
11/7/96;-2,7907
12/7/96;0,2446
15/7/96;-5,4573
16/7/96;1,5056
17/7/96;3,4914
18/7/96;3,3701
19/7/96;-3,1266
22/7/96;-1,8566
23/7/96;-5,2004
24/7/96;0,882
25/7/96;1,666
26/7/96;1,9154
29/7/96;-1,3155
30/7/96;1,8006
31/7/96;0,3799
1/8/96;1,3773
2/8/96;0,9265
5/8/96;-0,2959
6/8/96;0,4204
7/8/96;0,3738
8/8/96;-0,031
9/8/96;0,3742
12/8/96;0,4704
13/8/96;-0,8636
14/8/96;0,1148
15/8/96;-0,0447
16/8/96;-0,0212
19/8/96;-0,1464
20/8/96;0,1806
21/8/96;0,0925
22/8/96;0,721
23/8/96;-0,2258
26/8/96;-0,1894
27/8/96;0,466
28/8/96;0,3034
29/8/96;-0,6421
30/8/96;-0,239
3/9/96;0,6586
4/9/96;-0,5638
5/9/96;-3,8161
6/9/96;2,1841
9/9/96;1,3736
10/9/96;0,3419
11/9/96;1,1397
12/9/96;-0,0303
13/9/96;1,9329
16/9/96;-0,1931
17/9/96;0,8644
18/9/96;0,2501
19/9/96;1,2933
20/9/96;0,5391
23/9/96;-1,0515
24/9/96;-0,1244
25/9/96;0,8161
26/9/96;0,8326
27/9/96;1,6757
30/9/96;-0,621
1/10/96;-0,9968
2/10/96;1,1514
3/10/96;1,2573
4/10/96;1,9361
7/10/96;0,8519
8/10/96;-1,411
9/10/96;-0,8455
10/10/96;-0,4943
11/10/96;-1,1439
14/10/96;1,6384
15/10/96;0,0283
16/10/96;0,2021
17/10/96;-0,058
18/10/96;0,67
21/10/96;0,1787
22/10/96;-1,5667
23/10/96;0,825
24/10/96;1,0263
25/10/96;0,5016
28/10/96;-0,4294
29/10/96;-1,7239
30/10/96;-0,4792
31/10/96;1,5821
1/11/96;-1,4211
4/11/96;-0,9302
5/11/96;1,1702
6/11/96;2,559
7/11/96;1,1852
8/11/96;0,7616
11/11/96;1,154
12/11/96;-1,0691
13/11/96;0,8439
14/11/96;0,7598
15/11/96;-1,6206
18/11/96;-1,0896
19/11/96;0,498
20/11/96;-0,0635
21/11/96;-1,2305
22/11/96;1,8198
25/11/96;1,1737
26/11/96;-1,1579
27/11/96;0,2175
29/11/96;0,3224
2/12/96;2,3668
3/12/96;-1,0987
4/12/96;-0,7194
5/12/96;0,5068
6/12/96;-1,6534
9/12/96;4,1439
10/12/96;-2,4437
11/12/96;1,6468
12/12/96;-1,8162
13/12/96;-1,4526
16/12/96;-3,0879
17/12/96;2,1086
18/12/96;3,0453
19/12/96;1,525
20/12/96;-2,5529
23/12/96;-1,8219
24/12/96;1,7862
26/12/96;-0,2317
27/12/96;-0,6831
30/12/96;-1,4232
31/12/96;-0,1764
2/1/97;-1,3314
3/1/97;3,647
6/1/97;0,8674
7/1/97;0,7664
8/1/97;-0,401
9/1/97;1,8866
10/1/97;2,3957
13/1/97;0,6262
14/1/97;2,5856
15/1/97;-1,5166
16/1/97;0,5482
17/1/97;-0,4126
20/1/97;-0,302
21/1/97;1,6536
22/1/97;0,5878
23/1/97;0,3946
24/1/97;-2,7488
27/1/97;-1,5758
28/1/97;-0,2967
29/1/97;1,1556
30/1/97;2,2178
31/1/97;1,293
3/2/97;-0,6482
4/2/97;-1,522
5/2/97;-3,7235
6/2/97;-0,0821
7/2/97;2,8292
10/2/97;-3,0663
11/2/97;-0,4008
12/2/97;4,4429
13/2/97;1,994
14/2/97;0,0737
18/2/97;0,1255
19/2/97;0,1794
20/2/97;-2,6834
21/2/97;-1,2439
24/2/97;1,6399
25/2/97;-0,0105
26/2/97;-0,4042
27/2/97;-5,1546
28/2/97;-0,065
3/3/97;1,3211
4/3/97;0,4936
5/3/97;1,6183
6/3/97;-1,0797
7/3/97;-0,5547
10/3/97;0,9407
11/3/97;-0,951
12/3/97;-0,7439
13/3/97;-1,0477
14/3/97;-0,2583
17/3/97;-1,7951
18/3/97;-1,8053
19/3/97;-1,6355
20/3/97;1,7571
21/3/97;-0,1365
24/3/97;-0,5281
25/3/97;1,9481
26/3/97;1,9499
27/3/97;-2,2486
31/3/97;-1,8547
1/4/97;0,7077
2/4/97;-0,3591
3/4/97;1,7297
4/4/97;2,8125
7/4/97;0,545
8/4/97;2,1856
9/4/97;-1,7143
10/4/97;-1,7954
11/4/97;-3,5757
14/4/97;1,0645
15/4/97;1,2514
16/4/97;0,1655
17/4/97;1,0164
18/4/97;-1,2627
21/4/97;-1,9525
22/4/97;0,4173
23/4/97;1,4241
24/4/97;-0,038
25/4/97;-3,5397
28/4/97;1,0812
29/4/97;3,6541
30/4/97;2,2228
1/5/97;1,0707
2/5/97;3,1196
5/5/97;1,3946
6/5/97;-1,0354
7/5/97;-0,0916
8/5/97;1,2963
9/5/97;-0,3242
12/5/97;-0,3318
13/5/97;-1,4156
14/5/97;0,5682
15/5/97;2,1224
16/5/97;-1,4593
19/5/97;-0,881
20/5/97;3,9467
21/5/97;0,107
22/5/97;-0,1533
23/5/97;1,5048
27/5/97;2,4537
28/5/97;-0,214
29/5/97;-2,2459
30/5/97;0,4186
2/6/97;0,4834
3/6/97;-2,474
4/6/97;-0,1494
5/6/97;0,9097
6/6/97;0,9672
9/6/97;0,8028
10/6/97;-1,6288
11/6/97;0,4455
12/6/97;-0,3286
13/6/97;1,015
16/6/97;1,2432
17/6/97;2,1794
18/6/97;-1,247
19/6/97;1,0769
20/6/97;0,7727
23/6/97;-1,3797
24/6/97;1,5248
25/6/97;-0,0748
26/6/97;-1,2485
27/6/97;0,4931
30/6/97;-0,6781
1/7/97;0,945
2/7/97;0,9732
3/7/97;0,9837
7/7/97;-0,0862
8/7/97;2,1514
9/7/97;0,6548
10/7/97;1,3011
11/7/97;1,9354
14/7/97;2,2667
15/7/97;0,6466
16/7/97;2,6506
17/7/97;-1,1464
18/7/97;-2,1618
21/7/97;-0,8304
22/7/97;2,746
23/7/97;2,0238
24/7/97;0,5681
25/7/97;-0,8042
28/7/97;-0,5639
29/7/97;-0,2036
30/7/97;1,2028
31/7/97;1,1001
1/8/97;0,4851
4/8/97;1,2812
5/8/97;2,2061
6/8/97;0,7944
7/8/97;-0,8009
8/8/97;-1,571
11/8/97;-0,652
12/8/97;-0,2668
13/8/97;3,1534
14/8/97;1,0561
15/8/97;-1,3641
18/8/97;0,7556
19/8/97;2,7452
20/8/97;3,5947
21/8/97;-2,0453
22/8/97;-0,324
25/8/97;0,3162
26/8/97;-1,1964
27/8/97;0,4645
28/8/97;-1,3542
29/8/97;-0,4779
2/9/97;1,3477
3/9/97;0,094
4/9/97;-1,2901
5/9/97;0,3535
8/9/97;-1,5388
9/9/97;0,808
10/9/97;-0,9495
11/9/97;0,2637
12/9/97;1,5963
15/9/97;-1,189
16/9/97;2,5246
17/9/97;1,8351
18/9/97;-0,207
19/9/97;1,1374
22/9/97;0,9998
23/9/97;-0,4915
24/9/97;-1,3577
25/9/97;-0,7354
26/9/97;0,1618
29/9/97;1,644
30/9/97;-2,0958
1/10/97;-0,4473
2/10/97;0,6015
3/10/97;1,0846
6/10/97;1,1063
7/10/97;1,845
8/10/97;0,2451
9/10/97;0,4001
10/10/97;0,085
13/10/97;0,8619
14/10/97;-1,5252
15/10/97;-0,5279
16/10/97;-3,1088
17/10/97;-2,5762
20/10/97;1,3497
21/10/97;2,3826
22/10/97;-1,7084
23/10/97;-2,6619
24/10/97;-3,2193
27/10/97;-8,5232
28/10/97;6,4361
29/10/97;-0,679
30/10/97;-2,4183
31/10/97;2,8633
3/11/97;2,3562
4/11/97;0,551
5/11/97;-0,0622
6/11/97;-0,608
7/11/97;-0,8381
10/11/97;0,6065
11/11/97;-0,2075
12/11/97;-1,357
13/11/97;0,0022
14/11/97;1,6917
17/11/97;0,8851
18/11/97;-0,9948
19/11/97;-0,1965
20/11/97;1,0702
21/11/97;-0,6176
24/11/97;-1,4936
25/11/97;0,4338
26/11/97;0,23
28/11/97;-0,1533
1/12/97;3,6261
2/12/97;-0,8359
3/12/97;0,6902
4/12/97;0,5831
5/12/97;1,3256
8/12/97;0,9643
9/12/97;-0,8732
10/12/97;-2,4615
11/12/97;-3,8976
12/12/97;-1,1856
15/12/97;-1,6911
16/12/97;2,1786
17/12/97;-1,0407
18/12/97;-1,8189
19/12/97;-1,2039
22/12/97;0,1774
23/12/97;-1,5463
24/12/97;-0,3114
26/12/97;1,4184
29/12/97;1,3995
30/12/97;3,0732
31/12/97;1,4822
2/1/98;0,0832
5/1/98;-0,166
6/1/98;-0,5007
7/1/98;-0,0286
8/1/98;-0,3893
9/1/98;-2,9648
12/1/98;0,6135
13/1/98;1,7477
14/1/98;0,8244
15/1/98;-0,2711
16/1/98;0,4445
20/1/98;1,3196
21/1/98;-0,5128
22/1/98;-0,6494
23/1/98;-1,1394
26/1/98;-0,7028
27/1/98;-0,1089
28/1/98;1,4882
29/1/98;1,0583
30/1/98;-0,3155
2/2/98;2,0432
3/2/98;1,6076
4/2/98;0,9402
5/2/98;-0,4823
6/2/98;1,0718
9/2/98;0,8999
10/2/98;0,9405
11/2/98;0,7743
12/2/98;0,7389
13/2/98;0,0196
17/2/98;-0,9577
18/2/98;0,9422
19/2/98;0,3133
20/2/98;0,2482
23/2/98;0,4243
24/2/98;-0,4411
25/2/98;0,6242
26/2/98;1,5845
27/2/98;-0,1369
2/3/98;-0,6185
3/3/98;0,2544
4/3/98;1,5025
5/3/98;-1,171
6/3/98;3,2794
9/3/98;-0,096
10/3/98;1,9064
11/3/98;0,253
12/3/98;-0,2062
13/3/98;0,4214
16/3/98;0,6208
17/3/98;-0,7808
18/3/98;0,4016
19/3/98;0,8164
20/3/98;-0,8077
23/3/98;-0,6773
24/3/98;1,968
25/3/98;0,2495
26/3/98;-0,802
27/3/98;-0,3972
30/3/98;-0,4125
31/3/98;0,8401
1/4/98;0,4104
2/4/98;0,109
3/4/98;0,2356
6/4/98;-1,0748
7/4/98;-2,8851
8/4/98;1,2816
9/4/98;1,0113
13/4/98;0,8271
14/4/98;2,0251
15/4/98;0,7084
16/4/98;-1,2434
17/4/98;1,1147
20/4/98;2,6664
21/4/98;1,7763
22/4/98;-0,642
23/4/98;-3,6433
24/4/98;-0,3434
27/4/98;-4,2088
28/4/98;2,0495
29/4/98;2,7996
30/4/98;1,7733
1/5/98;0,493
4/5/98;-0,3557
5/5/98;-1,278
6/5/98;-0,4148
7/5/98;-0,4885
8/5/98;2,3356
11/5/98;-1,2863
12/5/98;1,2494
13/5/98;0,9345
14/5/98;-0,888
15/5/98;-0,8037
18/5/98;0,4141
19/5/98;0,6868
20/5/98;-0,4268
21/5/98;-1,1251
22/5/98;-0,8947
26/5/98;-1,7632
27/5/98;0,9138
28/5/98;0,1988
29/5/98;-1,0027
1/6/98;-0,9568
2/6/98;1,1413
3/6/98;-1,1923
4/6/98;1,5308
5/6/98;0,952
8/6/98;0,6505
9/6/98;0,6926
10/6/98;-0,7611
11/6/98;-1,067
12/6/98;-0,6116
15/6/98;-1,3327
16/6/98;1,6597
17/6/98;1,4079
18/6/98;0,0842
19/6/98;-0,4202
22/6/98;1,3226
23/6/98;1,7725
24/6/98;1,5828
25/6/98;0,4519
26/6/98;0,163
29/6/98;0,3169
30/6/98;-0,5809
1/7/98;1,0869
2/7/98;-0,6028
6/7/98;1,3713
7/7/98;-0,2581
8/7/98;1,2673
9/7/98;0,0078
10/7/98;0,0495
13/7/98;0,8492
14/7/98;0,1975
15/7/98;0,8759
16/7/98;1,1635
17/7/98;0,6597
20/7/98;-0,041
21/7/98;-1,2264
22/7/98;-0,2154
23/7/98;-1,7667
24/7/98;-0,4193
27/7/98;0,5165
28/7/98;-0,9668
29/7/98;-0,7523
30/7/98;2,4244
31/7/98;-1,9397
3/8/98;-0,4889
4/8/98;-4,1567
5/8/98;1,3582
6/8/98;1,3313
7/8/98;0,0847
10/8/98;0,3564
11/8/98;-1,7392
12/8/98;1,9534
13/8/98;-0,5196
14/8/98;-0,8509
17/8/98;1,1173
18/8/98;1,4555
19/8/98;0,7044
20/8/98;-0,1751
21/8/98;-1,1135
24/8/98;-0,0836
25/8/98;0,3105
26/8/98;-0,5317
27/8/98;-3,9465
28/8/98;-1,751
31/8/98;-8,1848
1/9/98;3,4815
2/9/98;-0,4899
3/9/98;-0,3543
4/9/98;-0,6932
8/9/98;2,553
9/9/98;-0,6397
10/9/98;-1,1583
11/9/98;1,3903
14/9/98;1,1118
15/9/98;0,7962
16/9/98;0,5951
17/9/98;-1,0131
18/9/98;-0,0412
21/9/98;-0,2051
22/9/98;0,3707
23/9/98;1,0238
24/9/98;-1,3747
25/9/98;0,342
28/9/98;-0,0618
29/9/98;-0,1628
30/9/98;-1,127
1/10/98;-1,67
2/10/98;0,1211
5/10/98;-1,2118
6/10/98;-0,4796
7/10/98;-1,1039
8/10/98;-0,6088
9/10/98;1,4895
12/10/98;0,6011
13/10/98;-0,2279
14/10/98;0,4648
15/10/98;1,0772
16/10/98;-0,2804
19/10/98;0,5955
20/10/98;-0,484
21/10/98;0,5134
22/10/98;0,1606
23/10/98;-0,229
26/10/98;0,2839
27/10/98;-0,1613
28/10/98;0,5243
29/10/98;0,3704
30/10/98;0,1827
2/11/98;0,5659
3/11/98;-0,3106
4/11/98;0,3974
5/11/98;-0,249
6/11/98;1,3132
9/11/98;-0,6239
10/11/98;0,8981
11/11/98;-0,1238
12/11/98;-0,45
13/11/98;0,2773
16/11/98;0,341
17/11/98;1,0296
18/11/98;1,553
19/11/98;0,9925
20/11/98;0,3115
23/11/98;1,9188
24/11/98;-1,1535
25/11/98;0,7152
27/11/98;-0,1923
30/11/98;-2,9017
1/12/98;2,312
2/12/98;-0,9701
3/12/98;-1,5096
4/12/98;2,708
7/12/98;3,2538
8/12/98;-1,4443
9/12/98;0,131
10/12/98;-1,8521
11/12/98;0,3191
14/12/98;-2,3983
15/12/98;2,5281
16/12/98;-0,1084
17/12/98;2,6828
18/12/98;2,0525
21/12/98;3,562
22/12/98;-2,2091
23/12/98;0,5382
24/12/98;-0,6563
28/12/98;0,0268
29/12/98;-0,251
30/12/98;-0,1225
31/12/98;1,1653
4/1/99;0,3413
5/1/99;1,2546
6/1/99;2,2587
7/1/99;0,2589
8/1/99;0,3648
11/1/99;0,9442
12/1/99;-1,7252
13/1/99;0,2734
14/1/99;-1,1737
15/1/99;5,1303
19/1/99;2,0873
20/1/99;0,1542
21/1/99;-3,2401
22/1/99;0,2188
25/1/99;1,0513
26/1/99;2,4793
27/1/99;-0,1525
28/1/99;4,157
29/1/99;2,68
1/2/99;0,6206
2/2/99;-0,7133
3/2/99;0,7104
4/2/99;-3,1839
5/2/99;-2,647
8/2/99;1,5812
9/2/99;-3,6179
10/2/99;-0,3771
11/2/99;3,9328
12/2/99;-3,7886
16/2/99;0,1469
17/2/99;-1,6491
18/2/99;0,943
19/2/99;0,3444
22/2/99;3,1028
23/2/99;0,8109
24/2/99;-1,8811
25/2/99;-1,0207
26/2/99;-0,1726
1/3/99;0,2353
2/3/99;-0,8363
3/3/99;0,2071
4/3/99;1,2727
5/3/99;0,7386
8/3/99;2,0078
9/3/99;0,1875
10/3/99;0,5109
11/3/99;0,8579
12/3/99;-0,925
15/3/99;1,5143
16/3/99;-0,3893
17/3/99;-0,0511
18/3/99;1,2718
19/3/99;-1,0358
22/3/99;-0,1504
23/3/99;-1,3583
24/3/99;-0,4069
25/3/99;1,3516
26/3/99;-0,5191
29/3/99;1,8861
30/3/99;-0,5704
31/3/99;-0,3912
1/4/99;1,0934
5/4/99;2,3609
6/4/99;0,5884
7/4/99;-0,8272
8/4/99;2,0394
9/4/99;0,1469
12/4/99;0,517
13/4/99;-0,3136
14/4/99;-4,3196
15/4/99;-1,5383
16/4/99;-0,6292
19/4/99;-4,8055
20/4/99;3,0114
21/4/99;2,767
22/4/99;1,6117
23/4/99;0,1302
26/4/99;0,8069
27/4/99;-0,4735
28/4/99;-2,3385
29/4/99;-1,9696
30/4/99;0,2037
3/5/99;0,6818
4/5/99;-0,3357
5/5/99;0,8411
6/5/99;-1,2931
7/5/99;0,6199
10/5/99;1,0865
11/5/99;2,4263
12/5/99;2,1832
13/5/99;-1,0006
14/5/99;-3,0835
17/5/99;0,9474
18/5/99;1,0027
19/5/99;-0,1951
20/5/99;-2,014
21/5/99;-0,3887
24/5/99;-3,5975
25/5/99;-3,1445
26/5/99;2,1202
27/5/99;-0,1532
28/5/99;2,62
1/6/99;-0,899
2/6/99;0,8225
3/6/99;-0,7453
4/6/99;3,8645
7/6/99;2,2182
8/6/99;-2,8228
9/6/99;2,0672
10/6/99;-0,5366
11/6/99;0,0422
14/6/99;-0,6383
15/6/99;2,14
16/6/99;3,793
17/6/99;0,8752
18/6/99;0,8224
21/6/99;2,4455
22/6/99;-2,1008
23/6/99;1,0897
24/6/99;-2,4267
25/6/99;0,4723
28/6/99;1,6342
29/6/99;2,8026
30/6/99;-0,8045
1/7/99;1,2126
2/7/99;1,5565
6/7/99;0,7042
7/7/99;-0,0819
8/7/99;1,6117
9/7/99;0,3473
12/7/99;0,2119
13/7/99;-1,1311
14/7/99;2,3968
15/7/99;0,552
16/7/99;0,9532
19/7/99;-1,2707
20/7/99;-3,9867
21/7/99;0,2913
22/7/99;-2,3299
23/7/99;1,2456
26/7/99;-1,274
27/7/99;3,7023
28/7/99;0,8961
29/7/99;-2,1162
30/7/99;0,7322
2/8/99;-0,3929
3/8/99;-1,4787
4/8/99;-1,1258
5/8/99;1,4149
6/8/99;-0,3867
9/8/99;-1,7787
10/8/99;-0,1924
11/8/99;3,6961
12/8/99;0,6524
13/8/99;3,5026
16/8/99;-0,6592
17/8/99;0,6666
18/8/99;0,0058
19/8/99;-0,2943
20/8/99;2,5997
23/8/99;1,6163
24/8/99;0,2384
25/8/99;0,8056
26/8/99;-1,2136
27/8/99;-0,9984
30/8/99;-1,9763
31/8/99;1,9374
1/9/99;0,2987
2/9/99;-0,7669
3/9/99;2,3076
7/9/99;0,3629
8/9/99;-0,7728
9/9/99;0,8165
10/9/99;0,8179
13/9/99;-0,936
14/9/99;0,5508
15/9/99;-2,1676
16/9/99;0,9543
17/9/99;0,7853
20/9/99;-0,1453
21/9/99;-1,6097
22/9/99;0,3358
23/9/99;-2,3734
24/9/99;-0,04
27/9/99;1,5678
28/9/99;-0,7295
29/9/99;0,5269
30/9/99;-0,0513
1/10/99;0,3949
4/10/99;2,5542
5/10/99;1,027
6/10/99;1,1397
7/10/99;-1,1617
8/10/99;-0,4232
11/10/99;1,1409
12/10/99;-1,6951
13/10/99;-1,7038
14/10/99;0,4209
15/10/99;0,0673
18/10/99;-1,5576
19/10/99;-0,0292
20/10/99;2,7398
21/10/99;1,3283
22/10/99;0,5249
25/10/99;-0,3212
26/10/99;-0,5046
27/10/99;0,1208
28/10/99;2,7992
29/10/99;3,0511
1/11/99;-0,8517
2/11/99;-0,2803
3/11/99;1,4804
4/11/99;0,7368
5/11/99;0,9436
8/11/99;0,4345
9/11/99;-0,9552
10/11/99;1,3425
11/11/99;0,7045
12/11/99;-0,1186
15/11/99;0,3667
16/11/99;1,6422
17/11/99;-0,4544
18/11/99;0,9417
19/11/99;1,1157
22/11/99;-0,3922
23/11/99;-1,1539
24/11/99;2,2767
26/11/99;0,0805
29/11/99;-0,5816
30/11/99;-1,6238
1/12/99;0,1485
2/12/99;1,9909
3/12/99;1,5987
6/12/99;0,8522
7/12/99;-2,3845
8/12/99;1,0098
9/12/99;-0,7807
10/12/99;-0,0265
13/12/99;0,4235
14/12/99;-1,4333
15/12/99;0,0872
16/12/99;0,8209
17/12/99;-2,4835
20/12/99;0,0533
21/12/99;1,5569
22/12/99;0,3428
23/12/99;1,2129
27/12/99;0,2218
28/12/99;-0,7841
29/12/99;0,2286
30/12/99;0,0212
31/12/99;0,3754
3/1/00;1,164
4/1/00;-4,5548
5/1/00;-1,7059
6/1/00;-1,2708
7/1/00;1,8046
10/1/00;2,4623
11/1/00;-0,6238
12/1/00;0,4411
13/1/00;2,5344
14/1/00;3,0703
18/1/00;-0,1177
19/1/00;1,0253
20/1/00;2,3369
21/1/00;0,0556
24/1/00;-2,122
25/1/00;0,716
26/1/00;-2,2074
27/1/00;0,0925
28/1/00;-2,4046
31/1/00;0,9735
1/2/00;1,6548
2/2/00;0,961
3/2/00;2,3026
4/2/00;-0,4001
7/2/00;1,2292
8/2/00;2,2348
9/2/00;-0,4487
10/2/00;1,7266
11/2/00;-1,7505
14/2/00;0,9478
15/2/00;-0,2851
16/2/00;1,0426
17/2/00;1,4717
18/2/00;-2,2752
22/2/00;0,251
23/2/00;2,9132
24/2/00;2,7461
25/2/00;-1,0316
28/2/00;0,3015
29/2/00;4,8882
1/3/00;3,3717
2/3/00;-1,4665
3/3/00;3,1183
6/3/00;0,7073
7/3/00;0,5333
8/3/00;-0,4021
9/3/00;2,0318
10/3/00;-0,6923
13/3/00;-2,5571
14/3/00;-3,1721
15/3/00;-0,9827
16/3/00;3,1799
17/3/00;1,1454
20/3/00;-0,6645
21/3/00;1,9401
22/3/00;1,4811
23/3/00;0,4837
24/3/00;-0,0825
27/3/00;0,1532
28/3/00;-1,1161
29/3/00;-1,6349
30/3/00;-1,5429
31/3/00;2,6884
3/4/00;-3,4102
4/4/00;-1,8819
5/4/00;0,1569
6/4/00;0,8788
7/4/00;4,9658
10/4/00;-4,5228
11/4/00;-2,0518
12/4/00;-5,9556
13/4/00;-2,0688
14/4/00;-5,266
17/4/00;9,5758
18/4/00;5,4932
19/4/00;-2,2071
20/4/00;-0,9132
24/4/00;-1,7563
25/4/00;6,0633
26/4/00;-1,6818
27/4/00;2,6296
28/4/00;-1,1972
1/5/00;0,5969
2/5/00;-1,2121
3/5/00;-1,6404
4/5/00;-0,5133
5/5/00;1,3333
8/5/00;-1,0696
9/5/00;-1,5048
10/5/00;-2,2014
11/5/00;2,2003
12/5/00;0,4673
15/5/00;0,8951
16/5/00;1,5608
17/5/00;-0,7174
18/5/00;-0,6841
19/5/00;-1,7294
22/5/00;-1,2932
23/5/00;-2,3149
24/5/00;0,7091
25/5/00;0,5137
26/5/00;0,6873
30/5/00;2,2884
31/5/00;-0,0785
1/6/00;1,6523
2/6/00;1,8287
5/6/00;-1,8269
6/6/00;-0,048
7/6/00;0,4119
8/6/00;0,2915
9/6/00;0,0078
12/6/00;0,125
13/6/00;1,7311
14/6/00;-0,0936
15/6/00;0,9881
16/6/00;-0,2062
19/6/00;0,5772
20/6/00;-0,3488
21/6/00;-0,1805
22/6/00;-1,7727
23/6/00;-1,3457
26/6/00;1,2663
27/6/00;-0,6373
28/6/00;0,3933
29/6/00;-1,7843
30/6/00;0,5309
3/7/00;1,367
5/7/00;-3,6765
6/7/00;1,8512
7/7/00;2,3834
10/7/00;-1,4039
11/7/00;-0,8264
12/7/00;2,739
13/7/00;0,851
14/7/00;2,2284
17/7/00;0,2792
18/7/00;-2,7969
19/7/00;-2,7317
20/7/00;2,2092
21/7/00;-1,781
24/7/00;-1,8937
25/7/00;1,5811
26/7/00;-0,9766
27/7/00;-4,4122
28/7/00;-3,1247
31/7/00;2,7677
1/8/00;-0,3791
2/8/00;1,1039
3/8/00;3,53
4/8/00;3,9339
7/8/00;3,372
8/8/00;0,235
9/8/00;-0,865
10/8/00;-1,2237
11/8/00;-0,3235
14/8/00;-0,4743
15/8/00;-2,0341
16/8/00;-1,1574
17/8/00;3,53
18/8/00;0,5907
21/8/00;0,2783
22/8/00;-0,6728
23/8/00;0,5217
24/8/00;1,4813
25/8/00;0,1472
28/8/00;0,8017
29/8/00;-0,3821
30/8/00;0,5035
31/8/00;2,1817
1/9/00;0,9721
5/9/00;-2,0488
6/9/00;-5,4635
7/9/00;5,3955
8/9/00;-4,5526
11/9/00;-2,501
12/9/00;-0,3698
13/9/00;2,3
14/9/00;3,2715
15/9/00;-1,1748
18/9/00;-1,7467
19/9/00;5,3311
20/9/00;2,5914
21/9/00;-1,2817
22/9/00;2,9825
25/9/00;-0,7728
26/9/00;-1,0833
27/9/00;-1,9362
28/9/00;3,7744
29/9/00;-3,7515
2/10/00;0,6858
3/10/00;-1,1317
4/10/00;-0,9413
5/10/00;-0,0754
6/10/00;-0,4038
9/10/00;0,5501
10/10/00;-0,7381
11/10/00;-0,337
12/10/00;-0,9795
13/10/00;1,2626
16/10/00;1,6041
17/10/00;-0,2306
18/10/00;-0,9011
19/10/00;0,0881
20/10/00;0,8807
23/10/00;-0,0714
24/10/00;-0,4984
25/10/00;-1,3975
26/10/00;-0,1373
27/10/00;0,7006
30/10/00;0,2494
31/10/00;0,7136
1/11/00;-0,1168
2/11/00;0,1719
3/11/00;0,0107
6/11/00;0,3289
7/11/00;-0,0456
8/11/00;0,0367
9/11/00;-0,2726
10/11/00;-0,3591
13/11/00;-0,3676
14/11/00;0,5135
15/11/00;0,3215
16/11/00;-0,0419
17/11/00;0,1635
20/11/00;-0,263
21/11/00;-0,1446
22/11/00;-0,2295
24/11/00;0,2366
27/11/00;0,0313
28/11/00;-0,0128
29/11/00;-0,0245
30/11/00;0,2296
1/12/00;-0,1952
4/12/00;-0,02
5/12/00;0,6149
6/12/00;-0,2777
7/12/00;-0,2106
8/12/00;0,1532
11/12/00;-0,101
12/12/00;-0,1213
13/12/00;-0,3069
14/12/00;-0,0983
15/12/00;-0,064
18/12/00;0,5369
19/12/00;-0,0995
20/12/00;-0,4079
21/12/00;0,42
22/12/00;0,3554
26/12/00;0,4845
27/12/00;0,6908
28/12/00;0,4101
29/12/00;-0,3164
2/1/01;-0,7694
3/1/01;-0,2408
4/1/01;-1,1756
5/1/01;-0,1394
8/1/01;0,064
9/1/01;0,352
10/1/01;0,104
11/1/01;-0,2944
12/1/01;-0,0244
16/1/01;-0,0225
17/1/01;-0,2824
18/1/01;-0,29
19/1/01;-0,8901
22/1/01;0,4601
23/1/01;0,6155
24/1/01;0,182
25/1/01;0,3355
26/1/01;-0,096
29/1/01;0,2752
30/1/01;-0,0084
31/1/01;-0,0455
1/2/01;0,0631
2/2/01;0
5/2/01;0
6/2/01;0
7/2/01;0
8/2/01;0
9/2/01;0
12/2/01;0
13/2/01;0
14/2/01;0
15/2/01;0
16/2/01;0
20/2/01;0
21/2/01;0
22/2/01;0
23/2/01;0
26/2/01;0
27/2/01;0
28/2/01;0
1/3/01;0,0413
2/3/01;0,2104
5/3/01;-0,0037
6/3/01;0,0194
7/3/01;0,2137
8/3/01;0,0233
9/3/01;-0,2171
12/3/01;-0,596
13/3/01;0,0336
14/3/01;-0,1722
15/3/01;0,0418
16/3/01;-0,1853
19/3/01;0,1043
20/3/01;-0,2884
21/3/01;-0,3688
22/3/01;-0,3787
23/3/01;0,2457
26/3/01;0,0865
27/3/01;0,1903
28/3/01;-0,1248
29/3/01;0,2026
30/3/01;-0,0656
2/4/01;0,1312
3/4/01;0
4/4/01;0
5/4/01;0
6/4/01;0
9/4/01;0
10/4/01;0
11/4/01;0
12/4/01;0
16/4/01;0
17/4/01;0
18/4/01;0
19/4/01;0
20/4/01;0
23/4/01;0
24/4/01;0
25/4/01;0
26/4/01;0
27/4/01;0
30/4/01;0
1/5/01;0
2/5/01;0
3/5/01;0
4/5/01;0
7/5/01;0
8/5/01;0
9/5/01;0
10/5/01;0
11/5/01;0
14/5/01;0
15/5/01;0
16/5/01;0
17/5/01;0
18/5/01;0
21/5/01;0
22/5/01;0
23/5/01;0
24/5/01;0
25/5/01;0
29/5/01;0
30/5/01;0
31/5/01;0
1/6/01;0,0194
4/6/01;0,1349
5/6/01;0,1009
6/6/01;-0,1119
7/6/01;-0,0383
8/6/01;0,0724
11/6/01;-0,2077
12/6/01;-0,1319
13/6/01;0,0572
14/6/01;-0,258
15/6/01;0,1436
18/6/01;-0,0047
19/6/01;0,0667
20/6/01;-0,0722
21/6/01;-0,1195
22/6/01;-0,1817
25/6/01;-0,0792
26/6/01;-0,0591
27/6/01;-0,0066
28/6/01;0,1666
29/6/01;0,0384
2/7/01;0,2453
3/7/01;0,0042
5/7/01;-0,1436
6/7/01;-0,4331
9/7/01;0,0132
10/7/01;-0,166
11/7/01;0,0068
12/7/01;0,5361
13/7/01;0,0798
16/7/01;-0,1654
17/7/01;0,151
18/7/01;0,0478
19/7/01;0,3165
20/7/01;-0,2114
23/7/01;-0,177
24/7/01;-0,3452
25/7/01;0,1947
26/7/01;0,4121
27/7/01;0,1134
30/7/01;0,0131
31/7/01;0,0593
1/8/01;0,0386
2/8/01;0
3/8/01;0
6/8/01;0
7/8/01;0
8/8/01;0
9/8/01;0
10/8/01;0
13/8/01;0
14/8/01;0
15/8/01;0
16/8/01;0
17/8/01;0
20/8/01;0
21/8/01;0
22/8/01;0
23/8/01;0
24/8/01;0
27/8/01;0
28/8/01;0
29/8/01;0
30/8/01;0
31/8/01;0
4/9/01;0
5/9/01;0
6/9/01;0
7/9/01;0
10/9/01;0
17/9/01;0
18/9/01;0
19/9/01;0
20/9/01;0
21/9/01;0
24/9/01;0
25/9/01;0
26/9/01;0
27/9/01;0
28/9/01;0
1/10/01;0
2/10/01;0
3/10/01;0
4/10/01;0
5/10/01;0
8/10/01;0
9/10/01;0
10/10/01;0
11/10/01;0
12/10/01;0
15/10/01;0
16/10/01;0
17/10/01;0
18/10/01;0
19/10/01;0
22/10/01;0
23/10/01;0
24/10/01;0
25/10/01;0
26/10/01;0
29/10/01;0
30/10/01;0
31/10/01;0
1/11/01;0,3171
2/11/01;0,1536
5/11/01;0,2377
6/11/01;0,1275
7/11/01;0,0589
8/11/01;-0,1497
9/11/01;0,0516
12/11/01;0,0733
13/11/01;0,1401
14/11/01;-0,0764
15/11/01;0,0208
16/11/01;-0,1953
19/11/01;0,206
20/11/01;0,0732
21/11/01;-0,1066
23/11/01;0,1639
26/11/01;0,051
27/11/01;-0,0717
28/11/01;-0,0485
29/11/01;0,2047
30/11/01;-0,0112
3/12/01;-0,1698
4/12/01;0,542
5/12/01;1,3822
6/12/01;-0,3775
7/12/01;-0,3565
10/12/01;-0,3732
11/12/01;-0,003
12/12/01;-0,0458
13/12/01;-0,2707
14/12/01;0,3648
17/12/01;0,4611
18/12/01;0,025
19/12/01;-0,1311
20/12/01;-0,2782
21/12/01;0,4125
24/12/01;0,2339
26/12/01;0,3821
27/12/01;0,0643
28/12/01;0,0078
31/12/01;-0,3727
2/1/02;-0,8537
3/1/02;0,0064
4/1/02;0,4059
7/1/02;0,0371
8/1/02;0,203
9/1/02;-0,1512
10/1/02;-0,066
11/1/02;-0,3353
14/1/02;-0,461
15/1/02;0,5977
16/1/02;-0,453
17/1/02;0,4947
18/1/02;-0,186
22/1/02;0,1226
23/1/02;0,726
24/1/02;0,1607
25/1/02;-0,2402
28/1/02;0,2648
29/1/02;-0,7486
30/1/02;0,5074
31/1/02;0,5349
1/2/02;-0,3867
4/2/02;-0,7657
5/2/02;0,2404
6/2/02;-0,1768
7/2/02;-0,283
8/2/02;0,3094
11/2/02;0,6387
12/2/02;0,0207
13/2/02;0,6503
14/2/02;-0,1283
15/2/02;-0,4567
19/2/02;-0,932
20/2/02;1,035
21/2/02;-0,3814
22/2/02;-0,7906
25/2/02;0,5357
26/2/02;0,2663
27/2/02;-0,08
28/2/02;0,1195
1/3/02;0,1192
4/3/02;0,3385
5/3/02;-0,1315
6/3/02;0,2404
7/3/02;-0,2714
8/3/02;-0,1617
11/3/02;-0,2583
12/3/02;-0,0009
13/3/02;-0,0313
14/3/02;0,1433
15/3/02;0,1343
18/3/02;0,0309
19/3/02;0,2692
20/3/02;-0,148
21/3/02;-0,0525
22/3/02;0,0651
25/3/02;-0,4106
26/3/02;0,2064
27/3/02;0,1656
28/3/02;0,1547
1/4/02;1,1812
2/4/02;-1,9642
3/4/02;-1,0888
4/4/02;-0,5667
5/4/02;-0,8789
8/4/02;1,3821
9/4/02;-1,4302
10/4/02;2,4053
11/4/02;-1,3479
12/4/02;1,4388
15/4/02;-0,0698
16/4/02;1,745
17/4/02;-1,5168
18/4/02;0,7081
19/4/02;-0,62
22/4/02;-1,2452
23/4/02;-0,0416
24/4/02;-0,3443
25/4/02;0,4171
26/4/02;-0,7286
29/4/02;-0,8456
30/4/02;1,4838
1/5/02;0,1775
2/5/02;-0,0888
3/5/02;-0,2151
6/5/02;-1,2432
7/5/02;-0,086
8/5/02;1,7614
9/5/02;-0,6177
10/5/02;-1,0421
13/5/02;1,1044
14/5/02;1,268
15/5/02;-0,1165
16/5/02;0,206
17/5/02;-0,2607
20/5/02;-0,4119
21/5/02;-1,0403
22/5/02;-0,1939
23/5/02;1,3466
24/5/02;-0,2287
28/5/02;-0,3235
29/5/02;-0,3342
30/5/02;-0,4903
31/5/02;0,0986
3/6/02;-0,4688
4/6/02;-0,3563
5/6/02;0,2338
6/6/02;-0,2384
7/6/02;0,2532
10/6/02;-0,2808
11/6/02;-0,2385
12/6/02;-0,0822
13/6/02;-0,2485
14/6/02;-0,1055
17/6/02;0,7115
18/6/02;0,1898
19/6/02;0,0427
20/6/02;-0,1177
21/6/02;-0,1355
24/6/02;-0,1176
25/6/02;-0,6108
26/6/02;-0,0258
27/6/02;0,1959
28/6/02;0,1088
1/7/02;0,0413
2/7/02;0
3/7/02;0
5/7/02;0
8/7/02;0
9/7/02;0
10/7/02;0
11/7/02;0
12/7/02;0
15/7/02;0
16/7/02;0
17/7/02;0
18/7/02;0
19/7/02;0
22/7/02;0
23/7/02;0
24/7/02;0
25/7/02;0
26/7/02;0
29/7/02;0
30/7/02;0
31/7/02;0
1/8/02;0
2/8/02;0
5/8/02;0
6/8/02;0
7/8/02;0
8/8/02;0
9/8/02;0
12/8/02;0
13/8/02;0
14/8/02;0
15/8/02;0
16/8/02;0
19/8/02;0
20/8/02;0
21/8/02;0
22/8/02;0
23/8/02;0
26/8/02;0
27/8/02;0
28/8/02;0
29/8/02;0
30/8/02;0
3/9/02;0
4/9/02;0
5/9/02;0
6/9/02;0
9/9/02;0
10/9/02;0
11/9/02;0
12/9/02;0
13/9/02;0
16/9/02;0
17/9/02;0
18/9/02;0
19/9/02;0
20/9/02;0
23/9/02;0
24/9/02;0
25/9/02;0
26/9/02;0
27/9/02;0
30/9/02;0
1/10/02;0,1436
2/10/02;-0,1557
3/10/02;-0,0551
4/10/02;-0,3019
7/10/02;-0,3303
8/10/02;0,251
9/10/02;-0,3704
10/10/02;0,3378
11/10/02;0,4142
14/10/02;-0,1686
15/10/02;0,2806
16/10/02;-0,2608
17/10/02;-0,1233
18/10/02;0,057
21/10/02;0,263
22/10/02;-0,0923
23/10/02;0,2683
24/10/02;-0,1703
25/10/02;0,1095
28/10/02;-0,3361
29/10/02;0,0555
30/10/02;0,111
31/10/02;-0,2006
1/11/02;-0,0483
4/11/02;0
5/11/02;0
6/11/02;0
7/11/02;0
8/11/02;0
11/11/02;0
12/11/02;0
13/11/02;0
14/11/02;0
15/11/02;0
18/11/02;0
19/11/02;0
20/11/02;0
21/11/02;0
22/11/02;0
25/11/02;0
26/11/02;0
27/11/02;0
29/11/02;0
2/12/02;-0,0522
3/12/02;-0,3139
4/12/02;-0,053
5/12/02;-0,1352
6/12/02;-0,0122
9/12/02;-0,4453
10/12/02;0,137
11/12/02;0,0482
12/12/02;-0,0545
13/12/02;-0,2075
16/12/02;0,3244
17/12/02;0,0132
18/12/02;-0,1835
19/12/02;-0,0094
20/12/02;0,0377
23/12/02;0,1003
24/12/02;-0,1002
26/12/02;-0,2167
27/12/02;-0,3259
30/12/02;0,1073
31/12/02;-0,0027
2/1/03;0,2805
3/1/03;0,1556
6/1/03;0,131
7/1/03;-0,0459
8/1/03;-0,1673
9/1/03;0,1486
10/1/03;0,0807
13/1/03;-0,0869
14/1/03;-0,0972
15/1/03;-0,0768
16/1/03;-0,0071
17/1/03;0,0474
21/1/03;-0,189
22/1/03;-0,0314
23/1/03;0,1122
24/1/03;-0,2505
27/1/03;-0,2651
28/1/03;0,0688
29/1/03;0,3717
30/1/03;-0,1979
31/1/03;0,0932
3/2/03;0,012
4/2/03;0
5/2/03;0
6/2/03;0
7/2/03;0
10/2/03;0
11/2/03;0
12/2/03;0
13/2/03;0
14/2/03;0
18/2/03;0
19/2/03;0
20/2/03;0
21/2/03;0
24/2/03;0
25/2/03;0
26/2/03;0
27/2/03;0
28/2/03;0
3/3/03;-0,3276
4/3/03;-0,1403
5/3/03;0,2064
6/3/03;-0,0839
7/3/03;0,1165
10/3/03;-0,5417
11/3/03;-0,1748
12/3/03;0,1593
13/3/03;1,055
14/3/03;0,2496
17/3/03;0,8092
18/3/03;0,3153
19/3/03;0,0713
20/3/03;0,277
21/3/03;0,3927
24/3/03;-0,8085
25/3/03;0,3156
26/3/03;0,1464
27/3/03;-0,0488
28/3/03;-0,2171
31/3/03;-0,5221
1/4/03;0,0501
2/4/03;0,613
3/4/03;-0,0084
4/4/03;-0,3218
7/4/03;0,0954
8/4/03;0,0434
9/4/03;-0,6608
10/4/03;0,455
11/4/03;-0,1854
14/4/03;0,1873
15/4/03;0,2896
16/4/03;-0,3697
17/4/03;0,5105
21/4/03;-0,0177
22/4/03;0,0972
23/4/03;0,1107
24/4/03;0,4506
25/4/03;0,1329
28/4/03;0,3187
29/4/03;-0,1307
30/4/03;-0,0063
1/5/03;0,0483
2/5/03;2,9559
5/5/03;0,9426
6/5/03;0,9822
7/5/03;-1,8083
8/5/03;-1,7396
9/5/03;1,1447
12/5/03;2,6369
13/5/03;1,8527
14/5/03;0,492
15/5/03;0,6662
16/5/03;1,2892
19/5/03;-4,1956
20/5/03;-0,2077
21/5/03;0,5952
22/5/03;2,7532
23/5/03;0,9613
27/5/03;4,2929
28/5/03;-0,1541
29/5/03;1,4675
30/5/03;1,2271
2/6/03;-1,1412
3/6/03;0,3523
4/6/03;2,9279
5/6/03;0,134
6/6/03;-2,5835
9/6/03;-2,0141
10/6/03;1,4763
11/6/03;2,1103
12/6/03;0,1075
13/6/03;-2,3977
16/6/03;3,746
17/6/03;0,5097
18/6/03;0,9666
19/6/03;-2,3044
20/6/03;-1,0574
23/6/03;-3,3782
24/6/03;-1,3909
25/6/03;1,2369
26/6/03;3,3806
27/6/03;-0,3857
30/6/03;-0,6516
1/7/03;1,4359
2/7/03;2,3829
3/7/03;-0,4714
7/7/03;3,5159
8/7/03;2,7504
9/7/03;0,0044
10/7/03;-3,9322
11/7/03;0,6863
14/7/03;1,2517
15/7/03;-0,1507
16/7/03;-1,9957
17/7/03;-4,5565
18/7/03;0,7972
21/7/03;-1,0481
22/7/03;2,0309
23/7/03;1,607
24/7/03;-2,1104
25/7/03;1,3245
28/7/03;0,9401
29/7/03;-1,1485
30/7/03;-1,6704
31/7/03;0,9554
1/8/03;-1,3993
4/8/03;-0,9305
5/8/03;-2,9041
6/8/03;-2,2957
7/8/03;1,0128
8/8/03;0,3826
11/8/03;0,8684
12/8/03;2,0455
13/8/03;0,6825
14/8/03;0,033
15/8/03;0,2552
18/8/03;2,9202
19/8/03;2,119
20/8/03;0,5739
21/8/03;1,3286
22/8/03;-1,8015
25/8/03;-0,1255
26/8/03;0,6497
27/8/03;1,1091
28/8/03;0,744
29/8/03;1,3464
2/9/03;1,1921
3/9/03;0,1494
4/9/03;2,091
5/9/03;-0,09
8/9/03;1,8567
9/9/03;-1,6512
10/9/03;-3,4167
11/9/03;0,4634
12/9/03;0,4325
15/9/03;-0,4773
16/9/03;3,6435
17/9/03;0,5341
18/9/03;2,3266
19/9/03;-0,0193
22/9/03;-1,6696
23/9/03;1,2517
24/9/03;-3,55
25/9/03;-1,6343
26/9/03;-1,8744
29/9/03;3,3267
30/9/03;-1,3561
1/10/03;1,348
2/10/03;1,8142
3/10/03;3,3597
6/10/03;1,3691
7/10/03;2,3332
8/10/03;-0,1208
9/10/03;1,0766
10/10/03;0,515
13/10/03;1,6702
14/10/03;1,1179
15/10/03;-1,6655
16/10/03;0,1394
17/10/03;-2,5143
20/10/03;0,9262
21/10/03;0,4385
22/10/03;-3,0767
23/10/03;-0,8322
24/10/03;-1,0287
27/10/03;1,2555
28/10/03;2,421
29/10/03;1,3586
30/10/03;0,9082
31/10/03;-0,6189
3/11/03;2,8841
4/11/03;0,1209
5/11/03;-0,2558
6/11/03;0,2127
7/11/03;0,722
10/11/03;-3,051
11/11/03;-0,8358
12/11/03;3,5231
13/11/03;0,1745
14/11/03;-2,3005
17/11/03;-2,6699
18/11/03;-1,5387
19/11/03;0,5567
20/11/03;-1,618
21/11/03;0,5587
24/11/03;3,1023
25/11/03;1,1916
26/11/03;1,3806
28/11/03;0,7295
1/12/03;1,5716
2/12/03;-1,384
3/12/03;-1,4504
4/12/03;-1,5245
5/12/03;-2,3332
8/12/03;0,501
9/12/03;-3,5588
10/12/03;-0,89
11/12/03;4,7478
12/12/03;-0,0723
15/12/03;-1,6283
16/12/03;-1,0435
17/12/03;0,0649
18/12/03;3,0232
19/12/03;-0,3545
22/12/03;-0,448
23/12/03;1,1182
24/12/03;0,1264
26/12/03;0,5725
29/12/03;1,7442
30/12/03;-0,274
31/12/03;-0,5769
2/1/04;-0,1773
5/1/04;2,0782
6/1/04;0,1992
7/1/04;0,1074
8/1/04;1,3989
9/1/04;-0,3005
12/1/04;2,6526
13/1/04;-1,9089
14/1/04;0,1522
15/1/04;-0,4266
16/1/04;3,4965
20/1/04;1,8977
21/1/04;-1,0513
22/1/04;-1,8055
23/1/04;-1,4396
26/1/04;2,4812
27/1/04;-1,4717
28/1/04;-1,3107
29/1/04;-1,7487
30/1/04;1,5196
2/2/04;-0,5186
3/2/04;0,582
4/2/04;-3,404
5/2/04;0,5129
6/2/04;4,0556
9/2/04;0,6015
10/2/04;0,9524
11/2/04;0,7505
12/2/04;-1,5898
13/2/04;-1,3672
17/2/04;1,9817
18/2/04;0,2686
19/2/04;-0,963
20/2/04;-1,4854
23/2/04;-2,5046
24/2/04;-0,4917
25/2/04;1,8164
26/2/04;0,268
27/2/04;-0,2246
1/3/04;2,4033
2/3/04;-1,1009
3/3/04;-1,5031
4/3/04;1,8105
5/3/04;-0,5954
8/3/04;-2,9014
9/3/04;-3,0488
10/3/04;-1,8834
11/3/04;-1,0043
12/3/04;3,1716
15/3/04;-2,6298
16/3/04;-0,068
17/3/04;2,9454
18/3/04;-0,8135
19/3/04;-2,0411
22/3/04;-3,1003
23/3/04;-0,0312
24/3/04;0,6845
25/3/04;3,1442
26/3/04;0,5411
29/3/04;1,8963
30/3/04;1,5493
31/3/04;0,3913
1/4/04;1,1176
2/4/04;1,833
5/4/04;0,1314
6/4/04;-0,0848
7/4/04;-0,6351
8/4/04;-0,042
12/4/04;0,5883
13/4/04;-2,0656
14/4/04;-1,0457
15/4/04;-0,9808
16/4/04;0,3435
19/4/04;0,7143
20/4/04;-1,9358
21/4/04;0,4854
22/4/04;2,0146
23/4/04;-0,0627
26/4/04;-1,2748
27/4/04;-0,9045
28/4/04;-2,4162
29/4/04;-1,7724
30/4/04;-1,6474
3/5/04;0,4905
4/5/04;0,7467
5/5/04;0,2139
6/5/04;-0,4156
7/5/04;-1,5155
10/5/04;-1,0737
11/5/04;0,9173
12/5/04;-0,7603
13/5/04;0,5482
14/5/04;-0,1547
17/5/04;-1,0902
18/5/04;0,8565
19/5/04;-0,4442
20/5/04;0,068
21/5/04;0,7978
24/5/04;0,0296
25/5/04;1,6101
26/5/04;0,0892
27/5/04;0,4202
28/5/04;-0,2203
1/6/04;0,9969
2/6/04;-0,1741
3/6/04;-2,5979
4/6/04;2,2987
7/6/04;2,4086
8/6/04;-0,2612
9/6/04;-2,2036
10/6/04;0,5776
14/6/04;-2,2353
15/6/04;2,2202
16/6/04;0,2993
17/6/04;-0,3849
18/6/04;-0,2329
21/6/04;-0,5569
22/6/04;1,4194
23/6/04;2,2113
24/6/04;-0,5487
25/6/04;0,9728
28/6/04;0,6061
29/6/04;0,1715
30/6/04;2,1606
1/7/04;-0,7096
2/7/04;-0,7521
6/7/04;-1,8066
7/7/04;0,5653
8/7/04;-2,1806
9/7/04;0,1445
12/7/04;0,0077
13/7/04;0,8912
14/7/04;0,0441
15/7/04;-0,7454
16/7/04;-0,7605
19/7/04;0,0287
20/7/04;0,9267
21/7/04;-3,2111
22/7/04;0,2405
23/7/04;-0,8071
26/7/04;-1,3692
27/7/04;2,5484
28/7/04;1,367
29/7/04;1,8975
30/7/04;0,5619
2/8/04;-0,5285
3/8/04;-0,4302
4/8/04;-0,66
5/8/04;-1,5964
6/8/04;-1,6235
9/8/04;0,6161
10/8/04;1,0815
11/8/04;-0,5604
12/8/04;-0,9557
13/8/04;0,0273
16/8/04;1,2603
17/8/04;-0,3779
18/8/04;1,026
19/8/04;0,0035
20/8/04;1,383
23/8/04;-0,3416
24/8/04;-0,115
25/8/04;0,7306
26/8/04;-0,1979
27/8/04;0,6161
30/8/04;-0,5796
31/8/04;0,5852
1/9/04;0,0316
2/9/04;0,4965
3/9/04;-0,1321
7/9/04;0,3161
8/9/04;0,0149
9/9/04;0,4139
10/9/04;0,131
13/9/04;-0,1248
14/9/04;0,0175
15/9/04;0,0839
16/9/04;0,2735
17/9/04;0,1005
20/9/04;-0,1033
21/9/04;0,3284
22/9/04;-0,4632
23/9/04;-0,094
24/9/04;0,0139
27/9/04;-0,3525
28/9/04;0,2322
29/9/04;0,1803
30/9/04;0,1118
1/10/04;0,036
4/10/04;0,5104
5/10/04;-0,0292
6/10/04;0,832
7/10/04;-0,4597
8/10/04;-0,6776
11/10/04;-0,2774
12/10/04;-0,1048
13/10/04;-0,9829
14/10/04;0,8376
15/10/04;0,6016
18/10/04;0,194
19/10/04;-0,7613
20/10/04;1,102
21/10/04;0,5301
22/10/04;-0,2957
25/10/04;1,0728
26/10/04;0,5913
27/10/04;0,1603
28/10/04;-0,5696
29/10/04;0,5801
1/11/04;0,4783
2/11/04;0,2958
3/11/04;0,443
4/11/04;1,5508
5/11/04;-0,7864
8/11/04;-0,1309
9/11/04;0,5274
10/11/04;1,5136
11/11/04;2,1548
12/11/04;2,5531
15/11/04;-0,8394
16/11/04;-0,0448
17/11/04;1,7995
18/11/04;-0,4419
19/11/04;-0,1295
22/11/04;1,849
23/11/04;0,3862
24/11/04;1,4488
26/11/04;2,0152
29/11/04;0,1732
30/11/04;-0,7823
1/12/04;-0,0898
2/12/04;-2,2604
3/12/04;1,7176
6/12/04;-0,0131
7/12/04;-2,7634
8/12/04;-0,3095
9/12/04;0,9501
10/12/04;0,3484
13/12/04;2,8501
14/12/04;-0,2583
15/12/04;2,3579
16/12/04;-1,2541
17/12/04;0,3656
20/12/04;-0,1027
21/12/04;2,2104
22/12/04;-0,6929
23/12/04;-0,321
27/12/04;-0,5458
28/12/04;1,4528
29/12/04;-0,4154
30/12/04;-1,4937
31/12/04;0,4948
3/1/05;-2,1466
4/1/05;-2,6571
5/1/05;-1,1478
6/1/05;-0,0763
7/1/05;-0,312
10/1/05;-0,0994
11/1/05;-1,7943
12/1/05;0,0551
13/1/05;-0,0586
14/1/05;1,5377
18/1/05;2,0675
19/1/05;-0,7964
20/1/05;-0,9889
21/1/05;-0,1948
24/1/05;-3,7844
25/1/05;1,2241
26/1/05;1,622
27/1/05;-0,1134
28/1/05;-0,2728
31/1/05;2,4213
1/2/05;1,0312
2/2/05;1,8571
3/2/05;0,7196
4/2/05;0,6708
7/2/05;-0,6469
8/2/05;0,8317
9/2/05;-2,0145
10/2/05;1,1115
11/2/05;1,0572
14/2/05;0,3916
15/2/05;0,1711
16/2/05;1,6736
17/2/05;-1,1608
18/2/05;1,0112
22/2/05;-2,6507
23/2/05;1,313
24/2/05;2,3605
25/2/05;3,213
28/2/05;-1,4231
1/3/05;-1,2983
2/3/05;0,9985
3/3/05;-0,0579
4/3/05;2,89
7/3/05;-0,3588
8/3/05;-1,8969
9/3/05;-1,6525
10/3/05;-1,3917
11/3/05;2,9184
14/3/05;0,2528
15/3/05;0,3102
16/3/05;-1,2903
17/3/05;1,4429
18/3/05;0,2472
21/3/05;0,5763
22/3/05;-0,7569
23/3/05;-0,5855
24/3/05;1,4945
28/3/05;-0,7006
29/3/05;-2,6172
30/3/05;1,6393
31/3/05;1,361
1/4/05;1,5021
4/4/05;0,292
5/4/05;0,1345
6/4/05;0,5899
7/4/05;0,2841
8/4/05;-0,7796
11/4/05;0,2434
12/4/05;0,025
13/4/05;-1,3797
14/4/05;-3,0152
15/4/05;-2,5154
18/4/05;1,3923
19/4/05;2,0167
20/4/05;-1,3958
21/4/05;1,6565
22/4/05;-0,6212
25/4/05;1,4652
26/4/05;-0,8599
27/4/05;-1,1929
28/4/05;-1,0143
29/4/05;0,5946
2/5/05;0,3502
3/5/05;-0,5694
4/5/05;0,5286
5/5/05;-0,0487
6/5/05;0,431
9/5/05;0,7981
10/5/05;-0,9921
11/5/05;0,1193
12/5/05;-2,1981
13/5/05;-1,0614
16/5/05;0,0359
17/5/05;0,7862
18/5/05;1,2392
19/5/05;0,5475
20/5/05;-0,0785
23/5/05;0,6614
24/5/05;0,5136
25/5/05;-0,2838
26/5/05;0,6641
27/5/05;0,4991
31/5/05;-0,1796
1/6/05;0,4324
2/6/05;0,5881
3/6/05;-0,6829
6/6/05;0,409
7/6/05;-1,0871
8/6/05;-0,6373
9/6/05;1,1088
10/6/05;-1,1171
13/6/05;0,8783
14/6/05;0,7274
15/6/05;1,4228
16/6/05;0,6332
17/6/05;1,6548
20/6/05;0,1208
21/6/05;-0,9147
22/6/05;-0,1525
23/6/05;-0,9975
24/6/05;-1,0774
27/6/05;0,4287
28/6/05;1,6887
29/6/05;-0,18
30/6/05;0,0512
1/7/05;0,6666
5/7/05;1,5828
6/7/05;-0,4314
7/7/05;1,0474
8/7/05;0,7805
11/7/05;0,799
12/7/05;0,0814
13/7/05;-0,3419
14/7/05;-1,2948
15/7/05;1,0127
18/7/05;0,025
19/7/05;0,8276
20/7/05;0,1665
21/7/05;-1,8667
22/7/05;1,9372
25/7/05;-0,5324
26/7/05;-0,0506
27/7/05;-0,0815
28/7/05;0,5394
29/7/05;-0,6747
1/8/05;0,6271
2/8/05;1,2044
3/8/05;0,3306
4/8/05;-0,8477
5/8/05;-1,5642
8/8/05;-1,006
9/8/05;1,4225
10/8/05;0,659
11/8/05;1,1689
12/8/05;1,3457
15/8/05;0,5887
16/8/05;-2,3353
17/8/05;-0,0777
18/8/05;-0,5184
19/8/05;0,2599
22/8/05;0,4667
23/8/05;-0,0315
24/8/05;0,4639
25/8/05;0,2949
26/8/05;-0,6903
29/8/05;1,0133
30/8/05;1,5687
31/8/05;2,5471
1/9/05;1,9696
2/9/05;-1,4713
6/9/05;1,5998
7/9/05;1,2071
8/9/05;0,283
9/9/05;2,5227
12/9/05;-1,537
13/9/05;-0,5906
14/9/05;-0,1928
15/9/05;0,4164
16/9/05;-0,1796
19/9/05;0,8747
20/9/05;-1,0756
21/9/05;1,1154
22/9/05;-0,4017
23/9/05;-0,2297
26/9/05;1,4308
27/9/05;0,1969
28/9/05;0,2903
29/9/05;0,5553
30/9/05;-0,2254
3/10/05;1,8835
4/10/05;-1,9349
5/10/05;-3,2447
6/10/05;-2,0701
7/10/05;1,4696
10/10/05;-1,7481
11/10/05;1,2912
12/10/05;-2,3218
13/10/05;-1,4369
14/10/05;1,7554
17/10/05;1,0361
18/10/05;-2,4172
19/10/05;0,7865
20/10/05;-2,8815
21/10/05;1,6951
24/10/05;2,6348
25/10/05;-0,0204
26/10/05;-0,8612
27/10/05;-2,4425
28/10/05;2,1618
31/10/05;2,8579
1/11/05;-0,2277
2/11/05;1,0753
3/11/05;0,5517
4/11/05;-0,9646
7/11/05;-0,4137
8/11/05;-0,1797
9/11/05;-0,6433
10/11/05;-0,3214
11/11/05;0,3987
14/11/05;0,7456
15/11/05;-0,0041
16/11/05;0,8245
17/11/05;0,5132
18/11/05;0,0128
21/11/05;0,8837
22/11/05;1,1588
23/11/05;-0,3462
25/11/05;0,4204
28/11/05;-1,5758
29/11/05;0,1459
30/11/05;0,0994
1/12/05;2,2099
2/12/05;0,4318
5/12/05;0,2004
6/12/05;0,5844
7/12/05;-0,1957
8/12/05;0,7533
9/12/05;-0,1437
12/12/05;0,9466
13/12/05;0,0455
14/12/05;-0,2525
15/12/05;-0,5759
16/12/05;-1,0743
19/12/05;-0,8545
20/12/05;0,2924
21/12/05;1,1218
22/12/05;1,0148
23/12/05;-0,2754
27/12/05;-1,3261
28/12/05;0,9696
29/12/05;-0,2096
30/12/05;-0,1137
3/1/06;3,0283
4/1/06;0,9836
5/1/06;-0,2065
6/1/06;1,7386
9/1/06;1,0593
10/1/06;0,8781
11/1/06;1,3151
12/1/06;-0,6449
13/1/06;0,6093
17/1/06;0,3875
18/1/06;-0,1481
19/1/06;0,6014
20/1/06;-1,3278
23/1/06;0,1929
24/1/06;-0,0328
25/1/06;-0,3239
26/1/06;0,4096
27/1/06;0,9744
30/1/06;2,0438
31/1/06;-0,3097
1/2/06;0,0377
2/2/06;-1,3374
3/2/06;-0,845
6/2/06;0,5825
7/2/06;-2,4738
8/2/06;0,7276
9/2/06;-1,8491
10/2/06;-0,8298
13/2/06;-1,1829
14/2/06;0,0873
15/2/06;0,5054
16/2/06;2,0119
17/2/06;-0,7383
21/2/06;-0,3525
22/2/06;1,2148
23/2/06;0,1946
24/2/06;0,6404
27/2/06;1,6244
28/2/06;-3,7888
1/3/06;3,291
2/3/06;0,7529
3/3/06;-0,0033
6/3/06;-1,5189
7/3/06;-2,2861
8/3/06;0,0135
9/3/06;-0,7319
10/3/06;0,5807
13/3/06;0,614
14/3/06;1,2896
15/3/06;2,1276
16/3/06;0,1509
17/3/06;1,0122
20/3/06;0,2749
21/3/06;-1,6888
22/3/06;0,7695
23/3/06;-0,4782
24/3/06;1,499
27/3/06;-0,1919
28/3/06;-0,1665
29/3/06;1,6397
30/3/06;0,1637
31/3/06;0,1137
3/4/06;-1,0152
4/4/06;-0,3282
5/4/06;1,4821
6/4/06;0,0977
7/4/06;-2,4249
10/4/06;-0,1868
11/4/06;-2,5733
12/4/06;1,7222
13/4/06;1,2255
17/4/06;-1,8164
18/4/06;3,272
19/4/06;0,9193
20/4/06;-0,2214
21/4/06;-1,3515
24/4/06;1,0301
25/4/06;-0,6097
26/4/06;-0,66
27/4/06;-1,4875
28/4/06;2,259
1/5/06;0,7955
2/5/06;-0,0661
3/5/06;0,4148
4/5/06;0,4989
5/5/06;0,6399
8/5/06;0,9005
9/5/06;0,4132
10/5/06;0,3917
11/5/06;-2,0064
12/5/06;-3,5887
15/5/06;-1,3683
16/5/06;-0,4699
17/5/06;-2,5359
18/5/06;-1,8362
19/5/06;0,1659
22/5/06;-2,7105
23/5/06;0,981
24/5/06;-0,2444
25/5/06;1,2098
26/5/06;1,8642
30/5/06;-2,7948
31/5/06;0,6342
1/6/06;1,2253
2/6/06;0,4376
5/6/06;-1,9205
6/6/06;0,1389
7/6/06;-0,6193
8/6/06;-0,1542
9/6/06;-0,2075
12/6/06;-1,2552
13/6/06;-1,6682
14/6/06;1,2267
15/6/06;2,1988
16/6/06;-0,5997
19/6/06;-1,0553
20/6/06;0,0691
21/6/06;1,4582
22/6/06;0,206
23/6/06;0,5943
26/6/06;0,2211
27/6/06;-0,5545
28/6/06;0,5535
29/6/06;2,3179
30/6/06;0,3274
3/7/06;-0,8528
5/7/06;-0,8011
6/7/06;0,3492
7/7/06;-1,0564
10/7/06;-0,7037
11/7/06;0,444
12/7/06;-0,9194
13/7/06;-1,3996
14/7/06;-0,3715
17/7/06;-0,3557
18/7/06;0,1423
19/7/06;1,5626
20/7/06;-1,7425
21/7/06;-1,7391
24/7/06;1,6575
25/7/06;0,7254
26/7/06;-0,3614
27/7/06;-0,7331
28/7/06;0,9122
31/7/06;0,6681
1/8/06;-1,1067
2/8/06;0,4162
3/8/06;0,2153
4/8/06;-1,0676
7/8/06;0,1334
8/8/06;-1,1517
9/8/06;0,0117
10/8/06;-0,2218
11/8/06;-0,595
14/8/06;-0,5008
15/8/06;1,8828
16/8/06;0,9496
17/8/06;-0,6395
18/8/06;0,3333
21/8/06;-0,35
22/8/06;-0,1882
23/8/06;-0,8183
24/8/06;-0,3692
25/8/06;0,3371
28/8/06;0,4703
29/8/06;0,0818
30/8/06;-0,2592
31/8/06;-0,1033
1/9/06;1,1656
5/9/06;1,5722
6/9/06;-1,8717
7/9/06;-0,4768
8/9/06;0,334
11/9/06;-0,6122
12/9/06;0,9858
13/9/06;1,3849
14/9/06;0,1395
15/9/06;0,0413
18/9/06;1,1355
19/9/06;-1,4341
20/9/06;1,9185
21/9/06;-0,4439
22/9/06;-1,1915
25/9/06;0,8991
26/9/06;1,3775
27/9/06;-0,438
28/9/06;0,2657
29/9/06;-0,1184
2/10/06;-0,6515
3/10/06;0,2083
4/10/06;2,5721
5/10/06;0,7006
6/10/06;-0,7537
9/10/06;1,0882
10/10/06;0,34
11/10/06;-0,0336
12/10/06;1,3583
13/10/06;1,1323
16/10/06;0,3371
17/10/06;-1,1725
18/10/06;-1,3197
19/10/06;0,9144
20/10/06;-0,1207
23/10/06;1,2846
24/10/06;2,0795
25/10/06;1,2807
26/10/06;1,4756
27/10/06;-2,273
30/10/06;0,3092
31/10/06;0,8381
1/11/06;-2,7573
2/11/06;-0,1202
3/11/06;-0,3482
6/11/06;3,362
7/11/06;0,6469
8/11/06;0,8313
9/11/06;-0,8162
10/11/06;-0,0282
13/11/06;1,3855
14/11/06;1,3029
15/11/06;-0,3511
16/11/06;-0,7808
17/11/06;0,1682
20/11/06;0,5889
21/11/06;0,9873
22/11/06;0,7142
24/11/06;-0,0613
27/11/06;-2,5004
28/11/06;-0,1011
29/11/06;2,6288
30/11/06;0,7225
1/12/06;-1,3637
4/12/06;2,9807
5/12/06;0,5379
6/12/06;-0,1878
7/12/06;-0,4686
8/12/06;0,4386
11/12/06;0,5116
12/12/06;-1,0846
13/12/06;0,7664
14/12/06;1,3277
15/12/06;0,4737
18/12/06;-0,8047
19/12/06;0,6216
20/12/06;-0,8016
21/12/06;-0,5974
22/12/06;-0,7469
26/12/06;-0,2107
27/12/06;1,5433
28/12/06;-0,1977
29/12/06;-0,7773
3/1/07;-0,5083
4/1/07;1,0471
5/1/07;-0,6796
8/1/07;0,7246
9/1/07;-1,1814
10/1/07;1,0167
11/1/07;0,9759
12/1/07;0,5385
16/1/07;-0,2482
17/1/07;-0,2116
18/1/07;-1,7413
19/1/07;1,0923
22/1/07;-0,7619
23/1/07;1,0492
24/1/07;1,8723
25/1/07;-1,8559
26/1/07;0,4503
29/1/07;0,2896
30/1/07;0,0157
31/1/07;0,6837
1/2/07;0,402
2/2/07;0,1725
5/2/07;1,0365
6/2/07;-0,1312
7/2/07;0,727
8/2/07;0,691
9/2/07;-3,0622
12/2/07;-1,4435
13/2/07;0,8426
14/2/07;0,9747
15/2/07;0,3468
16/2/07;-0,4489
20/2/07;1,1061
21/2/07;0,7372
22/2/07;-0,3954
23/2/07;-0,2633
26/2/07;-0,6679
27/2/07;-4,3684
28/2/07;1,0583
1/3/07;-0,0305
2/3/07;-1,6607
5/3/07;-1,0314
6/3/07;2,2168
7/3/07;0,3933
8/3/07;1,8946
9/3/07;1,4528
12/3/07;1,5291
13/3/07;-2,6044
14/3/07;1,1199
15/3/07;0,9711
16/3/07;-0,5714
19/3/07;1,8226
20/3/07;0,7138
21/3/07;1,6256
22/3/07;-0,2203
23/3/07;0,0844
26/3/07;0,5733
27/3/07;-0,7417
28/3/07;-0,9759
29/3/07;0,4478
30/3/07;-0,5426
2/4/07;1,3554
3/4/07;1,2978
4/4/07;0,6905
5/4/07;0,9932
9/4/07;0,375
10/4/07;0,5322
11/4/07;-1,2624
12/4/07;0,0867
13/4/07;-0,4818
16/4/07;0,6413
17/4/07;-0,2351
18/4/07;-0,3666
19/4/07;-0,1437
20/4/07;0,4177
23/4/07;0,3874
24/4/07;-0,7398
25/4/07;0,9335
26/4/07;-0,3969
27/4/07;0,0648
30/4/07;-2,0237
1/5/07;0,1915
2/5/07;1,1726
3/5/07;0,3268
4/5/07;0,4075
7/5/07;0,5184
8/5/07;0,2848
9/5/07;1,4566
10/5/07;-1,7656
11/5/07;0,3914
14/5/07;-0,4891
15/5/07;-0,5477
16/5/07;0,6802
17/5/07;0,1629
18/5/07;0,8093
21/5/07;0,9071
22/5/07;0,6604
23/5/07;0,059
24/5/07;-1,1775
25/5/07;1,8226
29/5/07;0,9532
30/5/07;1,1123
31/5/07;-1,2013
1/6/07;0,9147
4/6/07;0,672
5/6/07;0,1076
6/6/07;-1,2978
7/6/07;-1,8188
8/6/07;1,3715
11/6/07;-0,4091
12/6/07;-0,9989
13/6/07;1,3173
14/6/07;0,5297
15/6/07;1,1672
18/6/07;-0,0087
19/6/07;-0,8187
20/6/07;-1,6901
21/6/07;1,0277
22/6/07;-0,5169
25/6/07;-0,811
26/6/07;-0,8709
27/6/07;0,4433
28/6/07;0,6986
29/6/07;1,6731
2/7/07;2,7745
3/7/07;-0,2266
5/7/07;0,5473
6/7/07;0,7581
9/7/07;0,7665
10/7/07;-1,5921
11/7/07;0,4577
12/7/07;1,4226
13/7/07;0,4773
16/7/07;-0,4662
17/7/07;-0,131
18/7/07;-0,0391
19/7/07;0,1815
20/7/07;-1,1312
23/7/07;-0,6898
24/7/07;-3,2191
25/7/07;1,7839
26/7/07;-2,0712
27/7/07;-1,6915
30/7/07;0,9728
31/7/07;-1,6456
1/8/07;0,1547
2/8/07;1,1276
3/8/07;-1,793
6/8/07;0,91
7/8/07;0,6188
8/8/07;-0,0493
9/8/07;-2,4162
10/8/07;-0,2074
13/8/07;0,9996
14/8/07;-1,8948
15/8/07;-1,7629
16/8/07;-1,1367
17/8/07;2,8281
20/8/07;1,2799
21/8/07;1,1614
22/8/07;1,2024
23/8/07;-0,5722
24/8/07;1,4797
27/8/07;-0,5203
28/8/07;-1,9166
29/8/07;1,812
30/8/07;0,2212
31/8/07;1,2893
4/9/07;1,3454
5/9/07;-0,45
6/9/07;1,0209
7/9/07;-2,1178
10/9/07;0,1289
11/9/07;1,5714
12/9/07;0,977
13/9/07;-0,3182
14/9/07;-0,207
17/9/07;-0,8119
18/9/07;3,0673
19/9/07;0,7998
20/9/07;-0,3657
21/9/07;1,5411
24/9/07;1,0828
25/9/07;1,3458
26/9/07;0,9209
27/9/07;1,1443
28/9/07;-0,9174
1/10/07;0,0938
2/10/07;-0,992
3/10/07;-0,8452
4/10/07;1,8585
5/10/07;3,8643
8/10/07;1,212
9/10/07;1,0624
10/10/07;0,168
11/10/07;-2,9027
12/10/07;2,0635
15/10/07;-1,1667
16/10/07;-0,686
17/10/07;0,7465
18/10/07;1,2884
19/10/07;-3,0691
22/10/07;1,0675
23/10/07;5,5165
24/10/07;-1,4144
25/10/07;-1,7991
26/10/07;0,6845
29/10/07;1,266
30/10/07;-1,513
31/10/07;0,6966
1/11/07;-1,8723
2/11/07;0,7362
5/11/07;-1,6193
6/11/07;1,7805
7/11/07;-1,7476
8/11/07;-0,7523
9/11/07;-2,4345
12/11/07;-4,4403
13/11/07;2,7614
14/11/07;0,1288
15/11/07;-1,0924
16/11/07;0,9621
19/11/07;-1,2919
20/11/07;0,3893
21/11/07;-1,1179
23/11/07;1,3181
26/11/07;-0,9336
27/11/07;1,3927
28/11/07;3,4709
29/11/07;0,7029
30/11/07;0,1057
3/12/07;0,6333
4/12/07;0,014
5/12/07;1,1951
6/12/07;1,3364
7/12/07;0,1719
10/12/07;0,0666
11/12/07;-2,0986
12/12/07;1,0645
13/12/07;0,2351
14/12/07;-0,7866
17/12/07;-2,0228
18/12/07;0,4089
19/12/07;0,3091
20/12/07;1,204
21/12/07;1,6669
24/12/07;0,5599
26/12/07;0,5384
27/12/07;-0,6347
28/12/07;-0,1027
31/12/07;-0,4606
2/1/08;0,4373
3/1/08;0,444
4/1/08;-1,1726
7/1/08;-0,3552
8/1/08;-0,4678
9/1/08;-0,1464
10/1/08;0,1479
11/1/08;-0,6419
14/1/08;0,5827
15/1/08;-0,9742
16/1/08;-0,8772
17/1/08;-0,964
18/1/08;0,2019
22/1/08;-0,3228
23/1/08;-0,3758
24/1/08;1,0537
25/1/08;-0,0071
28/1/08;0,3558
29/1/08;-0,1882
30/1/08;-0,0812
31/1/08;0,2452
1/2/08;0,2905
4/2/08;-0,1832
5/2/08;-0,4808
6/2/08;-0,2496
7/2/08;0,1365
8/2/08;0,0791
11/2/08;0,0865
12/2/08;-0,045
13/2/08;0,2111
14/2/08;-0,5306
15/2/08;0,0685
19/2/08;-0,0426
20/2/08;0,2278
21/2/08;-0,3547
22/2/08;0,0627
25/2/08;0,0654
26/2/08;0,1438
27/2/08;0,0678
28/2/08;-0,2244
29/2/08;-0,5516
3/3/08;-0,041
4/3/08;-0,2297
5/3/08;0,208
6/3/08;-0,3929
7/3/08;-0,4144
10/3/08;-0,6166
11/3/08;1,0563
12/3/08;0,061
13/3/08;0,4939
14/3/08;-0,3164
17/3/08;-0,7403
18/3/08;0,7485
19/3/08;-1,241
20/3/08;0,0788
24/3/08;0,8785
25/3/08;0,4146
26/3/08;0,3184
27/3/08;-0,3887
28/3/08;0,1364
31/3/08;-0,132
1/4/08;0,3426
2/4/08;0
3/4/08;0
4/4/08;0
7/4/08;0
8/4/08;0
9/4/08;0
10/4/08;0
11/4/08;0
14/4/08;0
15/4/08;0
16/4/08;0
17/4/08;0
18/4/08;0
21/4/08;0
22/4/08;0
23/4/08;0
24/4/08;0
25/4/08;0
28/4/08;0
29/4/08;0
30/4/08;0
1/5/08;-0,0546
2/5/08;0,2643
5/5/08;0,3753
6/5/08;0,3607
7/5/08;-0,4026
8/5/08;0,2662
9/5/08;-0,1633
12/5/08;0,1934
13/5/08;0,2509
14/5/08;-0,3136
15/5/08;0,3248
16/5/08;0,3723
19/5/08;-0,0241
20/5/08;0,2478
21/5/08;-0,4737
22/5/08;-0,1885
23/5/08;-0,247
27/5/08;-0,1065
28/5/08;0,2977
29/5/08;-0,3804
30/5/08;0,2284
2/6/08;0,1418
3/6/08;-0,0154
4/6/08;-0,2167
5/6/08;0,7347
6/6/08;-0,2166
9/6/08;0,4138
10/6/08;-0,4862
11/6/08;-0,1098
12/6/08;-0,1832
13/6/08;0,4208
16/6/08;0,1424
17/6/08;0,3391
18/6/08;0,2426
19/6/08;-0,1684
20/6/08;-0,1953
23/6/08;0,4801
24/6/08;-0,2968
25/6/08;-0,2123
26/6/08;-0,4789
27/6/08;0,2138
30/6/08;0,0566
1/7/08;-0,1752
2/7/08;0
3/7/08;0
7/7/08;0
8/7/08;0
9/7/08;0
10/7/08;0
11/7/08;0
14/7/08;0
15/7/08;0
16/7/08;0
17/7/08;0
18/7/08;0
21/7/08;0
22/7/08;0
23/7/08;0
24/7/08;0
25/7/08;0
28/7/08;0
29/7/08;0
30/7/08;0
31/7/08;0
1/8/08;0
4/8/08;0
5/8/08;0
6/8/08;0
7/8/08;0
8/8/08;0
11/8/08;0
12/8/08;0
13/8/08;0
14/8/08;0
15/8/08;0
18/8/08;0
19/8/08;0
20/8/08;0
21/8/08;0
22/8/08;0
25/8/08;0
26/8/08;0
27/8/08;0
28/8/08;0
29/8/08;0
2/9/08;0
3/9/08;0
4/9/08;0
5/9/08;0
8/9/08;0
9/9/08;0
10/9/08;0
11/9/08;0
12/9/08;0
15/9/08;0
16/9/08;0
17/9/08;0
18/9/08;0
19/9/08;0
22/9/08;0
23/9/08;0
24/9/08;0
25/9/08;0
26/9/08;0
29/9/08;0
30/9/08;0
1/10/08;0
2/10/08;0
3/10/08;0
6/10/08;0
7/10/08;0
8/10/08;0
9/10/08;0
10/10/08;0
13/10/08;0
14/10/08;0
15/10/08;0
16/10/08;0
17/10/08;0
20/10/08;0
21/10/08;0
22/10/08;0
23/10/08;0
24/10/08;0
27/10/08;0
28/10/08;0
29/10/08;0
30/10/08;0
31/10/08;0
3/11/08;0
4/11/08;0
5/11/08;0
6/11/08;0
7/11/08;0
10/11/08;0
11/11/08;0
12/11/08;0
13/11/08;0
14/11/08;0
17/11/08;0
18/11/08;0
19/11/08;0
20/11/08;0
21/11/08;0
24/11/08;0
25/11/08;0
26/11/08;0
28/11/08;0
1/12/08;0
2/12/08;0
3/12/08;0
4/12/08;0
5/12/08;0
8/12/08;0
9/12/08;0
10/12/08;0
11/12/08;0
12/12/08;0
15/12/08;0
16/12/08;0
17/12/08;0
18/12/08;0
19/12/08;0
22/12/08;0
23/12/08;0
24/12/08;0
26/12/08;0
29/12/08;0
30/12/08;0
31/12/08;0
2/1/09;0,1196
5/1/09;0,0845
6/1/09;-0,171
7/1/09;0,0309
8/1/09;0,0697
9/1/09;-0,1611
12/1/09;-0,0693
13/1/09;-0,0443
14/1/09;-0,3179
15/1/09;0,4121
16/1/09;0,0981
20/1/09;-0,4429
21/1/09;0,2865
22/1/09;-0,1743
23/1/09;-0,207
26/1/09;-0,006
27/1/09;0,0575
28/1/09;0,2406
29/1/09;-0,0207
30/1/09;-0,1413
2/2/09;0,1755
3/2/09;0,3624
4/2/09;-0,1546
5/2/09;0,0085
6/2/09;0,2134
9/2/09;-0,0456
10/2/09;-0,5261
11/2/09;0,0761
12/2/09;0,1518
13/2/09;-0,1044
17/2/09;-0,3155
18/2/09;0,058
19/2/09;0,2491
20/2/09;0,0552
23/2/09;-0,3472
24/2/09;0,3147
25/2/09;-0,173
26/2/09;-0,3973
27/2/09;-0,1053
2/3/09;-0,4756
3/3/09;0,1271
4/3/09;0,269
5/3/09;-0,2062
6/3/09;0,071
9/3/09;-0,1448
10/3/09;0,6772
11/3/09;-0,1976
12/3/09;0,5641
13/3/09;0,0985
16/3/09;-0,4932
17/3/09;0,7434
18/3/09;0,0134
19/3/09;-0,0727
20/3/09;-0,1848
23/3/09;0,6248
24/3/09;-0,2895
25/3/09;0,1935
26/3/09;0,5174
27/3/09;-0,3613
30/3/09;-0,2273
31/3/09;-0,0072
1/4/09;-0,2998
2/4/09;0
3/4/09;0
6/4/09;0
7/4/09;0
8/4/09;0
9/4/09;0
13/4/09;0
14/4/09;0
15/4/09;0
16/4/09;0
17/4/09;0
20/4/09;0
21/4/09;0
22/4/09;0
23/4/09;0
24/4/09;0
27/4/09;0
28/4/09;0
29/4/09;0
30/4/09;0
1/5/09;-0,4719
4/5/09;1,0896
5/5/09;-0,4382
6/5/09;-0,8237
7/5/09;-0,615
8/5/09;-0,0084
11/5/09;-0,0084
12/5/09;-0,2863
13/5/09;-1,0457
14/5/09;0,4134
15/5/09;-0,1545
18/5/09;0,6548
19/5/09;0,0698
20/5/09;-0,5566
21/5/09;-0,6116
22/5/09;-0,2618
26/5/09;1,2184
27/5/09;-0,741
28/5/09;-0,409
29/5/09;0,3275
1/6/09;2,706
2/6/09;0,1346
3/6/09;-2,9219
4/6/09;1,2506
5/6/09;0,1013
8/6/09;-0,6615
9/6/09;0,8358
10/6/09;-0,8491
11/6/09;-0,0114
12/6/09;-1,645
15/6/09;-1,7495
16/6/09;-1,9713
17/6/09;-1,4743
18/6/09;0,8968
19/6/09;1,6905
22/6/09;-4,2587
23/6/09;-0,7794
24/6/09;0,9857
25/6/09;2,8326
26/6/09;0,6378
29/6/09;1,5418
30/6/09;-1,0781
1/7/09;0,8959
2/7/09;-3,5856
6/7/09;-0,0267
7/7/09;-3,12
8/7/09;1,8893
9/7/09;0,8157
10/7/09;0,1676
13/7/09;2,9081
14/7/09;1,3228
15/7/09;3,1244
16/7/09;0,9743
17/7/09;0,3439
20/7/09;2,1959
21/7/09;0,0331
22/7/09;1,3095
23/7/09;1,9469
24/7/09;1,1588
27/7/09;1,2192
28/7/09;0,0211
29/7/09;-0,4287
30/7/09;1,2509
31/7/09;0,3662
3/8/09;1,7644
4/8/09;0,0778
5/8/09;1,8652
6/8/09;-1,9952
7/8/09;2,6475
10/8/09;-1,4984
11/8/09;-1,0049
12/8/09;1,6647
13/8/09;1,696
14/8/09;-2,1199
17/8/09;-3,3576
18/8/09;2,526
19/8/09;0,3198
20/8/09;1,7551
21/8/09;2,5769
24/8/09;-1,4392
25/8/09;2,021
26/8/09;-0,0935
27/8/09;0,9297
28/8/09;1,2144
31/8/09;-1,1047
1/9/09;-5,3691
2/9/09;-1,0708
3/9/09;1,6197
4/9/09;2,1624
8/9/09;1,8112
9/9/09;1,4597
10/9/09;2,1155
11/9/09;-1,3416
14/9/09;1,3774
15/9/09;1,8086
16/9/09;2,879
17/9/09;-2,6131
18/9/09;-0,3075
21/9/09;-1,4127
22/9/09;2,0064
23/9/09;-1,8554
24/9/09;-2,7185
25/9/09;-1,0934
28/9/09;4,063
29/9/09;0,5367
30/9/09;-0,0043
1/10/09;-5,2157
2/10/09;-0,5388
5/10/09;3,7606
6/10/09;2,0886
7/10/09;0,5786
8/10/09;2,1252
9/10/09;1,0626
12/10/09;0,0875
13/10/09;-0,9635
14/10/09;3,1797
15/10/09;-0,3015
16/10/09;-2,3861
19/10/09;2,1309
20/10/09;-1,2171
21/10/09;-1,2931
22/10/09;2,5261
23/10/09;-2,0554
26/10/09;-1,3708
27/10/09;-3,6633
28/10/09;-4,0203
29/10/09;4,2307
30/10/09;-5,1745
2/11/09;0,1391
3/11/09;0,745
4/11/09;-0,247
5/11/09;1,37
6/11/09;1,0905
9/11/09;2,7831
10/11/09;0,8909
11/11/09;0,6993
12/11/09;-1,0054
13/11/09;0,6568
16/11/09;1,245
17/11/09;0,4953
18/11/09;-0,9047
19/11/09;-2,0743
20/11/09;-0,6738
23/11/09;1,7076
24/11/09;-0,6044
25/11/09;1,1969
27/11/09;-2,3235
30/11/09;0,3617
1/12/09;1,1868
2/12/09;1,4452
3/12/09;0,35
4/12/09;0,543
7/12/09;-0,1026
8/12/09;-0,6855
9/12/09;0,7867
10/12/09;-0,0389
11/12/09;-0,1646
14/12/09;1,4265
15/12/09;-0,3407
16/12/09;1,756
17/12/09;-1,3457
18/12/09;0,7801
21/12/09;1,3671
22/12/09;0,3131
23/12/09;1,4395
24/12/09;0,6244
28/12/09;-0,2707
29/12/09;-0,6981
30/12/09;0,0038
31/12/09;-0,9901
4/1/10;2,34
5/1/10;3,3153
6/1/10;0,3187
7/1/10;1,1656
8/1/10;0,2721
11/1/10;0,4246
12/1/10;-2,34
13/1/10;2,2129
14/1/10;0,6238
15/1/10;-2,2336
19/1/10;0,7633
20/1/10;-1,6735
21/1/10;-1,6656
22/1/10;-3,5411
25/1/10;1,5667
26/1/10;0,2149
27/1/10;0,9324
28/1/10;-1,8867
29/1/10;-1,3694
1/2/10;1,8892
2/2/10;2,4216
3/2/10;-0,9852
4/2/10;-5,0062
5/2/10;0,0144
8/2/10;-0,8897
9/2/10;1,7603
10/2/10;0,0805
11/2/10;1,7669
12/2/10;0,3112
16/2/10;2,59
17/2/10;0,6917
18/2/10;0,8934
19/2/10;0,1807
22/2/10;0,8088
23/2/10;-1,8966
24/2/10;1,0089
25/2/10;-0,201
26/2/10;1,1144
1/3/10;2,3918
2/3/10;0,1471
3/3/10;-0,8091
4/3/10;0,3023
5/3/10;1,9254
8/3/10;-0,495
9/3/10;0,2112
10/3/10;0,7133
11/3/10;0,1852
12/3/10;0,788
15/3/10;-0,32
16/3/10;0,7654
17/3/10;0,8271
18/3/10;-0,5646
19/3/10;-1,5296
22/3/10;2,2472
23/3/10;1,6759
24/3/10;0,3347
25/3/10;-1,25
26/3/10;0,7396
29/3/10;0,667
30/3/10;-0,7686
31/3/10;0,0394
1/4/10;1,2128
5/4/10;2,4129
6/4/10;-1,1922
7/4/10;-1,122
8/4/10;0,2905
9/4/10;0,2517
12/4/10;0,2387
13/4/10;-0,5303
14/4/10;2,541
15/4/10;-0,3308
16/4/10;-2,9147
19/4/10;-0,5234
20/4/10;1,5201
21/4/10;0,1291
22/4/10;1,2008
23/4/10;1,7389
26/4/10;0,0475
27/4/10;-5,928
28/4/10;0,2934
29/4/10;-0,2014
30/4/10;-4,6779
3/5/10;2,2704
4/5/10;-3,052
5/5/10;-1,1514
6/5/10;-3,793
7/5/10;-2,438
10/5/10;6,4437
11/5/10;0,3837
12/5/10;2,5885
13/5/10;-1,9283
14/5/10;-3,118
17/5/10;0,181
18/5/10;-2,3142
19/5/10;-1,2061
20/5/10;-4,5078
21/5/10;3,0878
24/5/10;-1,222
25/5/10;0,874
26/5/10;0,6386
27/5/10;5,5908
28/5/10;-1,6407
1/6/10;-2,02
2/6/10;2,0668
3/6/10;0,6224
4/6/10;-2,9974
7/6/10;-1,3469
8/6/10;0,52
9/6/10;0,2819
10/6/10;2,6739
11/6/10;0,8225
14/6/10;0,4563
15/6/10;1,8057
16/6/10;-0,2262
17/6/10;-0,1932
18/6/10;-0,008
21/6/10;-0,0063
22/6/10;-1,5518
23/6/10;0,0328
24/6/10;-1,7437
25/6/10;0,7845
28/6/10;-0,5771
29/6/10;-3,7702
30/6/10;-0,919
1/7/10;-0,0056
2/7/10;-0,3371
6/7/10;0,0592
7/7/10;1,1514
8/7/10;0,1435
9/7/10;0,1351
12/7/10;0,1336
13/7/10;0,5198
14/7/10;-0,1478
15/7/10;-0,1054
16/7/10;-0,9012
19/7/10;0,0194
20/7/10;0,2607
21/7/10;-0,2353
22/7/10;0,6675
23/7/10;0,2006
26/7/10;0,5037
27/7/10;0,1331
28/7/10;-0,245
29/7/10;-0,3077
30/7/10;-0,0454
2/8/10;1,1869
3/8/10;-0,4229
4/8/10;0,744
5/8/10;-0,4273
6/8/10;-0,051
9/8/10;1,3758
10/8/10;-0,59
11/8/10;-4,1461
12/8/10;-0,39
13/8/10;-0,3683
16/8/10;0,4554
17/8/10;2,2187
18/8/10;0,6497
19/8/10;-2,1564
20/8/10;2,0272
23/8/10;-2,063
24/8/10;-2,4166
25/8/10;0,4228
26/8/10;-1,92
27/8/10;2,2565
30/8/10;-2,2234
31/8/10;0,2455
1/9/10;4,0011
2/9/10;1,6702
3/9/10;0,6067
7/9/10;-0,4131
8/9/10;0,8248
9/9/10;-0,5318
10/9/10;0,1906
13/9/10;1,4824
14/9/10;0,1032
15/9/10;0,1232
16/9/10;0,2894
17/9/10;0,1966
20/9/10;1,9541
21/9/10;-0,4679
22/9/10;-0,9279
23/9/10;0,1297
24/9/10;1,4484
27/9/10;-0,0983
28/9/10;0,2537
29/9/10;0,0242
30/9/10;-0,8342
1/10/10;-1,0846
4/10/10;-1,4768
5/10/10;3,3662
6/10/10;-4,3014
7/10/10;-0,2549
8/10/10;0,7507
11/10/10;-1,5221
12/10/10;1,233
13/10/10;1,0258
14/10/10;-0,4183
15/10/10;0,6174
18/10/10;-0,2174
19/10/10;-2,0538
20/10/10;0,8642
21/10/10;0,4875
22/10/10;2,1688
25/10/10;1,6004
26/10/10;-0,9222
27/10/10;1,2749
28/10/10;-0,7892
29/10/10;0,3093
1/11/10;-0,326
2/11/10;1,4782
3/11/10;0,5024
4/11/10;1,6254
5/11/10;0,4533
8/11/10;0,6335
9/11/10;-0,3408
10/11/10;0,9219
11/11/10;-0,3403
12/11/10;-1,5125
15/11/10;-1,1482
16/11/10;-2,4754
17/11/10;0,5907
18/11/10;2,6551
19/11/10;1,4644
22/11/10;0,6202
23/11/10;-1,9758
24/11/10;2,2459
26/11/10;-0,1585
29/11/10;-0,7011
30/11/10;-0,817
1/12/10;2,3669
2/12/10;0,2195
3/12/10;0,9162
6/12/10;0,3366
7/12/10;-0,0504
8/12/10;-0,0611
9/12/10;0,0814
10/12/10;0,174
13/12/10;-0,5927
14/12/10;-0,9776
15/12/10;-1,0764
16/12/10;0,9909
17/12/10;0,2722
20/12/10;0,4342
21/12/10;1,5335
22/12/10;-0,7755
23/12/10;-0,4362
27/12/10;0,2519
28/12/10;-0,7105
29/12/10;0,1904
30/12/10;-0,0997
31/12/10;-0,4752
3/1/11;1,9018
4/1/11;-0,0788
5/1/11;2,1483
6/1/11;-1,7869
7/1/11;0,3013
10/1/11;-0,1212
11/1/11;0,2126
12/1/11;0,1786
13/1/11;-0,1839
14/1/11;0,0348
18/1/11;0,0778
19/1/11;-2,1601
20/1/11;-1,6746
21/1/11;-0,7476
24/1/11;-0,0369
25/1/11;-0,1345
26/1/11;1,885
27/1/11;0,227
28/1/11;-2,0769
31/1/11;1,1869
1/2/11;2,6313
2/2/11;-0,1448
3/2/11;0,0867
4/2/11;0,4957
7/2/11;0,3446
8/2/11;0,2882
9/2/11;0,4452
10/2/11;1,2039
11/2/11;1,6246
14/2/11;1,5583
15/2/11;-0,7714
16/2/11;1,1122
17/2/11;-0,1512
18/2/11;-0,7648
22/2/11;-3,2197
23/2/11;-1,8906
24/2/11;2,0899
25/2/11;1,7141
28/2/11;-0,2564
1/3/11;-2,4733
2/3/11;0,909
3/3/11;2,672
4/3/11;-0,1855
7/3/11;-1,781
8/3/11;-0,902
9/3/11;-0,6938
10/3/11;-2,1896
11/3/11;2,373
14/3/11;0,5005
15/3/11;-0,4456
16/3/11;-1,6372
17/3/11;2,5301
18/3/11;-0,8897
21/3/11;3,4914
22/3/11;0,0251
23/3/11;1,1759
24/3/11;1,3129
25/3/11;0,4043
28/3/11;0,1792
29/3/11;1,4944
30/3/11;0,6635
31/3/11;-0,417
1/4/11;1,155
4/4/11;0,5121
5/4/11;-0,0248
6/4/11;-1,7828
7/4/11;-0,0081
8/4/11;-0,1153
11/4/11;-0,5225
12/4/11;-1,4758
13/4/11;1,3042
14/4/11;-0,0561
15/4/11;0,6568
18/4/11;-1,0647
19/4/11;1,5955
20/4/11;1,3389
21/4/11;0,94
25/4/11;0,193
26/4/11;-1,2489
27/4/11;0,0062
28/4/11;-0,9552
29/4/11;0,3637
2/5/11;-1,3997
3/5/11;-0,7948
4/5/11;-1,4137
5/5/11;-0,6901
6/5/11;-0,3035
9/5/11;2,2966
10/5/11;0,8622
11/5/11;-2,4246
12/5/11;0,323
13/5/11;-1,3229
16/5/11;-1,051
17/5/11;0,5891
18/5/11;2,9034
19/5/11;-0,9857
20/5/11;-0,5637
23/5/11;-1,4442
24/5/11;-0,0108
25/5/11;2,3632
26/5/11;1,2139
27/5/11;-0,1509
31/5/11;0,8955
1/6/11;-1,988
2/6/11;0,4763
3/6/11;-1,1086
6/6/11;-2,1415
7/6/11;0,1136
8/6/11;-1,2952
9/6/11;0,5408
10/6/11;-1,9444
13/6/11;-0,8203
14/6/11;1,4541
15/6/11;-2,0468
16/6/11;-1,8128
17/6/11;-0,0856
20/6/11;0,714
21/6/11;2,9683
22/6/11;-1,1748
23/6/11;1,2828
24/6/11;-0,9207
27/6/11;1,1421
28/6/11;1,665
29/6/11;0,3817
30/6/11;-0,1128
1/7/11;1,7729
5/7/11;0,8179
6/7/11;0,0189
7/7/11;0,4991
8/7/11;-0,1001
11/7/11;-1,7921
12/7/11;-0,6496
13/7/11;0,9328
14/7/11;-1,4224
15/7/11;0,9791
18/7/11;-0,7367
19/7/11;2,1094
20/7/11;-0,7642
21/7/11;0,1757
22/7/11;0,5496
25/7/11;-0,4948
26/7/11;-0,4243
27/7/11;-2,0193
28/7/11;0,5433
29/7/11;-0,7223
1/8/11;0,6084
2/8/11;-2,0111
3/8/11;0,193
4/8/11;-2,8504
5/8/11;0,0488
8/8/11;-4,0344
9/8/11;2,8141
10/8/11;-0,8078
11/8/11;2,1997
12/8/11;0,8062
15/8/11;0,5994
16/8/11;-1,0134
17/8/11;-0,6821
18/8/11;-2,7815
19/8/11;-0,684
22/8/11;-0,2444
23/8/11;2,3945
24/8/11;0,5327
25/8/11;-0,6959
26/8/11;1,7732
29/8/11;1,611
30/8/11;0,8645
31/8/11;0,0854
1/9/11;-0,1897
2/9/11;-0,2941
6/9/11;0,2846
7/9/11;0,1905
8/9/11;-0,0683
9/9/11;-0,4462
12/9/11;0,1804
13/9/11;0,2336
14/9/11;0,2724
15/9/11;0,0915
16/9/11;0,0009
19/9/11;0,3719
20/9/11;-0,0951
21/9/11;-0,3969
22/9/11;-0,6057
23/9/11;0,107
26/9/11;0,442
27/9/11;-0,0012
28/9/11;-0,3411
29/9/11;-0,4524
30/9/11;-0,5706
3/10/11;-1,1692
4/10/11;0,7938
5/10/11;0,7946
6/10/11;0,3772
7/10/11;-0,0587
10/10/11;0,8911
11/10/11;-0,0335
12/10/11;-0,3716
13/10/11;0,2447
14/10/11;0,3852
17/10/11;-0,9414
18/10/11;0,1869
19/10/11;-0,5997
20/10/11;0,1281
21/10/11;0,612
24/10/11;0,8436
25/10/11;-1,1453
26/10/11;0,2572
27/10/11;0,6469
28/10/11;0,0889
31/10/11;-0,7167
1/11/11;-0,4594
2/11/11;0,545
3/11/11;0,3702
4/11/11;-0,0824
7/11/11;-0,0681
8/11/11;0,1239
9/11/11;-0,921
10/11/11;0,5399
11/11/11;0,5782
14/11/11;-0,0418
15/11/11;0,1161
16/11/11;-0,6051
17/11/11;-0,501
18/11/11;-0,0761
21/11/11;-0,3947
22/11/11;0,3263
23/11/11;-0,7274
25/11/11;-0,103
28/11/11;1,1298
29/11/11;0,2225
30/11/11;1,1618
1/12/11;-0,0161
2/12/11;-0,248
5/12/11;-0,1559
6/12/11;-0,0295
7/12/11;-0,4042
8/12/11;-0,376
9/12/11;0,4271
12/12/11;-0,6068
13/12/11;-0,4225
14/12/11;-0,5027
15/12/11;-0,0208
16/12/11;0,3438
19/12/11;-0,0775
20/12/11;0,8385
21/12/11;-0,0639
22/12/11;0,0294
23/12/11;0,352
27/12/11;0,2659
28/12/11;-0,3349
29/12/11;0,2317
30/12/11;-0,1765
3/1/12;0,1043
4/1/12;0,3245
5/1/12;0,2245
6/1/12;-0,1838
9/1/12;-0,0927
10/1/12;-0,0502
11/1/12;-0,4586
12/1/12;0,1036
13/1/12;0,0314
17/1/12;0,3525
18/1/12;0,1577
19/1/12;-0,2181
20/1/12;-0,5035
23/1/12;0,2059
24/1/12;0,0325
25/1/12;0,4076
26/1/12;-0,2677
27/1/12;0,1303
30/1/12;-0,0895
31/1/12;0,1823
1/2/12;1,5127
2/2/12;0,1058
3/2/12;1,3682
6/2/12;-0,2237
7/2/12;0,2619
8/2/12;-0,2369
9/2/12;1,0558
10/2/12;-1,2453
13/2/12;1,1892
14/2/12;0,6983
15/2/12;-1,382
16/2/12;0,5126
17/2/12;-0,5821
21/2/12;-0,3058
22/2/12;0,2955
23/2/12;1,0856
24/2/12;-0,0618
27/2/12;0,1226
28/2/12;0,8279
29/2/12;-0,5209
1/3/12;0,7397
2/3/12;-0,0091
5/3/12;-0,0938
6/3/12;-1,7287
7/3/12;1,0089
8/3/12;1,3547
9/3/12;0,7868
12/3/12;0,1483
13/3/12;1,3154
14/3/12;-0,3568
15/3/12;-0,2244
16/3/12;-0,1382
19/3/12;0,4411
20/3/12;0,5144
21/3/12;0,6969
22/3/12;0,1589
23/3/12;0,0065
26/3/12;1,0163
27/3/12;-0,0079
28/3/12;-0,5375
29/3/12;-0,0809
30/3/12;-0,5301
2/4/12;1,0462
3/4/12;0,1457
4/4/12;-1,2142
5/4/12;-0,1897
9/4/12;-0,5989
10/4/12;-2,9006
11/4/12;1,6615
12/4/12;0,9573
13/4/12;-0,447
16/4/12;-0,4757
17/4/12;1,1683
18/4/12;0,2842
19/4/12;-0,7729
20/4/12;0,2452
23/4/12;-0,9386
24/4/12;-0,3728
25/4/12;2,578
26/4/12;1,766
27/4/12;0,5691
30/4/12;-0,5483
1/5/12;1,1482
2/5/12;0,7761
3/5/12;-1,378
4/5/12;-1,6248
7/5/12;0,3439
8/5/12;-1,2234
9/5/12;0,1758
10/5/12;0,3811
11/5/12;0,2202
14/5/12;-0,9817
15/5/12;0,2341
16/5/12;-0,6165
17/5/12;-4,0503
18/5/12;-1,434
21/5/12;3,291
22/5/12;0,2896
23/5/12;1,0695
24/5/12;0,2803
25/5/12;-0,458
29/5/12;0,4513
30/5/12;-1,4389
31/5/12;-0,2562
1/6/12;-3,0448
4/6/12;-0,0894
5/6/12;0,7942
6/6/12;1,0455
7/6/12;-0,1583
8/6/12;0,9165
11/6/12;-0,9137
12/6/12;0,8812
13/6/12;-0,9018
14/6/12;0,6643
15/6/12;0,9207
18/6/12;0,7035
19/6/12;0,1324
20/6/12;-0,3473
21/6/12;-1,162
22/6/12;0,3887
25/6/12;-0,7511
26/6/12;0,7988
27/6/12;0,1584
28/6/12;-1,0043
29/6/12;1,9076
2/7/12;1,2767
3/7/12;0,0151
5/7/12;0,4836
6/7/12;-0,3761
9/7/12;-0,5451
10/7/12;-1,5633
11/7/12;-1,4242
12/7/12;0,3185
13/7/12;1,0308
16/7/12;-0,702
17/7/12;0,6056
18/7/12;-0,2887
19/7/12;-0,4877
20/7/12;-0,4046
23/7/12;0,0686
24/7/12;-1,2518
25/7/12;-0,6213
26/7/12;4,3734
27/7/12;2,4668
30/7/12;-0,7652
31/7/12;-0,6894
1/8/12;-0,8781
2/8/12;1,4587
3/8/12;1,5508
6/8/12;0,4605
7/8/12;0,8471
8/8/12;0,4099
9/8/12;0,807
10/8/12;-0,2331
13/8/12;0,1703
14/8/12;-0,0583
15/8/12;0,6097
16/8/12;0,7258
17/8/12;0,6479
20/8/12;-0,984
21/8/12;-0,8356
22/8/12;1,2071
23/8/12;-0,7785
24/8/12;1,3861
27/8/12;-0,7126
28/8/12;0,2447
29/8/12;0,1087
30/8/12;-0,8881
31/8/12;0,416
4/9/12;0,4906
5/9/12;0,3314
6/9/12;1,8037
7/9/12;0,0636
10/9/12;-0,9994
11/9/12;0,1381
12/9/12;1,7428
13/9/12;1,8416
14/9/12;1,3249
17/9/12;-0,9623
18/9/12;-0,7852
19/9/12;2,4968
20/9/12;0,6472
21/9/12;1,6606
24/9/12;-0,4979
25/9/12;-1,7344
26/9/12;-2,1075
27/9/12;1,7325
28/9/12;-0,882
1/10/12;-0,9984
2/10/12;-0,18
3/10/12;3,2783
4/10/12;0,484
5/10/12;-0,1876
8/10/12;-1,6409
9/10/12;-2,0947
10/10/12;-0,3344
11/10/12;0,2734
12/10/12;-0,6002
15/10/12;1,6593
16/10/12;0,5661
17/10/12;1,6064
18/10/12;0,4759
19/10/12;-1,0019
22/10/12;-0,0547
23/10/12;-1,589
24/10/12;0,3443
25/10/12;-1,6434
26/10/12;1,3021
31/10/12;0,323
1/11/12;1,2266
2/11/12;-1,4371
5/11/12;1,426
6/11/12;0,7626
7/11/12;-1,296
8/11/12;-1,587
9/11/12;-0,8953
12/11/12;-0,9095
13/11/12;-0,5534
14/11/12;-2,5933
15/11/12;-0,2036
16/11/12;2,0756
19/11/12;1,5734
20/11/12;1,9689
21/11/12;0,4883
23/11/12;1,1506
26/11/12;-0,4122
27/11/12;-0,1265
28/11/12;0,7301
29/11/12;-0,0987
30/11/12;-0,2149
3/12/12;-0,434
4/12/12;-0,787
5/12/12;-1,2781
6/12/12;-0,0449
7/12/12;0,4627
10/12/12;-0,2388
11/12/12;0,6237
12/12/12;0,9848
13/12/12;-0,445
14/12/12;0,2138
17/12/12;1,9378
18/12/12;0,9923
19/12/12;-0,9049
20/12/12;0,2196
21/12/12;-1,2662
24/12/12;-0,1396
26/12/12;-0,9391
27/12/12;0,796
28/12/12;-1,0185
31/12/12;2,2791
2/1/13;2,8764
3/1/13;-0,6614
4/1/13;0,7082
7/1/13;-0,4709
8/1/13;0,3263
9/1/13;-0,4891
10/1/13;0,2137
11/1/13;-0,2073
14/1/13;-0,3295
15/1/13;1,022
16/1/13;0,2595
17/1/13;2,0364
18/1/13;-0,4236
22/1/13;0,5065
23/1/13;1,0247
24/1/13;0,8061
25/1/13;1,5133
28/1/13;-1,0737
29/1/13;1,5341
30/1/13;-0,2781
31/1/13;-1,0653
1/2/13;0,8871
4/2/13;-1,3108
5/2/13;1,0458
6/2/13;-0,2799
7/2/13;-0,021
8/2/13;1,1914
11/2/13;-0,4463
12/2/13;1,2151
13/2/13;0,4027
14/2/13;0,7741
15/2/13;-0,2257
19/2/13;0,4846
20/2/13;-4,1947
21/2/13;0,5078
22/2/13;1,316
25/2/13;-3,0794
26/2/13;2,1135
27/2/13;1,9654
28/2/13;0,0124
1/3/13;0,9073
4/3/13;1,178
5/3/13;0,6404
6/3/13;-0,3024
7/3/13;0,647
8/3/13;0,5996
11/3/13;-0,446
12/3/13;0,2166
13/3/13;-0,5483
14/3/13;1,3529
15/3/13;-0,1688
18/3/13;0,4364
19/3/13;-0,0721
20/3/13;1,5449
21/3/13;-0,7925
22/3/13;0,5393
25/3/13;-0,2169
26/3/13;0,5984
27/3/13;-0,0757
28/3/13;0,4713
1/4/13;-0,6592
2/4/13;-1,1879
3/4/13;-3,575
4/4/13;0,1532
5/4/13;-0,075
8/4/13;1,1934
9/4/13;0,1474
10/4/13;-0,4927
11/4/13;-0,2577
12/4/13;-0,9502
15/4/13;-2,4862
16/4/13;2,1862
17/4/13;-2,0286
18/4/13;-0,5346
19/4/13;1,7974
22/4/13;0,6451
23/4/13;2,1489
24/4/13;0,148
25/4/13;0,5894
26/4/13;0,5084
29/4/13;0,5562
30/4/13;-0,3585
1/5/13;-1,6912
2/5/13;2,5042
3/5/13;1,6585
6/5/13;1,004
7/5/13;0,3251
8/5/13;-0,4177
9/5/13;-0,5748
10/5/13;0,2626
13/5/13;0,3272
14/5/13;1,8208
15/5/13;-0,1347
16/5/13;-0,8201
17/5/13;1,8812
20/5/13;-0,0537
21/5/13;-0,5911
22/5/13;-1,2055
23/5/13;0,1841
24/5/13;-0,4007
28/5/13;1,0519
29/5/13;-0,7689
30/5/13;0,9809
31/5/13;-1,0831
3/6/13;-0,7316
4/6/13;-0,8708
5/6/13;-1,3672
6/6/13;2,1308
7/6/13;1,2417
10/6/13;-0,0416
11/6/13;-0,9145
12/6/13;-1,485
13/6/13;1,6508
14/6/13;-0,4507
17/6/13;0,6346
18/6/13;1,2108
19/6/13;-1,2174
20/6/13;-2,6109
21/6/13;-0,9909
24/6/13;-0,8181
25/6/13;1,2915
26/6/13;1,3874
27/6/13;1,0021
28/6/13;-0,5604
1/7/13;1,1534
2/7/13;-0,2102
3/7/13;-0,5354
5/7/13;0,8966
8/7/13;0,135
9/7/13;0,0716
10/7/13;-0,3752
11/7/13;0,3459
12/7/13;0,8262
15/7/13;0,1875
16/7/13;0,3169
17/7/13;0,054
18/7/13;0,4504
19/7/13;-0,0904
22/7/13;0,1373
23/7/13;-0,6634
24/7/13;0,0353
25/7/13;1,4437
26/7/13;0,6518
29/7/13;-0,3155
30/7/13;0,2305
31/7/13;0,5415
1/8/13;1,1414
2/8/13;-0,0293
5/8/13;0,8165
6/8/13;-0,9524
7/8/13;-1,2701
8/8/13;0,7522
9/8/13;0,3256
12/8/13;-0,0665
13/8/13;0,7075
14/8/13;-1,2134
15/8/13;-2,7766
16/8/13;0,3534
19/8/13;-0,9896
20/8/13;1,8454
21/8/13;-0,3087
22/8/13;2,3159
23/8/13;0,3937
26/8/13;0,7207
27/8/13;-3,4938
28/8/13;1,3098
29/8/13;1,4777
30/8/13;-1,1482
3/9/13;1,5304
4/9/13;1,2208
5/9/13;0,9496
6/9/13;-0,6971
9/9/13;1,1831
10/9/13;0,9288
11/9/13;-0,1782
12/9/13;-0,5823
13/9/13;0,4963
16/9/13;0,1427
17/9/13;0,2772
18/9/13;0,3735
19/9/13;-0,1697
20/9/13;-0,5325
23/9/13;-1,0835
24/9/13;0,5546
25/9/13;0,0519
26/9/13;0,9607
27/9/13;-0,0873
30/9/13;-0,365
1/10/13;1,9678
2/10/13;-0,3241
3/10/13;-1,001
4/10/13;1,5416
7/10/13;-1,7664
8/10/13;-3,5712
9/10/13;-0,9244
10/10/13;3,1853
11/10/13;-1,1113
14/10/13;1,9407
15/10/13;-0,9789
16/10/13;1,8739
17/10/13;0,2937
18/10/13;0,7593
21/10/13;0,1307
22/10/13;-0,3706
23/10/13;-0,6187
24/10/13;-0,0857
25/10/13;-0,2953
28/10/13;-0,5975
29/10/13;1,7809
30/10/13;-0,9854
31/10/13;0,6827
1/11/13;1,016
4/11/13;1,4246
5/11/13;0,4415
6/11/13;-1,4785
7/11/13;-1,906
8/11/13;1,6678
11/11/13;1,1152
12/11/13;0,414
13/11/13;1,0255
14/11/13;0,5567
15/11/13;0,062
18/11/13;-0,958
19/11/13;-1,3108
20/11/13;-0,4751
21/11/13;0,9532
22/11/13;0,6063
25/11/13;-0,5591
26/11/13;0,1084
27/11/13;0,8357
29/11/13;-0,1016
2/12/13;0,0448
3/12/13;-0,6929
4/12/13;-0,151
5/12/13;-0,6485
6/12/13;0,6966
9/12/13;0,5021
10/12/13;0,3525
11/12/13;-2,2947
12/12/13;0,3227
13/12/13;0,4981
16/12/13;0,1381
17/12/13;-0,1884
18/12/13;0,3422
19/12/13;0,2309
20/12/13;-0,038
23/12/13;0,4822
24/12/13;-0,0003
26/12/13;0,5867
27/12/13;-1,5306
30/12/13;-0,1737
31/12/13;0,623
2/1/14;-0,2001
3/1/14;-0,6179
6/1/14;-0,3764
7/1/14;1,0062
8/1/14;2,2324
9/1/14;-0,6838
10/1/14;1,1784
13/1/14;-2,4912
14/1/14;2,8931
15/1/14;-0,2263
16/1/14;-2,0094
17/1/14;-1,6425
21/1/14;1,3478
22/1/14;1,148
23/1/14;0,1901
24/1/14;-2,5513
27/1/14;-1,3354
28/1/14;2,7694
29/1/14;-2,3207
30/1/14;4,768
31/1/14;0,1263
3/2/14;-2,4573
4/2/14;1,2815
5/2/14;-0,4678
6/2/14;1,5375
7/2/14;2,5904
10/2/14;0,7773
11/2/14;0,7808
12/2/14;-0,2122
13/2/14;1,778
14/2/14;0,1018
18/2/14;1,3312
19/2/14;-0,4831
20/2/14;2,3637
21/2/14;-0,6455
24/2/14;1,5179
25/2/14;1,5154
26/2/14;-0,0094
27/2/14;0,0326
28/2/14;-1,0852
3/3/14;-0,0848
4/3/14;2,8028
5/3/14;-0,158
6/3/14;-0,4572
7/3/14;-0,9458
10/3/14;-0,4506
11/3/14;-0,9562
12/3/14;0,8889
13/3/14;-2,0235
14/3/14;-0,1429
17/3/14;0,4018
18/3/14;1,5542
19/3/14;-0,8752
20/3/14;0,2722
21/3/14;-2,0102
24/3/14;-2,3571
25/3/14;-0,5211
26/3/14;-2,5152
27/3/14;-1,02
28/3/14;0,1019
31/3/14;1,6777
1/4/14;2,9767
2/4/14;1,0711
3/4/14;-2,1619
4/4/14;-4,7021
7/4/14;-2,4624
8/4/14;2,152
9/4/14;2,9118
10/4/14;-4,2118
11/4/14;-1,4734
14/4/14;0,0713
15/4/14;1,0685
16/4/14;2,1123
17/4/14;1,0534
21/4/14;2,5036
22/4/14;2,8048
23/4/14;-0,0354
24/4/14;0,5892
25/4/14;-3,0943
28/4/14;-1,8179
29/4/14;1,6935
30/4/14;1,8323
1/5/14;0,5102
2/5/14;0,6442
5/5/14;0,22
6/5/14;-1,003
7/5/14;-0,2128
8/5/14;-0,3642
9/5/14;-0,154
12/5/14;2,4011
13/5/14;-0,1242
14/5/14;-1,4102
15/5/14;-1,4282
16/5/14;0,1676
19/5/14;1,5318
20/5/14;-0,8302
21/5/14;1,4081
22/5/14;0,5712
23/5/14;1,0165
27/5/14;0,9314
28/5/14;0,0102
29/5/14;0,4638
30/5/14;0,0427
2/6/14;0,6453
3/6/14;0,2799
4/6/14;0,3708
5/6/14;0,2043
6/6/14;0,9215
9/6/14;-0,2215
10/6/14;0,7477
11/6/14;0,6063
12/6/14;-2,0255
13/6/14;0,416
16/6/14;0,0749
17/6/14;1,0036
18/6/14;0,3098
19/6/14;0,178
20/6/14;0,8113
23/6/14;-0,8248
24/6/14;0,1104
25/6/14;0,9528
26/6/14;-0,1179
27/6/14;0,2061
30/6/14;0,9507
1/7/14;1,6723
2/7/14;-0,6161
3/7/14;0,4552
7/7/14;-1,9583
8/7/14;-1,0657
9/7/14;1,105
10/7/14;-0,5022
11/7/14;0,6236
14/7/14;0,7904
15/7/14;-0,4522
16/7/14;1,1354
17/7/14;-2,4045
18/7/14;1,4638
21/7/14;0,3156
22/7/14;0,975
23/7/14;0,508
24/7/14;-0,751
25/7/14;-0,738
28/7/14;-0,95
29/7/14;-0,2458
30/7/14;0,2905
31/7/14;-3,192
1/8/14;0,4539
4/8/14;0,7865
5/8/14;-1,4258
6/8/14;-0,254
7/8/14;-1,5231
8/8/14;1,3455
11/8/14;0,4529
12/8/14;-0,2472
13/8/14;1,2168
14/8/14;0,0883
15/8/14;0,4388
18/8/14;1,1149
19/8/14;0,594
20/8/14;1,0741
21/8/14;-0,267
22/8/14;0,9862
25/8/14;0,4608
26/8/14;0,2643
27/8/14;0,0712
28/8/14;-0,3769
29/8/14;0,4511
2/9/14;0,4388
3/9/14;-0,1604
4/9/14;0,2582
5/9/14;0,9044
8/9/14;-0,3116
9/9/14;-1,3494
10/9/14;0,7724
11/9/14;-0,0788
12/9/14;-1,1056
15/9/14;-1,9779
16/9/14;1,8718
17/9/14;0,7414
18/9/14;0,9357
19/9/14;-1,4623
22/9/14;-2,0322
23/9/14;0,0765
24/9/14;1,7656
25/9/14;-1,9422
26/9/14;2,3911
29/9/14;0,048
30/9/14;-0,6384
1/10/14;-1,1964
2/10/14;0,1179
3/10/14;0,9547
6/10/14;-0,5819
7/10/14;-0,5738
8/10/14;0,8268
9/10/14;-1,7471
10/10/14;-3,2054
13/10/14;-1,8169
14/10/14;0,7481
15/10/14;0,1577
16/10/14;0,7016
17/10/14;1,0523
20/10/14;1,4098
21/10/14;2,3879
22/10/14;-0,8865
23/10/14;0,1615
24/10/14;0,8629
27/10/14;0,3309
28/10/14;1,1087
29/10/14;-0,1249
30/10/14;-0,2232
31/10/14;1,4291
3/11/14;0,608
4/11/14;-0,1256
5/11/14;-0,1511
6/11/14;1,1815
7/11/14;-0,3961
10/11/14;0,9328
11/11/14;0,1503
12/11/14;0,0669
13/11/14;-0,3369
14/11/14;0,1243
17/11/14;0,6241
18/11/14;1,616
19/11/14;-1,0363
20/11/14;-0,7194
21/11/14;-0,3177
24/11/14;0,9209
25/11/14;0,2974
26/11/14;1,009
28/11/14;0,7427
1/12/14;-1,7275
2/12/14;0,5588
3/12/14;0,6985
4/12/14;1,0808
5/12/14;0,0536
8/12/14;-0,1459
9/12/14;-0,1248
10/12/14;-0,933
11/12/14;0,9081
12/12/14;-1,3838
15/12/14;-0,5469
16/12/14;-1,2395
17/12/14;1,7592
18/12/14;2,09
19/12/14;0,1021
22/12/14;0,6144
23/12/14;-0,6182
24/12/14;0,3118
26/12/14;0,276
29/12/14;0,0437
30/12/14;-0,4038
31/12/14;-0,4958
2/1/15;0,2646
5/1/15;-0,6768
6/1/15;-0,804
7/1/15;1,5612
8/1/15;1,4818
9/1/15;-0,5185
12/1/15;-0,4866
13/1/15;-0,0711
14/1/15;-0,1121
15/1/15;-1,212
16/1/15;1,2463
20/1/15;0,2304
21/1/15;0,5607
22/1/15;1,4714
23/1/15;0,2887
26/1/15;0,366
27/1/15;-0,6329
28/1/15;0,5488
29/1/15;0,503
30/1/15;-1,6732
2/2/15;0,0233
3/2/15;-0,4175
4/2/15;0,9727
5/2/15;0,95
6/2/15;-0,7567
9/2/15;-0,9543
10/2/15;1,2638
11/2/15;-0,0734
12/2/15;0,3261
13/2/15;0,4447
17/2/15;0,1661
18/2/15;0,6827
19/2/15;0,1336
20/2/15;1,0273
23/2/15;0,1126
24/2/15;0,0989
25/2/15;-0,3718
26/2/15;1,5947
27/2/15;0,0193
2/3/15;0,7608
3/3/15;-0,4793
4/3/15;-0,0336
5/3/15;0,4661
6/3/15;-1,6956
9/3/15;0,2644
10/3/15;-1,1866
11/3/15;0,3587
12/3/15;0,9564
13/3/15;-0,4781
16/3/15;2,6799
17/3/15;-0,2984
18/3/15;0,9342
19/3/15;0,8756
20/3/15;0,2832
23/3/15;-0,6507
24/3/15;-0,2945
25/3/15;-2,4521
26/3/15;-0,3369
27/3/15;1,4742
30/3/15;1,1521
31/3/15;-1,0942
1/4/15;-1,2048
2/4/15;-0,489
6/4/15;-0,3396
7/4/15;-0,1018
8/4/15;1,1397
9/4/15;-0,1267
10/4/15;0,5059
13/4/15;-0,8588
14/4/15;-0,6948
15/4/15;-0,0599
16/4/15;0,0251
17/4/15;-1,4675
20/4/15;1,1383
21/4/15;0,9297
22/4/15;0,4781
23/4/15;-0,2136
24/4/15;-0,6969
27/4/15;-1,4227
28/4/15;-1,0185
29/4/15;-0,7812
30/4/15;-0,8448
1/5/15;2,1453
4/5/15;0,0464
5/5/15;-1,1536
6/5/15;0,2055
7/5/15;0,7369
8/5/15;0,0512
11/5/15;0,3488
12/5/15;-0,4654
13/5/15;-0,446
14/5/15;1,4702
15/5/15;-0,1496
18/5/15;1,1445
19/5/15;0,0633
20/5/15;-0,1732
21/5/15;0,2234
22/5/15;-0,0244
26/5/15;-0,7275
27/5/15;2,5298
28/5/15;-0,1307
29/5/15;0,2832
1/6/15;0,0097
2/6/15;-0,6572
3/6/15;-0,478
4/6/15;-0,7523
5/6/15;0,6767
8/6/15;-1,7162
9/6/15;0,0352
10/6/15;1,101
11/6/15;-0,1335
12/6/15;-0,5239
15/6/15;-0,2601
16/6/15;0,1838
17/6/15;0,1447
18/6/15;1,4536
19/6/15;0,1778
22/6/15;-0,1048
23/6/15;-0,2659
24/6/15;-0,7832
25/6/15;0,9334
26/6/15;-0,9274
29/6/15;-2,1067
30/6/15;0,492
1/7/15;1,0993
2/7/15;-0,0372
6/7/15;-0,5903
7/7/15;0,0363
8/7/15;-0,9905
9/7/15;-0,0112
10/7/15;1,0973
13/7/15;0,3279
14/7/15;0,2207
15/7/15;-0,166
16/7/15;0,721
17/7/15;-0,007
20/7/15;0,1328
21/7/15;-0,0471
22/7/15;-0,4647
23/7/15;0,1288
24/7/15;-0,7299
27/7/15;-0,6931
28/7/15;0,6072
29/7/15;0,129
30/7/15;0,2481
31/7/15;-0,2789
3/8/15;-0,2425
4/8/15;0,1063
5/8/15;0,7982
6/8/15;-1,1276
7/8/15;-0,1542
10/8/15;0,0974
11/8/15;-0,4256
12/8/15;-0,07
13/8/15;0,3922
14/8/15;-0,0299
17/8/15;0,5593
18/8/15;-0,4377
19/8/15;-0,5881
20/8/15;-1,9335
21/8/15;-2,0185
24/8/15;-1,6564
25/8/15;0,1629
26/8/15;2,3841
27/8/15;1,397
28/8/15;0,209
31/8/15;-0,6804
1/9/15;-1,606
2/9/15;1,2173
3/9/15;0,1259
4/9/15;-0,3198
8/9/15;1,4877
9/9/15;-0,435
10/9/15;0,4989
11/9/15;0,2637
14/9/15;-0,1481
15/9/15;0,5687
16/9/15;0,5019
17/9/15;0,405
18/9/15;-0,6499
21/9/15;0,0595
22/9/15;-0,9628
23/9/15;-0,195
24/9/15;-0,4618
25/9/15;0,0062
28/9/15;-1,933
29/9/15;-1
30/9/15;1,4435
1/10/15;0,1228
2/10/15;0,1572
5/10/15;0,4271
6/10/15;-0,2861
7/10/15;0,0069
8/10/15;0,1853
9/10/15;0,0606
12/10/15;0,4977
13/10/15;-0,0966
14/10/15;-0,063
15/10/15;0,175
16/10/15;0,1828
19/10/15;0,1886
20/10/15;-0,1343
21/10/15;-0,0514
22/10/15;0,2341
23/10/15;0,2303
26/10/15;0,1481
27/10/15;0,0843
28/10/15;0,3795
29/10/15;-0,0509
30/10/15;-0,2714
2/11/15;-0,2322
3/11/15;0,4311
4/11/15;0,932
5/11/15;0,4185
6/11/15;-1,4531
9/11/15;-1,5404
10/11/15;0,6509
11/11/15;0,5462
12/11/15;-0,6489
13/11/15;-1,8564
16/11/15;0,9442
17/11/15;0,7102
18/11/15;1,7514
19/11/15;0,3907
20/11/15;0,8272
23/11/15;-0,1673
24/11/15;-1,1771
25/11/15;0,7824
27/11/15;0,0472
30/11/15;-0,5482
1/12/15;1,1506
2/12/15;-0,2715
3/12/15;-0,58
4/12/15;1,2689
7/12/15;-0,8336
8/12/15;0,3963
9/12/15;-0,8598
10/12/15;-0,0939
11/12/15;-1,4268
14/12/15;0,652
15/12/15;0,5228
16/12/15;0,8958
17/12/15;-0,9318
18/12/15;-1,1326
21/12/15;0,3863
22/12/15;0,3692
23/12/15;0,099
24/12/15;-0,0888
28/12/15;0,2474
29/12/15;0,7549
30/12/15;-0,5665
31/12/15;-0,7191
4/1/16;-1,5509
5/1/16;-0,1318
6/1/16;0,1688
7/1/16;-1,0672
8/1/16;-0,8005
11/1/16;0,4108
12/1/16;0,7655
13/1/16;-2,13
14/1/16;0,3855
15/1/16;-1,3058
19/1/16;0,6029
20/1/16;-0,2664
21/1/16;-0,192
22/1/16;0,942
25/1/16;-0,602
26/1/16;0,3011
27/1/16;-1,052
28/1/16;1,3515
29/1/16;0,0451
1/2/16;-0,0274
2/2/16;0
3/2/16;0
4/2/16;0
5/2/16;0
8/2/16;0
9/2/16;0
10/2/16;0
11/2/16;0
12/2/16;0
16/2/16;0
17/2/16;0
18/2/16;0
19/2/16;0
22/2/16;0
23/2/16;0
24/2/16;0
25/2/16;0
26/2/16;0
29/2/16;0
1/3/16;0
2/3/16;0
3/3/16;0
4/3/16;0
7/3/16;0
8/3/16;0
9/3/16;0
10/3/16;0
11/3/16;0
14/3/16;0
15/3/16;0
16/3/16;0
17/3/16;0
18/3/16;0
21/3/16;0
22/3/16;0
23/3/16;0
24/3/16;0
28/3/16;0
29/3/16;0
30/3/16;0
31/3/16;0
1/4/16;1,0341
4/4/16;-0,5049
5/4/16;-0,9138
6/4/16;0,5019
7/4/16;-0,7021
8/4/16;0,3761
11/4/16;0,4956
12/4/16;0,2652
13/4/16;-0,6454
14/4/16;-1,0127
15/4/16;0,5952
18/4/16;0,408
19/4/16;0,0626
20/4/16;-0,944
21/4/16;-0,9468
22/4/16;-0,1021
25/4/16;0,2194
26/4/16;0,5554
27/4/16;0,2925
28/4/16;-1,042
29/4/16;0,0152
2/5/16;0,6476
3/5/16;-0,9509
4/5/16;-1,011
5/5/16;-0,1417
6/5/16;0,907
9/5/16;-0,415
10/5/16;0,869
11/5/16;-1,2888
12/5/16;-0,378
13/5/16;0,8094
16/5/16;-0,0099
17/5/16;-0,3053
18/5/16;-1,1594
19/5/16;0,5721
20/5/16;0,5495
23/5/16;0,3205
24/5/16;-0,0365
25/5/16;0,3252
26/5/16;-0,0574
27/5/16;-0,0145
31/5/16;0,4003
1/6/16;1,4256
2/6/16;-0,1188
3/6/16;1,4191
6/6/16;-0,3572
7/6/16;0,3474
8/6/16;0,1662
9/6/16;1,0188
10/6/16;-1,4275
13/6/16;-0,0001
14/6/16;0,2151
15/6/16;0,3487
16/6/16;0,2012
17/6/16;-0,285
20/6/16;0,0543
21/6/16;0,4609
22/6/16;0,2474
23/6/16;1,1836
24/6/16;-1,5665
27/6/16;-0,9393
28/6/16;0,9174
29/6/16;1,9636
30/6/16;2,3212
1/7/16;0,4998
5/7/16;-0,34
6/7/16;0,7712
7/7/16;-0,4924
8/7/16;1,4254
11/7/16;0,4853
12/7/16;0,4059
13/7/16;-0,0259
14/7/16;-0,0459
15/7/16;0,0192
18/7/16;0,4343
19/7/16;-0,1087
20/7/16;-0,9052
21/7/16;-0,7485
22/7/16;1,3343
25/7/16;-0,1495
26/7/16;1,0841
27/7/16;-0,4816
28/7/16;0,6144
29/7/16;-0,1195
1/8/16;-1,0086
2/8/16;-0,2697
3/8/16;0,1372
4/8/16;-0,3303
5/8/16;0,2839
8/8/16;0,2841
9/8/16;-0,4115
10/8/16;-0,3063
11/8/16;1,0259
12/8/16;1,0407
15/8/16;0,7899
16/8/16;-0,6294
17/8/16;-0,8697
18/8/16;1,6323
19/8/16;0,0977
22/8/16;-1,1391
23/8/16;0,8914
24/8/16;-2,8302
25/8/16;0,2861
26/8/16;0,0077
29/8/16;0,6873
30/8/16;-1,7353
31/8/16;-0,8148
1/9/16;1,489
2/9/16;1,1801
6/9/16;1,3825
7/9/16;0,1834
8/9/16;2,0077
9/9/16;-3,6571
12/9/16;2,1089
13/9/16;-3,2791
14/9/16;-0,7226
15/9/16;1,8425
16/9/16;-0,368
19/9/16;-0,0495
20/9/16;-0,5288
21/9/16;3,2203
22/9/16;-0,0643
23/9/16;-2,1417
26/9/16;-0,5044
27/9/16;-0,676
28/9/16;2,5666
29/9/16;-0,9942
30/9/16;1,4837
3/10/16;-0,6159
4/10/16;-1,8598
5/10/16;0,4666
6/10/16;-0,1731
7/10/16;-0,6853
10/10/16;0,7783
11/10/16;-1,5829
12/10/16;0,7047
13/10/16;-0,4783
14/10/16;-0,4132
17/10/16;-0,5969
18/10/16;1,2938
19/10/16;0,7592
20/10/16;0,26
21/10/16;-1,0217
24/10/16;0,3085
25/10/16;-0,2059
26/10/16;-0,2509
27/10/16;-0,5492
28/10/16;-0,7035
31/10/16;0,0766
1/11/16;-1,2863
2/11/16;-1,7416
3/11/16;-0,1578
4/11/16;-0,662
7/11/16;3,8696
8/11/16;1,3634
9/11/16;0,8034
10/11/16;-1,3119
11/11/16;5,4279
14/11/16;-1,5144
15/11/16;1,9936
16/11/16;1,0047
17/11/16;1,4192
18/11/16;-0,0701
21/11/16;1,7501
22/11/16;0,9831
23/11/16;1,238
25/11/16;-0,4573
28/11/16;-0,6239
29/11/16;-1,0558
30/11/16;0,9572
1/12/16;-2,4272
2/12/16;1,1465
5/12/16;1,7642
6/12/16;0,8847
7/12/16;1,0879
8/12/16;0,0474
9/12/16;-0,5111
12/12/16;-1,4242
13/12/16;0,4007
14/12/16;-0,4875
15/12/16;0,9346
16/12/16;0,2946
19/12/16;0,2538
20/12/16;1,3348
21/12/16;0,1523
22/12/16;0,7944
23/12/16;1,1136
27/12/16;1,7644
28/12/16;-3,0215
29/12/16;-0,1031
30/12/16;-1,5932
3/1/17;0,116
4/1/17;0,9304
5/1/17;-0,5174
6/1/17;0,2927
9/1/17;-0,0347
10/1/17;-0,6167
11/1/17;0,2524
12/1/17;-1,2999
13/1/17;0,412
17/1/17;-2,634
18/1/17;1,5431
19/1/17;-0,6134
20/1/17;0,3413
23/1/17;-0,1105
24/1/17;2,0606
25/1/17;1,6019
26/1/17;1,1182
27/1/17;-0,0654
30/1/17;-1,612
31/1/17;-0,1506
1/2/17;2,0454
2/2/17;-0,3315
3/2/17;0,8362
6/2/17;0,0236
7/2/17;0,6536
8/2/17;-1,1248
9/2/17;0,6539
10/2/17;-0,5601
13/2/17;-0,2794
14/2/17;0,2993
15/2/17;0,1635
16/2/17;-0,587
17/2/17;-0,3016
21/2/17;1,4934
22/2/17;-0,4941
23/2/17;-2,9385
24/2/17;0,2234
27/2/17;1,7333
28/2/17;-0,5696
1/3/17;2,8604
2/3/17;-2,0766
3/3/17;1,0931
6/3/17;-0,3892
7/3/17;-0,4033
8/3/17;-0,5348
9/3/17;-0,7167
10/3/17;1,2261
13/3/17;1,1852
14/3/17;-0,4968
15/3/17;0,9359
16/3/17;-0,1752
17/3/17;0,0136
20/3/17;0,5145
21/3/17;-3,8409
22/3/17;1,2974
23/3/17;0,0343
24/3/17;1,3896
27/3/17;0,1246
28/3/17;0,9267
29/3/17;-0,2017
30/3/17;1,3454
31/3/17;-0,9788
3/4/17;-0,3622
4/4/17;-1,2513
5/4/17;-0,8866
6/4/17;0,9768
7/4/17;-0,1142
10/4/17;-0,8237
11/4/17;-0,0177
12/4/17;-1,5043
13/4/17;-0,8779
17/4/17;1,8729
18/4/17;-0,5658
19/4/17;0,1676
20/4/17;1,2976
21/4/17;-0,4955
24/4/17;1,0585
25/4/17;1,3181
26/4/17;-1,121
27/4/17;0,516
28/4/17;0,0525
1/5/17;1,0431
2/5/17;-2,8139
3/5/17;0,3409
4/5/17;-0,2185
5/5/17;0,6083
8/5/17;-0,5569
9/5/17;0,3607
10/5/17;4,1936
11/5/17;0,9378
12/5/17;0,2042
15/5/17;1,3574
16/5/17;1,3535
17/5/17;-5,3709
18/5/17;1,5922
19/5/17;1,1901
22/5/17;0,8151
23/5/17;0,0359
24/5/17;0,6535
25/5/17;0,6859
26/5/17;0,9211
30/5/17;1,0586
31/5/17;-0,2698
1/6/17;0,5128
2/6/17;0,2309
5/6/17;0,4948
6/6/17;0,1248
7/6/17;1,0741
8/6/17;2,2294
9/6/17;-5,0055
12/6/17;-0,2047
13/6/17;1,2316
14/6/17;-0,8013
15/6/17;-0,5354
16/6/17;-0,628
19/6/17;2,4965
20/6/17;-0,7586
21/6/17;1,8946
22/6/17;-0,0615
23/6/17;0,0706
26/6/17;-0,2716
27/6/17;-2,8767
28/6/17;2,1935
29/6/17;-2,6791
30/6/17;-1,2885
3/7/17;-1,9141
5/7/17;1,1267
6/7/17;-0,9607
7/7/17;1,2753
10/7/17;1,7452
11/7/17;1,1341
12/7/17;2,5168
13/7/17;-0,6178
14/7/17;1,4459
17/7/17;-0,6487
18/7/17;1,0384
19/7/17;1,3967
20/7/17;0,2581
21/7/17;0,5073
24/7/17;0,2097
25/7/17;-0,9112
26/7/17;0,7839
27/7/17;-2,3505
28/7/17;-0,2147
31/7/17;-1,4447
1/8/17;0,5506
2/8/17;-0,242
3/8/17;0,5914
4/8/17;-0,4915
7/8/17;1,7667
8/8/17;-0,863
9/8/17;-0,0917
10/8/17;-3,3387
11/8/17;-0,5182
14/8/17;2,6144
15/8/17;0,0363
16/8/17;-0,5099
17/8/17;-2,8532
18/8/17;0,0177
21/8/17;-0,3207
22/8/17;2,126
23/8/17;0,6592
24/8/17;0,096
25/8/17;-1,3398
28/8/17;0,0259
29/8/17;0,1949
30/8/17;1,4574
31/8/17;1,5751
1/9/17;0,3326
5/9/17;-1,1394
6/9/17;-0,3243
7/9/17;0,8449
8/9/17;-0,8206
11/9/17;1,6303
12/9/17;0,4004
13/9/17;0,1555
14/9/17;-0,2398
15/9/17;1,4333
18/9/17;1,5789
19/9/17;0,0724
20/9/17;-0,1505
21/9/17;-1,245
22/9/17;-0,5104
25/9/17;-2,3875
26/9/17;-0,0557
27/9/17;1,4687
28/9/17;0,129
29/9/17;1,2431
2/10/17;0,1113
3/10/17;0,2203
4/10/17;-0,1886
5/10/17;0,369
6/10/17;0,432
9/10/17;0,845
10/10/17;0,8509
11/10/17;0,5689
12/10/17;-0,0127
13/10/17;0,2455
16/10/17;0,9549
17/10/17;-0,4239
18/10/17;0,3703
19/10/17;0,0299
20/10/17;0,9706
23/10/17;-0,6772
24/10/17;0,6463
25/10/17;-1,7099
26/10/17;0,1363
27/10/17;3,6159
30/10/17;0,6049
31/10/17;1,2355
1/11/17;-0,4824
2/11/17;0,3285
3/11/17;1,3792
6/11/17;0,3565
7/11/17;0,8749
8/11/17;0,067
9/11/17;-1,3658
10/11/17;2,1012
13/11/17;0,2278
14/11/17;0,2652
15/11/17;-1,1148
16/11/17;1,7827
17/11/17;-0,5309
20/11/17;0,8583
21/11/17;1,3843
22/11/17;-0,5445
24/11/17;0,6254
27/11/17;-0,577
28/11/17;-0,3581
29/11/17;-5,2014
30/11/17;0,8626
1/12/17;-1,4243
4/12/17;-3,9369
5/12/17;0,3828
6/12/17;0,7979
7/12/17;1,6276
8/12/17;0,3084
11/12/17;0,235
12/12/17;-0,7616
13/12/17;-0,5806
14/12/17;-0,0805
15/12/17;1,1853
18/12/17;1,6705
19/12/17;-0,554
20/12/17;0,1197
21/12/17;-0,9598
22/12/17;0,0902
26/12/17;0,0435
27/12/17;0,0554
28/12/17;-0,0107
29/12/17;-1,1397
2/1/18;1,6687
3/1/18;2,6619
4/1/18;0,3338
5/1/18;1,3991
8/1/18;1,5488
9/1/18;-0,2016
10/1/18;-0,0383
11/1/18;1,2958
12/1/18;0,4497
16/1/18;-1,3433
17/1/18;1,6949
18/1/18;-0,585
19/1/18;1,2335
22/1/18;0,6106
23/1/18;0,9078
24/1/18;-0,4612
25/1/18;0,1426
26/1/18;1,6108
29/1/18;-0,6992
30/1/18;-1,1914
31/1/18;0,7449
1/2/18;-1,7151
2/2/18;-1,5009
5/2/18;-4,4133
6/2/18;2,459
7/2/18;0,468
8/2/18;-4,4079
9/2/18;2,8273
12/2/18;0,2194
13/2/18;0,7311
14/2/18;2,0393
15/2/18;1,6436
16/2/18;-0,2849
20/2/18;0,6279
21/2/18;-1,059
22/2/18;0,5819
23/2/18;1,3876
26/2/18;0,7032
27/2/18;-0,7254
28/2/18;-0,7188
1/3/18;-2,887
2/3/18;1,7185
5/3/18;1,2033
6/3/18;1,6576
7/3/18;-0,1513
8/3/18;0,1084
9/3/18;1,7172
12/3/18;0,6882
13/3/18;-0,491
14/3/18;-0,1108
15/3/18;-0,4504
16/3/18;0,7313
19/3/18;-1,6056
20/3/18;1,7705
21/3/18;-0,0982
22/3/18;-3,5259
23/3/18;-2,9967
26/3/18;3,4481
27/3/18;-4,6304
28/3/18;-1,1451
29/3/18;2,6698
2/4/18;-1,9906
3/4/18;0,7474
4/4/18;1,0732
5/4/18;0,7503
6/4/18;-1,3217
9/4/18;0,1649
10/4/18;1,3418
11/4/18;-0,3198
12/4/18;0,7354
13/4/18;-0,3693
16/4/18;0,5173
17/4/18;1,3951
18/4/18;0,072
19/4/18;-0,6773
20/4/18;-0,9391
23/4/18;-0,0688
24/4/18;-1,0678
25/4/18;0,0673
26/4/18;1,2272
27/4/18;0,4273
30/4/18;-0,6539
1/5/18;0,0991
2/5/18;0,0239
3/5/18;-0,3604
4/5/18;0,7196
7/5/18;0,2853
8/5/18;0,2728
9/5/18;0,9613
10/5/18;0,1924
11/5/18;-0,171
14/5/18;-0,2427
15/5/18;0,3467
16/5/18;0,5822
17/5/18;0,079
18/5/18;-0,3689
21/5/18;0,7759
22/5/18;-0,9842
23/5/18;0,8153
24/5/18;0,7605
25/5/18;-0,2651
29/5/18;-0,4409
30/5/18;0,221
31/5/18;-0,7585
1/6/18;1,2409
4/6/18;0,5113
5/6/18;1,0559
6/6/18;-0,077
7/6/18;-0,3586
8/6/18;0,4424
11/6/18;0,5791
12/6/18;-0,2056
13/6/18;0,1606
14/6/18;0,1377
15/6/18;-1,0879
18/6/18;0,7629
19/6/18;0,1641
20/6/18;1,022
21/6/18;-1,2443
22/6/18;-0,0555
25/6/18;-3,6338
26/6/18;1,6225
27/6/18;-1,0745
28/6/18;0,3849
29/6/18;-0,4484
2/7/18;-0,3922
3/7/18;-0,6578
5/7/18;0,4054
6/7/18;0,7372
9/7/18;0,632
10/7/18;0,0149
11/7/18;-0,678
12/7/18;0,8789
13/7/18;-0,026
16/7/18;-0,1948
17/7/18;-0,0774
18/7/18;0,1785
19/7/18;-0,4294
20/7/18;-0,329
23/7/18;0,2559
24/7/18;-0,7721
25/7/18;1,1755
26/7/18;-1,3048
27/7/18;-1,3173
30/7/18;-1,4256
31/7/18;-0,0248
1/8/18;-0,8403
2/8/18;-0,1539
3/8/18;0,4432
6/8/18;0,8778
7/8/18;0,8054
8/8/18;0,739
9/8/18;0,1863
10/8/18;-0,5078
13/8/18;-0,12
14/8/18;2,0555
15/8/18;-3,4818
16/8/18;0,1684
17/8/18;-0,127
20/8/18;2,122
21/8/18;0,9163
22/8/18;0,2972
23/8/18;1,3238
24/8/18;0,6124
27/8/18;0,04
28/8/18;0,3106
29/8/18;0,9535
30/8/18;-0,481
31/8/18;0,2058
4/9/18;0,8045
5/9/18;-2,7747
6/9/18;-0,293
7/9/18;-0,4541
10/9/18;0,6762
11/9/18;0,9447
12/9/18;0,3858
13/9/18;0,4184
14/9/18;-0,5198
17/9/18;-2,3091
18/9/18;1,6225
19/9/18;-1,1599
20/9/18;0,5269
21/9/18;-0,0586
24/9/18;1,6728
25/9/18;0,8317
26/9/18;0,4901
27/9/18;0,1392
28/9/18;-0,353
1/10/18;0,1489
2/10/18;-1,092
3/10/18;-0,3563
4/10/18;-1,2072
5/10/18;-0,7659
8/10/18;-0,9249
9/10/18;0,1094
10/10/18;-3,1402
11/10/18;-0,6782
12/10/18;2,2072
15/10/18;-1,0687
16/10/18;2,1162
17/10/18;0,0485
18/10/18;-1,1129
19/10/18;-1,5418
22/10/18;0,2951
23/10/18;-0,2866
24/10/18;-3,2076
25/10/18;-0,0036
26/10/18;-0,769
29/10/18;-1,2375
30/10/18;1,4576
31/10/18;0,9568
1/11/18;0,9178
2/11/18;-0,6384
5/11/18;0,4369
6/11/18;0,2573
7/11/18;1,0952
8/11/18;1,0051
9/11/18;-0,4917
12/11/18;-0,8787
13/11/18;0,2087
14/11/18;-1,2097
15/11/18;0,1529
16/11/18;-0,402
19/11/18;-1,2183
20/11/18;-1,256
21/11/18;0,2598
23/11/18;-0,0245
26/11/18;0,4057
27/11/18;0,3342
28/11/18;1,3076
29/11/18;-0,1487
30/11/18;0,2547
3/12/18;0,2566
4/12/18;-0,3671
6/12/18;0,0351
7/12/18;-0,6453
10/12/18;-0,0484
11/12/18;0,0766
12/12/18;0,1984
13/12/18;-0,0152
14/12/18;-0,5243
17/12/18;-0,7009
18/12/18;-0,0411
19/12/18;-0,2388
20/12/18;-0,4136
21/12/18;-0,3274
24/12/18;-0,5216
26/12/18;0,8766
27/12/18;0,1211
28/12/18;-0,0148
31/12/18;0,1802
2/1/19;-0,2045
3/1/19;-0,2141
4/1/19;0,3717
7/1/19;0,2349
8/1/19;0,2052
9/1/19;0,1815
10/1/19;0,1235
11/1/19;-0,1871
14/1/19;-0,1996
15/1/19;0,3569
16/1/19;0,0338
17/1/19;0,2936
18/1/19;0,0058
22/1/19;-0,3025
23/1/19;0,1404
24/1/19;-0,4181
25/1/19;-0,0772
28/1/19;-0,0837
29/1/19;0,0769
30/1/19;0,2836
31/1/19;0,2679
1/2/19;0,2232
4/2/19;-0,0272
5/2/19;0,1092
6/2/19;0,0319
7/2/19;0,0325
8/2/19;0,3208
11/2/19;0,1228
12/2/19;0,4179
13/2/19;-0,0402
14/2/19;0,1566
15/2/19;0,1809
19/2/19;-0,0365
20/2/19;-0,0534
21/2/19;0,0454
22/2/19;0,5505
25/2/19;0,0014
26/2/19;-0,037
27/2/19;-0,0785
28/2/19;0,135
1/3/19;-0,2229
4/3/19;-1,4439
5/3/19;0,5777
6/3/19;-0,9584
7/3/19;-0,613
8/3/19;-0,4393
11/3/19;1,5429
12/3/19;0,6149
13/3/19;0,4568
14/3/19;-0,1434
15/3/19;0,425
18/3/19;0,6036
19/3/19;1,7507
20/3/19;0,168
21/3/19;2,3855
22/3/19;-2,3278
25/3/19;0,0163
26/3/19;0,5452
27/3/19;-0,9731
28/3/19;1,1863
29/3/19;0,8587
1/4/19;0,9721
2/4/19;-0,0474
3/4/19;0,399
4/4/19;-0,6382
5/4/19;0,4558
8/4/19;0,2395
9/4/19;-0,487
10/4/19;1,0801
11/4/19;-0,2072
12/4/19;0,1384
15/4/19;0,1781
16/4/19;-0,7635
17/4/19;-1,117
18/4/19;0,1659
22/4/19;0,1628
23/4/19;1,4812
24/4/19;0,2463
25/4/19;-2,5152
26/4/19;0,657
29/4/19;-0,2101
30/4/19;0,4014
1/5/19;-1,3663
2/5/19;1,1907
3/5/19;2,4221
6/5/19;-0,4995
7/5/19;-2,142
8/5/19;-0,0238
9/5/19;0,1862
10/5/19;1,3206
13/5/19;-3,0097
14/5/19;1,991
15/5/19;0,4553
16/5/19;1,1987
17/5/19;-1,1121
20/5/19;-2,5331
21/5/19;1,3912
22/5/19;-0,7226
23/5/19;-2,0714
24/5/19;0,5686
28/5/19;1,3345
29/5/19;-2,0757
30/5/19;1,4777
31/5/19;-1,629
3/6/19;-0,3141
4/6/19;0,934
5/6/19;1,1925
6/6/19;0,9426
7/6/19;0,9085
10/6/19;0,6513
11/6/19;-0,2184
12/6/19;0,3354
13/6/19;-0,326
14/6/19;-0,1926
17/6/19;-0,1704
18/6/19;0,6818
19/6/19;0,7224
20/6/19;0,2838
21/6/19;-0,649
24/6/19;-0,2674
25/6/19;-0,497
26/6/19;-0,0929
27/6/19;0,3447
28/6/19;0,3715
1/7/19;-0,0728
2/7/19;0,4801
3/7/19;0,848
5/7/19;-0,2171
8/7/19;-0,4077
9/7/19;0,4065
10/7/19;-0,1577
11/7/19;0,066
12/7/19;0,339
15/7/19;0,1738
16/7/19;-0,4453
17/7/19;-0,4161
18/7/19;1,1906
19/7/19;-1,2562
22/7/19;0,1759
23/7/19;0,409
24/7/19;1,2352
25/7/19;-0,6451
26/7/19;0,5822
29/7/19;0,2156
30/7/19;-0,6073
31/7/19;-1,5896
1/8/19;0,2091
2/8/19;-0,47
5/8/19;-2,7712
6/8/19;1,4627
7/8/19;0,7124
8/8/19;2,87
9/8/19;0,1651
12/8/19;-1,9256
13/8/19;1,3392
14/8/19;-2,2488
15/8/19;0,5751
16/8/19;1,0639
19/8/19;0,1563
20/8/19;-0,1552
21/8/19;1,0126
22/8/19;-0,3146
23/8/19;-2,0671
26/8/19;1,0895
27/8/19;0,2118
28/8/19;0,0885
29/8/19;0,8346
30/8/19;-0,1961
3/9/19;-0,4491
4/9/19;0,3773
5/9/19;0,1299
6/9/19;-0,1476
9/9/19;-1,8607
10/9/19;-2,1276
11/9/19;0,2512
12/9/19;0,7164
13/9/19;-0,5649
16/9/19;-0,0361
17/9/19;1,0769
18/9/19;0,0289
19/9/19;-0,0305
20/9/19;-0,1999
23/9/19;0,165
24/9/19;-0,3799
25/9/19;-0,1018
26/9/19;0,0818
27/9/19;-0,9905
30/9/19;0,6014
1/10/19;-1,3285
2/10/19;-1,6646
3/10/19;1,2096
4/10/19;1,4227
7/10/19;-0,697
8/10/19;-1,6492
9/10/19;1,4306
10/10/19;0,6028
11/10/19;0,7208
14/10/19;-0,156
15/10/19;0,9338
16/10/19;-1,0311
17/10/19;0,3176
18/10/19;-0,2139
21/10/19;1,208
22/10/19;-1,2746
23/10/19;-0,7975
24/10/19;2,0715
25/10/19;-0,3074
28/10/19;0,5878
29/10/19;-0,2948
30/10/19;0,6183
31/10/19;-1,7664
1/11/19;0,2705
4/11/19;-0,0257
5/11/19;-0,3423
6/11/19;0,6347
7/11/19;-0,0695
8/11/19;0,1743
11/11/19;0,4029
12/11/19;0,1708
13/11/19;1,0078
14/11/19;0,9485
15/11/19;1,1073
18/11/19;0,3998
19/11/19;0,0031
20/11/19;0,417
21/11/19;-1,2316
22/11/19;-0,4107
25/11/19;1,2535
26/11/19;0,4185
27/11/19;0,4725
29/11/19;-0,7952
2/12/19;-1,4191
3/12/19;-0,7634
4/12/19;0,6502
5/12/19;0,0617
6/12/19;0,7932
9/12/19;-0,612
10/12/19;0,4379
11/12/19;1,3279
12/12/19;1,678
13/12/19;-0,3026
16/12/19;0,8366
17/12/19;0,5504
18/12/19;-0,4834
19/12/19;0,8948
20/12/19;0,5675
23/12/19;-0,0838
24/12/19;0,4693
26/12/19;0,3282
27/12/19;-0,3071
30/12/19;-0,5238
31/12/19;0,2831
2/1/20;1,6026
3/1/20;-1,226
6/1/20;-0,8613
7/1/20;0,8656
8/1/20;-0,0946
9/1/20;0,4217
10/1/20;-0,7454
13/1/20;1,1987
14/1/20;0,0298
15/1/20;-1,2805
16/1/20;1,4875
17/1/20;0,7202
21/1/20;-0,3118
22/1/20;0,0311
23/1/20;0,4367
24/1/20;-1,8696
27/1/20;-1,8658
28/1/20;2,0534
29/1/20;-1,0371
30/1/20;0,5906
31/1/20;-3,4511
3/2/20;1,1686
4/2/20;1,7572
5/2/20;0,3432
6/2/20;0,6057
7/2/20;-0,2084
10/2/20;1,1563
11/2/20;0,8589
12/2/20;0,5987
13/2/20;0,6539
14/2/20;0,1516
18/2/20;0,2456
19/2/20;1,1307
20/2/20;-1,3938
21/2/20;-2,078
24/2/20;-3,3074
25/2/20;-3,0579
26/2/20;0,1662
27/2/20;-3,995
28/2/20;-0,3516
2/3/20;3,0695
3/3/20;-1,2615
4/3/20;2,443
5/3/20;-1,2592
6/3/20;-0,9692
9/3/20;-4,2665
10/3/20;2,2548
11/3/20;-2,2295
12/3/20;-4,8291
13/3/20;2,8951
16/3/20;-5,0488
17/3/20;3,2364
18/3/20;-2,8877
19/3/20;-0,4753
20/3/20;-2,7554
23/3/20;0,128
24/3/20;5,1412
25/3/20;1,072
26/3/20;3,2858
27/3/20;-1,5787
30/3/20;1,6875
31/3/20;-1,0423
1/4/20;-0,9099
2/4/20;0,6713
3/4/20;-0,1591
6/4/20;0,6326
7/4/20;-0,3927
8/4/20;0,5508
9/4/20;-0,1126
13/4/20;0,0855
14/4/20;0,6128
15/4/20;-0,1695
16/4/20;0,6379
17/4/20;0,2599
20/4/20;-0,0494
21/4/20;-0,4793
22/4/20;0,0697
23/4/20;-0,2224
24/4/20;0,1961
27/4/20;0,0977
28/4/20;-0,4749
29/4/20;-0,1786
30/4/20;0,0088
1/5/20;-0,0149
4/5/20;0,9995
5/5/20;0,9877
6/5/20;-0,2075
7/5/20;0,2875
8/5/20;0,3139
11/5/20;0,5498
12/5/20;-0,7762
13/5/20;-0,3488
14/5/20;0,5636
15/5/20;0,0408
18/5/20;0,1025
19/5/20;-0,0027
20/5/20;0,5749
21/5/20;-0,7973
22/5/20;0,4221
26/5/20;-0,6173
27/5/20;0,0427
28/5/20;0,1368
29/5/20;1,4128
1/6/20;1,43
2/6/20;0,187
3/6/20;-0,2238
4/6/20;-1,8975
5/6/20;1,175
8/6/20;1,2488
9/6/20;0,2792
10/6/20;3,3486
11/6/20;-4,5973
12/6/20;-0,0692
15/6/20;3,9212
16/6/20;0,2357
17/6/20;0,5516
18/6/20;-0,0247
19/6/20;1,6487
22/6/20;0,8551
23/6/20;-0,3499
24/6/20;-2,265
25/6/20;1,2695
26/6/20;-2,0743
29/6/20;0,5213
30/6/20;2,9196
1/7/20;-0,2244
2/7/20;0,8022
6/7/20;1,7507
7/7/20;0,2917
8/7/20;2,4559
9/7/20;1,893
10/7/20;-0,948
13/7/20;-3,886
14/7/20;1,6621
15/7/20;-0,0798
16/7/20;-1,1179
17/7/20;1,2886
20/7/20;2,49
21/7/20;-1,3975
22/7/20;-0,2651
23/7/20;-1,7586
24/7/20;-1,0727
27/7/20;2,2217
28/7/20;-1,0632
29/7/20;1,2022
30/7/20;0,8846
31/7/20;1,57
3/8/20;2,1954
4/8/20;0,85
5/8/20;0,7051
6/8/20;0,1162
7/8/20;-1,5567
10/8/20;-2,0783
11/8/20;-2,4009
12/8/20;3,3118
13/8/20;0,8189
14/8/20;-0,5443
17/8/20;2,9012
18/8/20;0,1725
19/8/20;0,1453
20/8/20;0,8156
21/8/20;0,7156
24/8/20;0,0101
25/8/20;1,4586
26/8/20;0,25
27/8/20;-0,6951
28/8/20;0,1457
31/8/20;1,9159
1/9/20;1,8785
2/9/20;1,0558
3/9/20;-6,8873
4/9/20;-1,6914
8/9/20;-3,8229
9/9/20;3,6061
10/9/20;-2,3999
11/9/20;-1,5038
14/9/20;2,7556
15/9/20;1,0987
16/9/20;-2,5282
17/9/20;-1,2864
18/9/20;-0,6284
21/9/20;1,824
22/9/20;1,4411
23/9/20;-2,8755
24/9/20;-0,0448
25/9/20;3,3368
28/9/20;1,4053
29/9/20;0,4527
30/9/20;0,9537
1/10/20;1,5815
2/10/20;-2,2893
5/10/20;1,9552
6/10/20;-0,9473
7/10/20;2,0163
8/10/20;-0,3933
9/10/20;0,7678
12/10/20;1,8863
13/10/20;0,662
14/10/20;-1,3728
15/10/20;0,3784
16/10/20;0,1072
19/10/20;-1,0888
20/10/20;0,5992
21/10/20;-0,6989
22/10/20;-0,3276
23/10/20;1,2595
26/10/20;-1,0313
27/10/20;-0,2145
28/10/20;-3,1767
29/10/20;1,5331
30/10/20;-3,0217
2/11/20;0,1582
3/11/20;2,184
4/11/20;5,4245
5/11/20;2,5876
6/11/20;0,6592
9/11/20;-5,5928
10/11/20;-2,5874
11/11/20;4,1935
12/11/20;2,8808
13/11/20;2,21
16/11/20;-0,398
17/11/20;-0,8372
18/11/20;-1,0534
19/11/20;2,9978
20/11/20;1,3535
23/11/20;0,0128
24/11/20;-0,4421
25/11/20;0,8758
27/11/20;3,3633
30/11/20;2,1575
1/12/20;1,3783
2/12/20;0,4393
3/12/20;1,0829
4/12/20;1,3241
7/12/20;-0,5262
8/12/20;0,276
9/12/20;-2,5725
10/12/20;1,188
11/12/20;0,4148
14/12/20;0,2143
15/12/20;1,6881
16/12/20;1,0397
17/12/20;1,6027
18/12/20;-0,5286
21/12/20;-0,2698
22/12/20;1,1736
23/12/20;-1,3531
24/12/20;0,0076
28/12/20;-2,3668
29/12/20;0,2203
30/12/20;1,9911
31/12/20;-0,8875
4/1/21;-0,3644
5/1/21;2,8788
6/1/21;2,0133
7/1/21;2,8797
8/1/21;1,4882
11/1/21;-0,0824
12/1/21;2,605
13/1/21;-1,3943
14/1/21;0,862
15/1/21;-1,3269
19/1/21;2,3072
20/1/21;0,1927
21/1/21;-1,0446
22/1/21;-0,0727
25/1/21;-1,7335
26/1/21;-2,4318
27/1/21;-5,9893
28/1/21;4,5052
29/1/21;-2,3824
1/2/21;2,9944
2/2/21;2,7257
3/2/21;0,0827
4/2/21;3,4999
5/2/21;2,1469
8/2/21;1,2217
9/2/21;-0,3614
10/2/21;-0,1958
11/2/21;0,3969
12/2/21;0,6335
16/2/21;0,8824
17/2/21;-1,6637
18/2/21;-1,9379
19/2/21;3,7219
22/2/21;-1,1438
23/2/21;-1,339
24/2/21;1,2406
25/2/21;-2,9103
26/2/21;1,7303
1/3/21;4,2721
2/3/21;-1,2558
3/3/21;-2,3142
4/3/21;-2,5655
5/3/21;2,2057
8/3/21;-0,9594
9/3/21;1,2863
10/3/21;0,823
11/3/21;2,9527
12/3/21;1,3627
15/3/21;1,5344
16/3/21;-2,1836
17/3/21;0,7499
18/3/21;-1,6349
19/3/21;0,3891
22/3/21;-0,6885
23/3/21;-3,4791
24/3/21;-2,0232
25/3/21;1,2556
26/3/21;2,025
29/3/21;-2,1242
30/3/21;2,1618
31/3/21;0,8497
1/4/21;1,3742
5/4/21;0,2044
6/4/21;0,0557
7/4/21;0,0385
8/4/21;0,297
9/4/21;0,9236
12/4/21;-0,0096
13/4/21;-0,7435
14/4/21;1,0011
15/4/21;0,2961
16/4/21;-0,1526
19/4/21;-0,7226
20/4/21;-2,1425
21/4/21;2,3089
22/4/21;-0,4417
23/4/21;2,1543
26/4/21;0,5848
27/4/21;0,9929
28/4/21;0,8726
29/4/21;0,0618
30/4/21;-1,3904
3/5/21;1,0483
4/5/21;-1,7788
5/5/21;2,4395
6/5/21;-0,2992
7/5/21;2,7279
10/5/21;-1,8143
11/5/21;-0,7863
12/5/21;-3,8327
13/5/21;-0,4091
14/5/21;4,2744
17/5/21;1,3628
18/5/21;-1,2272
19/5/21;-3,1575
20/5/21;0,18
21/5/21;-0,0366
24/5/21;1,9674
25/5/21;-0,491
26/5/21;2,1695
27/5/21;1,7587
28/5/21;0,268
1/6/21;3,385
2/6/21;-0,8699
3/6/21;-0,0713
4/6/21;0,338
7/6/21;-0,2327
8/6/21;0,3404
9/6/21;-1,4659
10/6/21;-0,9111
11/6/21;1,2321
14/6/21;-2,3592
15/6/21;0,0831
16/6/21;-0,6574
17/6/21;-4,2747
18/6/21;-1,9987
21/6/21;3,9889
22/6/21;1,1451
23/6/21;0,7397
24/6/21;1,6485
25/6/21;0,3454
28/6/21;-2,2141
29/6/21;-0,1123
30/6/21;1,6239
1/7/21;1,2853
2/7/21;-0,6752
6/7/21;-2,5158
7/7/21;-1,9965
8/7/21;-0,15
9/7/21;2,371
12/7/21;1,5804
13/7/21;-1,0189
14/7/21;-2,0128
15/7/21;-1,0794
16/7/21;-1,4911
19/7/21;-1,3891
20/7/21;2,1971
21/7/21;3,9235
22/7/21;-0,5753
23/7/21;1,1444
26/7/21;0,5623
27/7/21;-1,9357
28/7/21;1,5378
29/7/21;0,2515
30/7/21;-0,0604
2/8/21;-0,6357
3/8/21;2,8786
4/8/21;-1,7647
5/8/21;0,7082
6/8/21;1,1888
9/8/21;-0,235
10/8/21;2,1851
11/8/21;0,9601
12/8/21;0,6701
13/8/21;-0,6131
16/8/21;-0,7033
17/8/21;-2,8303
18/8/21;-1,0763
19/8/21;0,362
20/8/21;0,5091
23/8/21;2,7878
24/8/21;1,1623
25/8/21;0,84
26/8/21;-0,5889
27/8/21;2,3566
30/8/21;-0,6028
31/8/21;-1,2632
1/9/21;-1,4527
2/9/21;1,357
3/9/21;-0,1408
7/9/21;-0,6325
8/9/21;-1,099
9/9/21;0,6028
10/9/21;-0,499
13/9/21;-0,2215
14/9/21;-0,6453
15/9/21;2,8403
16/9/21;0,0889
17/9/21;-1,5077
20/9/21;-3,0971
21/9/21;0,2742
22/9/21;2,9385
23/9/21;3,1417
24/9/21;0,1533
27/9/21;0,5972
28/9/21;-2,3575
29/9/21;-0,2067
30/9/21;-1,6947
1/10/21;1,8115
4/10/21;0,0513
5/10/21;1,9766
6/10/21;-0,8692
7/10/21;0,9814
8/10/21;0,966
11/10/21;-0,5224
12/10/21;0,1916
13/10/21;0,4681
14/10/21;1,3149
15/10/21;0,0072
18/10/21;1,4591
19/10/21;0,2849
20/10/21;0,7248
21/10/21;-0,2052
22/10/21;1,2037
25/10/21;0,7483
26/10/21;0,7219
27/10/21;-2,6067
28/10/21;1,4842
29/10/21;1,449
1/11/21;1,2358
2/11/21;0,1986
3/11/21;-0,5165
4/11/21;1,9397
5/11/21;0,4989
8/11/21;1,3277
9/11/21;-0,3454
10/11/21;-2,8171
11/11/21;1,3501
12/11/21;-0,0084
15/11/21;-0,4968
16/11/21;0,7147
17/11/21;-1,7299
18/11/21;2,0372
19/11/21;-1,6065
22/11/21;-0,4936
23/11/21;1,1104
24/11/21;1,1991
26/11/21;-2,7149
29/11/21;1,8112
30/11/21;-2,7788
1/12/21;-1,804
2/12/21;1,1328
3/12/21;-1,8334
6/12/21;-0,3293
7/12/21;3,2826
8/12/21;0,1258
9/12/21;-2,0129
10/12/21;1,0101
13/12/21;-2,4143
14/12/21;-0,7723
15/12/21;1,6788
16/12/21;-2,3943
17/12/21;-0,2774
20/12/21;-1,3519
21/12/21;2,7882
22/12/21;1,2616
23/12/21;0,5547
27/12/21;2,2942
28/12/21;-0,5813
29/12/21;-0,2429
30/12/21;-0,685
31/12/21;-0,1009
3/1/22;0,189
4/1/22;-0,4648
5/1/22;-2,7608
6/1/22;1,0381
7/1/22;-1,194
10/1/22;0,1322
11/1/22;1,2613
12/1/22;0,1268
13/1/22;-2,0378
14/1/22;0,6628
18/1/22;-1,639
19/1/22;-1,017
20/1/22;-1,2095
21/1/22;-1,8097
24/1/22;0,9701
25/1/22;-1,0866
26/1/22;0,301
27/1/22;-0,9381
28/1/22;1,5685
31/1/22;1,8556
1/2/22;2,6434
2/2/22;0,3488
3/2/22;-0,6037
4/2/22;0,7659
7/2/22;-0,1308
8/2/22;-1,2867
9/2/22;1,282
10/2/22;-0,1563
11/2/22;1,4217
14/2/22;-1,8562
15/2/22;-0,4486
16/2/22;1,3586
17/2/22;0,5354
18/2/22;-0,5641
22/2/22;-1,6278
23/2/22;0,326
24/2/22;0,3548
25/2/22;1,8315
28/2/22;2,8171
1/3/22;0,5512
2/3/22;0,6107
3/3/22;-0,1901
4/3/22;2,3412
7/3/22;0,0774
8/3/22;-0,5928
9/3/22;-0,4804
10/3/22;2,0972
11/3/22;-1,5016
14/3/22;-2,8716
15/3/22;-0,592
16/3/22;-0,5998
17/3/22;4,1368
18/3/22;0,1893
21/3/22;3,4875
22/3/22;-0,6917
23/3/22;1,3072
24/3/22;-0,0963
25/3/22;1,3061
28/3/22;-2,104
29/3/22;-0,4467
30/3/22;0,4749
31/3/22;-0,6676
1/4/22;0,5599
4/4/22;0,2693
5/4/22;-1,4623
6/4/22;-0,1585
7/4/22;1,4448
8/4/22;2,686
11/4/22;-1,801
12/4/22;1,5967
13/4/22;0,8778
14/4/22;-0,0237
18/4/22;1,1237
19/4/22;-0,6083
20/4/22;0,3866
21/4/22;-3,0802
22/4/22;-2,3665
25/4/22;-2,036
26/4/22;-0,1338
27/4/22;1,2488
28/4/22;1,5508
29/4/22;-1,6166
2/5/22;0,4069
3/5/22;3,2034
4/5/22;2,5808
5/5/22;-1,2927
6/5/22;1,9978
9/5/22;-6,5319
10/5/22;0,9733
11/5/22;0,752
12/5/22;0,0025
13/5/22;3,2187
16/5/22;2,0493
17/5/22;0,7155
18/5/22;-3,3691
19/5/22;-0,1737
20/5/22;-0,1397
23/5/22;2,1654
24/5/22;-0,187
25/5/22;1,5447
26/5/22;1,8226
27/5/22;1,6089
31/5/22;-0,6557
1/6/22;0,7922
2/6/22;-0,088
3/6/22;0,4007
6/6/22;-0,0318
7/6/22;0,6895
8/6/22;-0,2491
9/6/22;-0,6389
10/6/22;-1,1699
13/6/22;-2,1907
14/6/22;0,5274
15/6/22;-0,8736
16/6/22;-2,3995
17/6/22;-2,1108
21/6/22;1,3442
22/6/22;-1,5252
23/6/22;-1,513
24/6/22;0,1662
27/6/22;1,56
28/6/22;1,0107
29/6/22;-1,6274
30/6/22;-0,5297
1/7/22;0,4145
5/7/22;-0,2241
6/7/22;0,0911
7/7/22;0,1136
8/7/22;0,0925
11/7/22;-0,0515
12/7/22;-0,2347
13/7/22;-0,0242
14/7/22;-0,2991
15/7/22;0,3105
18/7/22;-0,2337
19/7/22;0,3274
20/7/22;-0,0838
21/7/22;-0,0394
22/7/22;-0,0681
25/7/22;0,327
26/7/22;-0,0831
27/7/22;0,2279
28/7/22;-0,0271
29/7/22;0,2832
1/8/22;-0,1332
2/8/22;0,0497
3/8/22;-0,5233
4/8/22;-0,3682
5/8/22;0,2919
8/8/22;0,0397
9/8/22;0,3586
10/8/22;0,1405
11/8/22;0,3979
12/8/22;0,1706
15/8/22;-0,2522
16/8/22;0,0149
17/8/22;0,1032
18/8/22;0,3378
19/8/22;0,1285
22/8/22;-0,0031
23/8/22;0,4411
24/8/22;0,2738
25/8/22;0,118
26/8/22;-0,2327
29/8/22;0,1237
30/8/22;-0,6138
31/8/22;-0,1062
1/9/22;-0,4065
2/9/22;0,2684
6/9/22;-0,1938
7/9/22;0,0588
8/9/22;0,0299
9/9/22;0,1136
12/9/22;0,1124
13/9/22;-0,3356
14/9/22;0,3864
15/9/22;-0,4148
16/9/22;-0,2365
19/9/22;0,1127
20/9/22;-0,052
21/9/22;-0,225
22/9/22;-0,1844
23/9/22;-0,8365
26/9/22;-0,3617
27/9/22;0,3341
28/9/22;0,739
29/9/22;-0,2278
30/9/22;-0,0748
3/10/22;0,4709
4/10/22;0
5/10/22;0
6/10/22;0
7/10/22;0
10/10/22;0
11/10/22;0
12/10/22;0
13/10/22;0
14/10/22;0
17/10/22;0
18/10/22;0
19/10/22;0
20/10/22;0
21/10/22;0
24/10/22;0
25/10/22;0
26/10/22;0
27/10/22;0
28/10/22;0
31/10/22;0
1/11/22;0
2/11/22;0
3/11/22;0
4/11/22;0
7/11/22;0
8/11/22;0
9/11/22;0
10/11/22;0
11/11/22;0
14/11/22;0
15/11/22;0
16/11/22;0
17/11/22;0
18/11/22;0
21/11/22;0
22/11/22;0
23/11/22;0
25/11/22;0
28/11/22;0
29/11/22;0
30/11/22;0
1/12/22;-0,4906
2/12/22;0,2951
5/12/22;-1,3765
6/12/22;-1,0529
7/12/22;0,0971
8/12/22;0,4259
9/12/22;-0,952
12/12/22;0,7143
13/12/22;0,4592
14/12/22;0,166
15/12/22;-1,127
16/12/22;-0,5673
19/12/22;-0,1881
20/12/22;0,0349
21/12/22;0,9285
22/12/22;-1,4095
23/12/22;0,3964
27/12/22;-0,3394
28/12/22;-1,4126
29/12/22;0,3972
30/12/22;-0,1441
3/1/23;-0,6468
4/1/23;0,7381
5/1/23;0,5229
6/1/23;0,8901
9/1/23;-0,3851
10/1/23;0,0915
11/1/23;-0,1241
12/1/23;0,2315
13/1/23;0,4514
17/1/23;-0,2673
18/1/23;-0,9147
19/1/23;-0,2736
20/1/23;0,4122
23/1/23;0,2682
24/1/23;0,3078
25/1/23;0,3488
26/1/23;0,9501
27/1/23;-0,2632
30/1/23;-0,8798
31/1/23;0,3062
1/2/23;0,7143
2/2/23;-1,8409
3/2/23;-0,2678
6/2/23;-0,7145
7/2/23;0,5791
8/2/23;-0,229
9/2/23;-0,3843
10/2/23;0,1201
13/2/23;1,5537
14/2/23;-0,0883
15/2/23;0,3365
16/2/23;-1,0439
17/2/23;-1,2644
21/2/23;-2,2575
22/2/23;-0,0761
23/2/23;0,3018
24/2/23;-0,866
27/2/23;1,0548
28/2/23;0,9922
1/3/23;2,5527
2/3/23;1,4013
3/3/23;1,7226
6/3/23;-0,56
7/3/23;-0,5457
8/3/23;0,0337
9/3/23;-3,5685
10/3/23;-2,3024
13/3/23;-1,2233
14/3/23;1,5851
15/3/23;-3,8882
16/3/23;2,8796
17/3/23;-2,7178
20/3/23;-0,1999
21/3/23;1,8779
22/3/23;-2,6531
23/3/23;1,4203
24/3/23;-0,3206
27/3/23;0,0759
28/3/23;0,2975
29/3/23;1,669
30/3/23;0,9098
31/3/23;1,7103
3/4/23;0,1228
4/4/23;-0,6948
5/4/23;-2,786
6/4/23;0,0813
10/4/23;0,7313
11/4/23;-0,3777
12/4/23;-0,826
13/4/23;1,6195
14/4/23;-0,2969
17/4/23;0,8452
18/4/23;0,6784
19/4/23;-0,4948
20/4/23;-0,2495
21/4/23;0,1847
24/4/23;-0,2987
25/4/23;-1,6061
26/4/23;-0,8002
27/4/23;0,8627
28/4/23;0,6903
1/5/23;1,3155
2/5/23;-1,1647
3/5/23;-0,8161
4/5/23;-0,5767
5/5/23;1,8208
8/5/23;1,2637
9/5/23;-0,5512
10/5/23;0,6139
11/5/23;-0,6649
12/5/23;1,9715
15/5/23;0,4663
16/5/23;-0,9811
17/5/23;1,8051
18/5/23;1,3477
19/5/23;-0,7167
22/5/23;-0,2088
23/5/23;-2,583
24/5/23;-0,4894
25/5/23;3,0617
26/5/23;1,3204
30/5/23;0,1913
31/5/23;-0,9198
1/6/23;1,3626
2/6/23;0,7608
5/6/23;-0,0715
6/6/23;0,6524
7/6/23;-1,1822
8/6/23;0,5532
9/6/23;0,6752
12/6/23;1,8865
13/6/23;0,2369
14/6/23;0,1661
15/6/23;0,4849
16/6/23;-1,0084
20/6/23;0,128
21/6/23;-0,7212
22/6/23;0,0886
23/6/23;-0,4419
26/6/23;-1,0592
27/6/23;1,7989
28/6/23;0,6627
29/6/23;-0,1235
30/6/23;1,3769
3/7/23;-0,2618
5/7/23;0,0064
6/7/23;-1,4511
7/7/23;0,013
10/7/23;1,8653
11/7/23;0,3049
12/7/23;0,4781
13/7/23;0,754
14/7/23;-0,3559
17/7/23;1,131
18/7/23;0,5467
19/7/23;-0,5772
20/7/23;-2,413
21/7/23;0,0075
24/7/23;-0,0837
25/7/23;1,4191
26/7/23;-0,5155
27/7/23;2,5681
28/7/23;0,8403
31/7/23;0,3146
1/8/23;-0,1606
2/8/23;-3,0596
3/8/23;0,0227
4/8/23;0,1876
7/8/23;1,8423
8/8/23;-1,3515
9/8/23;-2,0596
10/8/23;-0,3125
11/8/23;-1,3202
14/8/23;2,0368
15/8/23;-0,8972
16/8/23;-1,91
17/8/23;-1,8869
18/8/23;0,1821
21/8/23;1,3957
22/8/23;-0,2449
23/8/23;2,1852
24/8/23;-3,2112
25/8/23;0,0751
28/8/23;0,7986
29/8/23;2,5137
30/8/23;0,0696
31/8/23;0,8708
1/9/23;-0,5045
5/9/23;-0,4853
6/9/23;-0,1364
7/9/23;-0,81
8/9/23;-0,3424
11/9/23;0,8808
12/9/23;-1,1752
13/9/23;0,067
14/9/23;1,1465
15/9/23;-2,0943
18/9/23;0,0872
19/9/23;0,3406
20/9/23;-1,4064
21/9/23;-2,0527
22/9/23;0,0677
25/9/23;0,2882
26/9/23;-0,8563
27/9/23;0,3412
28/9/23;1,2159
29/9/23;-0,6755
2/10/23;0,2518
3/10/23;-1,5662
4/10/23;1,1922
5/10/23;-0,0149
6/10/23;1,3682
9/10/23;-0,0702
10/10/23;0,6176
11/10/23;0,8382
12/10/23;-0,2867
13/10/23;-1,2299
16/10/23;0,4948
17/10/23;-0,1684
18/10/23;-1,3731
19/10/23;-0,9079
20/10/23;-0,942
23/10/23;0,5041
24/10/23;1,1124
25/10/23;-1,4495
26/10/23;-1,1533
27/10/23;-0,0801
30/10/23;0,9743
31/10/23;0,0214
1/11/23;0,7535
2/11/23;1,1601
3/11/23;0,6442
6/11/23;0,2434
7/11/23;0,9505
8/11/23;0,5304
9/11/23;-0,5357
10/11/23;1,385
13/11/23;0,5325
14/11/23;1,5588
15/11/23;-0,8507
16/11/23;-0,0955
17/11/23;0,4823
20/11/23;0,9107
21/11/23;-0,2213
22/11/23;0,0785
24/11/23;0,0885
27/11/23;-0,1512
28/11/23;0,2639
29/11/23;0,7379
30/11/23;-0,1852
1/12/23;0,123
4/12/23;-1,1065
5/12/23;0,5088
6/12/23;-1,0059
7/12/23;1,1915
8/12/23;0,9672
11/12/23;0,7819
12/12/23;1,5302
13/12/23;0,9457
14/12/23;-1,3128
15/12/23;1,3537
18/12/23;1,0702
19/12/23;0,3787
20/12/23;-1,7399
21/12/23;0,9597
22/12/23;-0,1675
26/12/23;0,7645
27/12/23;0,1594
28/12/23;-0,139
29/12/23;-0,3722
2/1/24;-3,0878
3/1/24;-1,2085
4/1/24;0,2563
5/1/24;0,905
8/1/24;3,2675
9/1/24;1,4476
10/1/24;1,1962
11/1/24;0,6348
12/1/24;-0,2866
16/1/24;0,7287
17/1/24;-0,9958
18/1/24;1,7392
19/1/24;2,8982
22/1/24;0,5253
23/1/24;-0,3891
24/1/24;1,3764
25/1/24;0,1191
26/1/24;-1,9727
29/1/24;1,2146
30/1/24;-1,1145
31/1/24;-1,5208
1/2/24;1,8607
2/2/24;3,6774
5/2/24;-0,268
6/2/24;-0,7331
7/2/24;2,4758
8/2/24;1,2476
9/2/24;1,1277
12/2/24;-0,7382
13/2/24;-1,55
14/2/24;3,6926
15/2/24;0,1699
16/2/24;-1,1846
20/2/24;-2,0643
21/2/24;-3,804
22/2/24;6,4125
23/2/24;0,0888
26/2/24;0,989
27/2/24;0,3229
28/2/24;-0,7171
29/2/24;2,0223
1/3/24;1,4789
4/3/24;1,073
5/3/24;-1,4109
6/3/24;1,9837
7/3/24;1,284
8/3/24;-2,4796
11/3/24;-2,1107
12/3/24;2,4516
13/3/24;-0,4294
14/3/24;-1,3277
15/3/24;-0,8937
18/3/24;0,7381
19/3/24;0,2656
20/3/24;1,733
21/3/24;0,7268
22/3/24;0,5797
25/3/24;0,135
26/3/24;-0,5926
27/3/24;-0,6515
28/3/24;-0,3474
1/4/24;0,459
2/4/24;-0,7337
3/4/24;1,4414
4/4/24;-2,451
5/4/24;2,5759
8/4/24;-0,9295
9/4/24;-1,0026
10/4/24;-0,346
11/4/24;2,1498
12/4/24;-1,6836
15/4/24;-2,3525
16/4/24;0,4478
17/4/24;-2,1401
18/4/24;-0,7395
19/4/24;-3,6074
22/4/24;1,3909
23/4/24;3,0451
24/4/24;-1,092
25/4/24;0,0894
26/4/24;1,9011
29/4/24;-0,083
30/4/24;-1,6571
1/5/24;-0,9502
2/5/24;0,326
3/5/24;1,7336
6/5/24;2,651
7/5/24;-1,3198
8/5/24;0,4694
9/5/24;1,4296
10/5/24;0,2306
13/5/24;-0,4273
14/5/24;1,1268
15/5/24;2,6309
16/5/24;-1,2248
17/5/24;-0,6155
20/5/24;0,6499
21/5/24;0,7654
22/5/24;-0,9854
23/5/24;1,2741
24/5/24;2,7656
28/5/24;1,1073
29/5/24;-0,5566
30/5/24;-1,9686
31/5/24;-1,2433
3/6/24;-0,4063
4/6/24;-0,9416
5/6/24;4,325
6/6/24;-1,9603
7/6/24;0,0378
10/6/24;2,8325
11/6/24;0,3195
12/6/24;1,3844
13/6/24;0,5216
14/6/24;-0,7084
17/6/24;1,0448
18/6/24;1,5814
20/6/24;-1,7906
21/6/24;-1,3933
24/6/24;-1,7782
25/6/24;2,0368
26/6/24;-0,9909
27/6/24;-0,9007
28/6/24;-1,1526
1/7/24;1,1154
2/7/24;0,0047
3/7/24;1,8829
5/7/24;-0,8237
8/7/24;1,0975
9/7/24;0,2874
10/7/24;0,5763
11/7/24;-1,9208
12/7/24;0,5837
15/7/24;-0,6821
16/7/24;-0,9523
17/7/24;-4,9812
18/7/24;-0,0794
19/7/24;-1,7169
22/7/24;0,8337
23/7/24;0,5731
24/7/24;-4,5668
25/7/24;-1,6661
26/7/24;1,3461
29/7/24;-0,3479
30/7/24;-3,5266
31/7/24;5,9863
1/8/24;-2,3505
2/8/24;-2,3149
5/8/24;-1,7766
6/8/24;1,9713
7/8/24;-0,9623
8/8/24;3,5363
9/8/24;0,8353
12/8/24;-0,2593
13/8/24;1,722
14/8/24;0,4147
15/8/24;1,2635
16/8/24;-0,0891
19/8/24;0,4854
20/8/24;-0,499
21/8/24;0,9017
22/8/24;-0,7346
23/8/24;1,428
26/8/24;-0,7269
27/8/24;0,3662
28/8/24;-0,9276
29/8/24;0,4569
30/8/24;1,2394
3/9/24;-4,3723
4/9/24;0,5196
5/9/24;-0,8958
6/9/24;-1,5527
9/9/24;1,5233
10/9/24;0,5273
11/9/24;1,4173
12/9/24;0,7756
13/9/24;1,6827
16/9/24;0,8067
17/9/24;0,1305
18/9/24;0,4045
19/9/24;1,3319
20/9/24;3,1539
23/9/24;0,7662
24/9/24;0,0417
25/9/24;0,9254
26/9/24;-0,7289
27/9/24;0,257
30/9/24;0,5529
1/10/24;-0,3099
2/10/24;0,7341
3/10/24;1,4307
4/10/24;1,5977
7/10/24;-0,7975
8/10/24;0,5679
9/10/24;-0,7712
10/10/24;-0,5493
11/10/24;1,4552
14/10/24;2,1309
15/10/24;-1,8532
16/10/24;2,1969
17/10/24;-1,3933
18/10/24;0,0917
21/10/24;0,5251
22/10/24;-1,9795
23/10/24;-0,4788
24/10/24;-0,1172
25/10/24;-0,0791
28/10/24;1,0835
29/10/24;0,0005
30/10/24;-0,6289
31/10/24;-1,6214
1/11/24;-0,8397
4/11/24;-2,1276
5/11/24;5,0517
6/11/24;4,5014
7/11/24;2,0911
8/11/24;2,1451
11/11/24;0,6448
12/11/24;-0,9627
13/11/24;-0,27
14/11/24;-0,8841
15/11/24;0,6685
18/11/24;-0,2051
19/11/24;2,8586
20/11/24;0,0016
21/11/24;2,0794
22/11/24;0,2264
25/11/24;-0,9945
26/11/24;2,4693
27/11/24;-1,7726
29/11/24;1,5459
2/12/24;-0,9498
3/12/24;-0,021
4/12/24;1,5647
5/12/24;0,4469
6/12/24;-0,0385
9/12/24;-3,3656
10/12/24;-0,98
11/12/24;1,8108
12/12/24;-0,8299
13/12/24;-0,321
16/12/24;0,2904
17/12/24;-1,0738
18/12/24;-3,7696
19/12/24;1,0158
20/12/24;1,5838
23/12/24;0,6719
24/12/24;1,4266
26/12/24;-0,3996
27/12/24;-1,5255
30/12/24;-0,6347
31/12/24;-0,846
2/1/25;1,0023
3/1/25;1,3029
6/1/25;0,6515
7/1/25;-0,7752
8/1/25;0,4135
10/1/25;-0,1432
13/1/25;-0,3744
14/1/25;1,169
15/1/25;0,5016
16/1/25;0,464
17/1/25;0,4711
21/1/25;1,406
22/1/25;0,2652
23/1/25;0,0323
24/1/25;-0,2492
27/1/25;-6,4742
28/1/25;2,3573
29/1/25;0,429
30/1/25;1,9897
31/1/25;-0,8521
3/2/25;-0,3453
4/2/25;0,4286
5/2/25;0,8466
6/2/25;0,336
7/2/25;-1,15
10/2/25;-0,2829
11/2/25;-1,3532
12/2/25;0,1334
13/2/25;0,7241
14/2/25;0,2317
18/2/25;0,2476
19/2/25;0,4168
20/2/25;-2,277
21/2/25;-3,3936
24/2/25;-0,4924
25/2/25;-1,1062
26/2/25;1,0461
27/2/25;-2,0084
28/2/25;1,8058
3/3/25;-1,1169
4/3/25;-1,9594
5/3/25;0,7102
6/3/25;-2,7253
7/3/25;-0,2655
10/3/25;-2,0132
11/3/25;0,1798
12/3/25;0,0961
13/3/25;-1,9917
14/3/25;2,0108
17/3/25;1,006
18/3/25;-1,0636
19/3/25;1,7948
20/3/25;-0,0923
21/3/25;-0,494
24/3/25;2,0998
25/3/25;0,362
26/3/25;-0,6981
27/3/25;-1,0473
28/3/25;-1,5155
31/3/25;0,6219
1/4/25;0,1999
2/4/25;0,86
3/4/25;-3,5755
4/4/25;-3,5317
7/4/25;0,4513
8/4/25;-0,7491
9/4/25;4,1863
10/4/25;-1,664
11/4/25;0,5095
14/4/25;0,5609
15/4/25;0,3952
16/4/25;-0,6
17/4/25;0,108
21/4/25;-1,1672
22/4/25;1,4443
23/4/25;0,9868
24/4/25;0,9572
25/4/25;0,005
28/4/25;0,3155
29/4/25;0,1616
30/4/25;-0,0403
1/5/25;0,2407
2/5/25;0,5863
5/5/25;-0,0074
6/5/25;-0,1004
7/5/25;0,1267
8/5/25;0,3991
9/5/25;-0,1222
12/5/25;0,2252
13/5/25;0,55
14/5/25;0,0052
15/5/25;0,0475
16/5/25;0,2135
19/5/25;0,3194
20/5/25;0,0199
21/5/25;-0,2887
22/5/25;-0,0716
23/5/25;-0,0225
27/5/25;0,4073
28/5/25;0,0337
29/5/25;-0,3284
30/5/25;0,2321
2/6/25;1,2103
3/6/25;0,8212
4/6/25;0,704
5/6/25;-0,257
6/6/25;0,3845
9/6/25;-1,2111
10/6/25;-1,6601
11/6/25;1,0806
12/6/25;-0,116
13/6/25;-0,9146
16/6/25;1,4278
17/6/25;-1,022
18/6/25;-0,7803
20/6/25;-0,2031
23/6/25;1,5702
24/6/25;1,8722
25/6/25;-1,1598
26/6/25;1,8159
27/6/25;1,1085
30/6/25;1,6911
1/7/25;-4,3121
2/7/25;0,7388
3/7/25;2,1163
7/7/25;0,6688
8/7/25;-1,1789
9/7/25;1,9222
10/7/25;-1,5721
11/7/25;0,4097
14/7/25;1,8153
15/7/25;-0,8662
16/7/25;-0,4932
17/7/25;0,8568
18/7/25;0,3331
21/7/25;0,1089
22/7/25;-1,4066
23/7/25;2,4137
24/7/25;-0,2971
25/7/25;0,7752
28/7/25;0,3291
29/7/25;-0,9072
30/7/25;2,0813
31/7/25;-0,5427
1/8/25;-0,9825
4/8/25;2,9336
5/8/25;-0,018
6/8/25;-0,1584
7/8/25;1,5809
8/8/25;0,2083
11/8/25;-0,4941
12/8/25;1,7011
13/8/25;-1,8945
14/8/25;-3,281
15/8/25;-0,5201
18/8/25;0,3861
19/8/25;-3,8849
20/8/25;-0,189
21/8/25;-0,1202
22/8/25;1,3968
25/8/25;-0,3856
26/8/25;2,2655
27/8/25;-0,4681
28/8/25;1,5894
29/8/25;-2,1624
2/9/25;-0,9567
3/9/25;1,068
4/9/25;1,9765
5/9/25;-0,4876
8/9/25;1,7759
9/9/25;0,7887
10/9/25;1,7486
11/9/25;0,5356
12/9/25;0,0543
15/9/25;1,7525
16/9/25;-0,2574
17/9/25;-0,152
18/9/25;1,6799
19/9/25;1,4281
22/9/25;1,2717
23/9/25;-0,2497
24/9/25;-1,2451
25/9/25;-1,6741
26/9/25;1,0322
29/9/25;2,2389
30/9/25;1,015
1/10/25;1,3215
2/10/25;0,2229
3/10/25;-0,8021
6/10/25;1,1715
7/10/25;-1,0034
8/10/25;1,301
9/10/25;-1,1667
10/10/25;-4,0986
13/10/25;4,1731
14/10/25;0,1458
15/10/25;0,9664
16/10/25;0,4903
17/10/25;-1,229
20/10/25;1,2452
21/10/25;-0,6395
22/10/25;-0,7349
23/10/25;2,6293
24/10/25;0,2762
27/10/25;0,2586
28/10/25;-0,231
29/10/25;1,4851
30/10/25;-0,5931
31/10/25;0,4874
3/11/25;0,2594
4/11/25;-2,6485
5/11/25;1,3332
6/11/25;-1,948
7/11/25;0,3359
10/11/25;2,7105
11/11/25;-0,9739
12/11/25;-0,5189
13/11/25;-3,3834
14/11/25;0,3348
17/11/25;-0,825
18/11/25;-0,6152
19/11/25;1,8283
20/11/25;-3,1929
21/11/25;0,6666
24/11/25;3,202
25/11/25;0,6277
26/11/25;1,5954
28/11/25;0,6332
1/12/25;-1,4998
2/12/25;0,8779
3/12/25;0,0329
4/12/25;0,0059
5/12/25;0,7726
8/12/25;0,2034
9/12/25;0,7333
10/12/25;1,6876
11/12/25;-0,1729
12/12/25;-2,1009
15/12/25;-0,0816
16/12/25;-0,4036
17/12/25;-1,9134
18/12/25;0,9532
19/12/25;1,2986
22/12/25;0,8544
23/12/25;0,2671
24/12/25;0,1986
26/12/25;-0,0932
29/12/25;-0,4725
30/12/25;0,0008
31/12/25;-0,523
2/1/26;0,7119
5/1/26;2,5263
6/1/26;3,5426
7/1/26;-1,5948
8/1/26;-2,0649
9/1/26;2,6848
12/1/26;2,2247
13/1/26;1,1266
14/1/26;-1,3267
15/1/26;-0,3018
16/1/26;-0,8931
20/1/26;0,1193
21/1/26;1,5288
22/1/26;0,1119
23/1/26;0,3651
26/1/26;1,0572
27/1/26;2,441
28/1/26;2,1612
29/1/26;-0,5335
30/1/26;-5,6525
2/2/26;2,0728
3/2/26;2,262
4/2/26;-4,3854
5/2/26;-1,162
6/2/26;5,2431
9/2/26;2,2145
10/2/26;-1,249
11/2/26;2,3761
12/2/26;-3,2157
13/2/26;1,9616
17/2/26;-0,3739
18/2/26;0,752
19/2/26;0,7285
20/2/26;2,2831
23/2/26;-0,4526
24/2/26;3,2694
25/2/26;1,1716
26/2/26;-2,4769
27/2/26;-1,2333
2/3/26;-0,4093
3/3/26;-2,5889
4/3/26;0,9052
5/3/26;-1,7565
6/3/26;-2,1217
9/3/26;2,0956
10/3/26;0,75
11/3/26;0,1673
12/3/26;-1,3981
13/3/26;-0,5026
16/3/26;0,9075
17/3/26;0,4122
18/3/26;-0,3985
19/3/26;0,3591
20/3/26;-1,673
23/3/26;1,2584
24/3/26;1,2021
25/3/26;0,4679
26/3/26;-2,8889
27/3/26;-0,405
30/3/26;-2,0005
31/3/26;3,1868
1/4/26;1,4605
2/4/26;-0,0636
6/4/26;0,1901
7/4/26;0,3621
8/4/26;1,7465
9/4/26;0,8088
10/4/26;0,3042
13/4/26;0,9266
14/4/26;-0,1904
15/4/26;-0,517
16/4/26;0,8168
17/4/26;-0,2118
20/4/26;-0,2262
21/4/26;0,3741
22/4/26;0,7572
23/4/26;0,3994
24/4/26;1,4166
27/4/26;0,4386
28/4/26;-1,3352
29/4/26;1,3558
30/4/26;1,2455
1/5/26;-0,3195
4/5/26;-0,6448
5/5/26;2,8602
6/5/26;4,7768
7/5/26;-2,8585
8/5/26;2,774
11/5/26;2,6126
12/5/26;-1,2952
13/5/26;0,3957
14/5/26;0,5068
15/5/26;-2,6864
18/5/26;-3,3223
19/5/26;-1,4826
20/5/26;2,6893
21/5/26;-0,5108
22/5/26;0,7425
26/5/26;2,9871
27/5/26;-0,8499
28/5/26;0,3803
29/5/26;-0,5634
1/6/26;-0,3863
2/6/26;5,1425
3/6/26;0,5258
4/6/26;0,1624
5/6/26;-6,5538