2/1/91;0.00
3/1/91;0.00
4/1/91;0.00
7/1/91;0.00
8/1/91;0.00
9/1/91;0.00
10/1/91;0.00
11/1/91;0.00
14/1/91;0.00
15/1/91;0.00
16/1/91;0.00
17/1/91;0.00
18/1/91;0.00
21/1/91;0.00
22/1/91;0.00
23/1/91;0.00
24/1/91;0.00
25/1/91;0.00
28/1/91;0.00
29/1/91;0.00
30/1/91;0.00
31/1/91;0.00
1/2/91;-0.26
4/2/91;1.43
5/2/91;1.13
6/2/91;0.98
7/2/91;-1.02
8/2/91;0.29
11/2/91;2.25
12/2/91;-0.30
13/2/91;0.17
14/2/91;-1.64
15/2/91;1.00
19/2/91;1.93
20/2/91;-0.85
21/2/91;-0.92
22/2/91;1.07
25/2/91;0.86
26/2/91;-1.05
27/2/91;1.69
28/2/91;-0.06
1/3/91;1.20
4/3/91;-0.44
5/3/91;3.00
6/3/91;0.81
7/3/91;0.98
8/3/91;-0.03
11/3/91;-2.17
12/3/91;-2.04
13/3/91;1.69
14/3/91;-0.06
15/3/91;-1.38
18/3/91;-0.53
19/3/91;-0.47
20/3/91;1.63
21/3/91;1.60
22/3/91;0.33
25/3/91;0.19
26/3/91;2.34
27/3/91;-0.33
28/3/91;0.34
1/4/91;-1.28
2/4/91;2.07
3/4/91;0.79
4/4/91;0.13
5/4/91;-1.62
8/4/91;0.71
9/4/91;-1.86
10/4/91;-1.32
11/4/91;1.71
12/4/91;0.56
15/4/91;0.78
16/4/91;1.09
17/4/91;0.53
18/4/91;-2.25
19/4/91;-2.24
22/4/91;-1.79
23/4/91;0.25
24/4/91;-0.25
25/4/91;-0.42
26/4/91;0.73
29/4/91;-1.44
30/4/91;-1.04
1/5/91;1.72
2/5/91;1.12
3/5/91;-0.56
6/5/91;-0.47
7/5/91;-0.72
8/5/91;1.14
9/5/91;0.90
10/5/91;-1.20
13/5/91;-1.10
14/5/91;-2.10
15/5/91;-1.23
16/5/91;1.44
17/5/91;-0.43
20/5/91;-0.55
21/5/91;1.65
22/5/91;0.72
23/5/91;1.02
24/5/91;1.01
28/5/91;0.65
29/5/91;1.35
30/5/91;1.90
31/5/91;0.39
3/6/91;-1.73
4/6/91;0.14
5/6/91;1.28
6/6/91;-0.56
7/6/91;-2.17
10/6/91;0.03
11/6/91;0.40
12/6/91;-1.73
13/6/91;-0.34
14/6/91;2.46
17/6/91;-0.33
18/6/91;-0.88
19/6/91;-1.06
20/6/91;0.76
21/6/91;0.30
24/6/91;-3.76
25/6/91;0.89
26/6/91;-0.32
27/6/91;1.18
28/6/91;-0.65
1/7/91;3.70
2/7/91;0.34
3/7/91;-1.69
5/7/91;0.40
8/7/91;0.58
9/7/91;0.74
10/7/91;1.45
11/7/91;-0.05
12/7/91;2.07
15/7/91;1.29
16/7/91;-1.23
17/7/91;-0.63
18/7/91;0.70
19/7/91;-0.32
22/7/91;-1.72
23/7/91;-1.23
24/7/91;-0.33
25/7/91;0.45
26/7/91;1.80
29/7/91;0.39
30/7/91;0.91
31/7/91;0.34
1/8/91;0.53
2/8/91;0.73
5/8/91;-0.90
6/8/91;1.89
7/8/91;0.28
8/8/91;0.92
9/8/91;0.08
12/8/91;1.77
13/8/91;1.05
14/8/91;0.89
15/8/91;-1.41
16/8/91;-1.74
19/8/91;-2.59
20/8/91;1.21
21/8/91;3.49
22/8/91;1.17
23/8/91;-0.79
26/8/91;-1.04
27/8/91;-0.53
28/8/91;1.04
29/8/91;-1.62
30/8/91;-0.86
3/9/91;-1.37
4/9/91;-0.72
5/9/91;0.68
6/9/91;0.63
9/9/91;0.27
10/9/91;-2.08
11/9/91;0.45
12/9/91;1.02
13/9/91;-1.46
16/9/91;0.72
17/9/91;-0.62
18/9/91;1.12
19/9/91;0.19
20/9/91;0.21
23/9/91;-0.45
24/9/91;-0.10
25/9/91;0.51
26/9/91;-0.26
27/9/91;-0.83
30/9/91;0.08
1/10/91;0.47
2/10/91;-0.46
3/10/91;-1.37
4/10/91;-1.59
7/10/91;-1.90
8/10/91;1.22
9/10/91;-0.75
10/10/91;1.27
11/10/91;1.48
14/10/91;2.80
15/10/91;1.62
16/10/91;0.81
17/10/91;-1.66
18/10/91;0.14
21/10/91;-0.54
22/10/91;-1.02
23/10/91;-0.28
24/10/91;-0.95
25/10/91;-1.16
28/10/91;2.93
29/10/91;1.18
30/10/91;1.91
31/10/91;-2.73
1/11/91;-1.07
4/11/91;-0.60
5/11/91;0.35
6/11/91;2.10
7/11/91;0.92
8/11/91;-0.54
11/11/91;0.21
12/11/91;0.89
13/11/91;1.34
14/11/91;-0.32
15/11/91;-5.40
18/11/91;1.72
19/11/91;-2.03
20/11/91;0.90
21/11/91;1.15
22/11/91;0.32
25/11/91;-0.78
26/11/91;1.41
27/11/91;0.09
29/11/91;-0.41
2/12/91;1.12
3/12/91;1.20
4/12/91;-0.18
5/12/91;-1.27
6/12/91;0.71
9/12/91;0.10
10/12/91;0.21
11/12/91;-0.07
12/12/91;1.42
13/12/91;1.09
16/12/91;-0.08
17/12/91;-0.75
18/12/91;-0.12
19/12/91;-0.41
20/12/91;-0.19
23/12/91;2.02
24/12/91;1.00
26/12/91;1.05
27/12/91;0.84
30/12/91;2.74
31/12/91;0.11
2/1/92;0.90
3/1/92;0.76
6/1/92;-0.22
7/1/92;0.54
8/1/92;-0.35
9/1/92;-0.53
10/1/92;-0.49
13/1/92;0.38
14/1/92;3.14
15/1/92;-0.03
16/1/92;-3.03
17/1/92;-0.48
20/1/92;-2.11
21/1/92;-3.37
22/1/92;3.73
23/1/92;-1.77
24/1/92;0.24
27/1/92;-0.55
28/1/92;-1.44
29/1/92;-0.52
30/1/92;-0.26
31/1/92;-0.24
3/2/92;0.74
4/2/92;2.16
5/2/92;1.43
6/2/92;-0.62
7/2/92;-0.46
10/2/92;0.47
11/2/92;-0.38
12/2/92;0.87
13/2/92;-1.40
14/2/92;-0.10
18/2/92;-0.90
19/2/92;1.48
20/2/92;3.04
21/2/92;-0.44
24/2/92;-1.17
25/2/92;-0.41
26/2/92;0.59
27/2/92;1.13
28/2/92;-0.26
2/3/92;0.16
3/3/92;0.16
4/3/92;-0.81
5/3/92;-1.32
6/3/92;-1.02
9/3/92;-0.28
10/3/92;0.78
11/3/92;-1.35
12/3/92;0.14
13/3/92;0.25
16/3/92;-0.22
17/3/92;0.78
18/3/92;0.73
19/3/92;0.68
20/3/92;0.17
23/3/92;0.06
24/3/92;-0.36
25/3/92;-0.36
26/3/92;-0.99
27/3/92;-0.65
30/3/92;-0.31
31/3/92;0.08
1/4/92;0.28
2/4/92;-1.77
3/4/92;-0.34
6/4/92;0.42
7/4/92;-2.35
8/4/92;-0.77
9/4/92;1.82
10/4/92;0.75
13/4/92;1.93
14/4/92;1.99
15/4/92;1.60
16/4/92;-1.19
20/4/92;-2.05
21/4/92;0.23
22/4/92;1.27
23/4/92;-0.25
24/4/92;0.79
27/4/92;-2.05
28/4/92;-0.38
29/4/92;1.71
30/4/92;0.22
1/5/92;0.01
4/5/92;0.93
5/5/92;0.67
6/5/92;0.98
7/5/92;-0.59
8/5/92;-0.26
11/5/92;0.03
12/5/92;0.21
13/5/92;0.17
14/5/92;-0.88
15/5/92;0.11
18/5/92;0.76
19/5/92;-0.01
20/5/92;-0.32
21/5/92;-0.94
22/5/92;-0.45
26/5/92;-2.18
27/5/92;0.56
28/5/92;0.96
29/5/92;1.05
1/6/92;0.11
2/6/92;1.40
3/6/92;0.82
4/6/92;-0.22
5/6/92;-1.27
8/6/92;-0.91
9/6/92;-1.86
10/6/92;-1.56
11/6/92;-0.17
12/6/92;0.66
15/6/92;0.62
16/6/92;-1.17
17/6/92;-1.80
18/6/92;-1.78
19/6/92;0.92
22/6/92;-0.13
23/6/92;-0.04
24/6/92;-0.56
25/6/92;-0.05
26/6/92;0.15
29/6/92;2.53
30/6/92;0.35
1/7/92;1.57
2/7/92;-0.98
6/7/92;-0.61
7/7/92;-2.51
8/7/92;-0.97
9/7/92;1.81
10/7/92;1.03
13/7/92;0.19
14/7/92;1.15
15/7/92;-0.75
16/7/92;-0.80
17/7/92;-0.36
20/7/92;-0.22
21/7/92;1.00
22/7/92;-1.06
23/7/92;-0.61
24/7/92;0.17
27/7/92;-1.03
28/7/92;1.88
29/7/92;1.33
30/7/92;0.97
31/7/92;0.55
3/8/92;0.67
4/8/92;-0.75
5/8/92;-0.51
6/8/92;-0.71
7/8/92;-0.40
10/8/92;-0.20
11/8/92;-0.27
12/8/92;0.00
13/8/92;-0.59
14/8/92;1.59
17/8/92;0.53
18/8/92;-0.99
19/8/92;-2.14
20/8/92;0.49
21/8/92;-1.15
24/8/92;-2.74
25/8/92;-0.76
26/8/92;0.14
27/8/92;0.95
28/8/92;-0.18
31/8/92;-0.72
1/9/92;1.66
2/9/92;1.92
3/9/92;-0.61
4/9/92;-0.51
8/9/92;-1.26
9/9/92;0.89
10/9/92;3.45
11/9/92;-0.59
14/9/92;1.62
15/9/92;-1.50
16/9/92;-0.40
17/9/92;0.22
18/9/92;2.00
21/9/92;-0.07
22/9/92;-1.53
23/9/92;-0.72
24/9/92;0.62
25/9/92;-1.47
28/9/92;1.61
29/9/92;1.47
30/9/92;1.03
1/10/92;-0.72
2/10/92;-0.80
5/10/92;-1.57
6/10/92;1.45
7/10/92;0.10
8/10/92;1.26
9/10/92;-0.33
12/10/92;0.92
13/10/92;0.75
14/10/92;-0.61
15/10/92;0.53
16/10/92;1.56
19/10/92;2.60
20/10/92;-0.12
21/10/92;0.75
22/10/92;0.29
23/10/92;-0.28
26/10/92;1.73
27/10/92;-0.01
28/10/92;1.65
29/10/92;0.34
30/10/92;-1.50
2/11/92;1.15
3/11/92;-0.95
4/11/92;0.25
5/11/92;1.10
6/11/92;0.13
9/11/92;0.00
10/11/92;0.53
11/11/92;1.78
12/11/92;0.55
13/11/92;-0.29
16/11/92;-1.12
17/11/92;-0.61
18/11/92;0.29
19/11/92;0.51
20/11/92;0.57
23/11/92;-0.18
24/11/92;0.87
25/11/92;0.94
27/11/92;0.76
30/11/92;0.46
1/12/92;0.30
2/12/92;-0.34
3/12/92;0.51
4/12/92;1.91
7/12/92;0.33
8/12/92;0.69
9/12/92;-0.71
10/12/92;-2.44
11/12/92;0.11
14/12/92;0.45
15/12/92;-1.30
16/12/92;-1.06
17/12/92;1.14
18/12/92;2.67
21/12/92;0.58
22/12/92;-0.99
23/12/92;1.59
24/12/92;0.11
28/12/92;0.71
29/12/92;-0.16
30/12/92;-0.34
31/12/92;-0.40
4/1/93;-0.01
5/1/93;-0.11
6/1/93;2.20
7/1/93;-1.31
8/1/93;0.37
11/1/93;1.86
12/1/93;0.52
13/1/93;-0.36
14/1/93;1.85
15/1/93;1.19
18/1/93;1.05
19/1/93;0.27
20/1/93;0.73
21/1/93;0.31
22/1/93;1.61
25/1/93;0.64
26/1/93;-0.02
27/1/93;-1.43
28/1/93;-0.35
29/1/93;-2.02
1/2/93;0.84
2/2/93;0.54
3/2/93;0.31
4/2/93;1.38
5/2/93;0.64
8/2/93;-1.28
9/2/93;-1.57
10/2/93;-0.01
11/2/93;1.10
12/2/93;-0.56
16/2/93;-4.45
17/2/93;-0.49
18/2/93;-0.01
19/2/93;0.63
22/2/93;0.23
23/2/93;-1.01
24/2/93;1.44
25/2/93;0.27
26/2/93;0.04
1/3/93;-0.34
2/3/93;1.27
3/3/93;0.45
4/3/93;-0.84
5/3/93;0.20
8/3/93;2.45
9/3/93;0.35
10/3/93;-0.03
11/3/93;-0.48
12/3/93;-0.76
15/3/93;1.51
16/3/93;1.10
17/3/93;-1.83
18/3/93;0.99
19/3/93;-0.42
22/3/93;-0.74
23/3/93;-0.10
24/3/93;0.45
25/3/93;0.92
26/3/93;-0.47
29/3/93;0.62
30/3/93;0.05
31/3/93;0.55
1/4/93;-0.04
2/4/93;-3.35
5/4/93;0.93
6/4/93;-0.74
7/4/93;2.34
8/4/93;0.40
12/4/93;2.14
13/4/93;-0.56
14/4/93;0.58
15/4/93;-0.12
16/4/93;-0.93
19/4/93;-1.31
20/4/93;-0.43
21/4/93;0.07
22/4/93;-1.11
23/4/93;-1.87
26/4/93;-1.72
27/4/93;1.16
28/4/93;2.45
29/4/93;0.85
30/4/93;0.88
3/5/93;1.23
4/5/93;0.78
5/5/93;1.64
6/5/93;0.06
7/5/93;0.09
10/5/93;0.68
11/5/93;0.56
12/5/93;-0.43
13/5/93;-0.67
14/5/93;0.32
17/5/93;1.25
18/5/93;1.15
19/5/93;2.06
20/5/93;0.78
21/5/93;-0.68
24/5/93;1.71
25/5/93;-0.54
26/5/93;2.07
27/5/93;-0.19
28/5/93;-0.90
1/6/93;2.45
2/6/93;0.25
3/6/93;0.66
4/6/93;-1.35
7/6/93;-3.09
8/6/93;-2.00
9/6/93;-0.26
10/6/93;-0.62
11/6/93;1.67
14/6/93;0.87
15/6/93;0.12
16/6/93;-0.86
17/6/93;-0.40
18/6/93;-1.60
21/6/93;-0.36
22/6/93;-0.77
23/6/93;-0.72
24/6/93;0.76
25/6/93;2.57
28/6/93;2.27
29/6/93;-1.07
30/6/93;0.93
1/7/93;-0.72
2/7/93;-0.76
6/7/93;-1.44
7/7/93;-0.73
8/7/93;0.73
9/7/93;0.71
12/7/93;1.17
13/7/93;0.46
14/7/93;-0.67
15/7/93;0.34
16/7/93;-1.13
19/7/93;-0.52
20/7/93;2.69
21/7/93;0.69
22/7/93;-1.02
23/7/93;0.79
26/7/93;1.82
27/7/93;-0.43
28/7/93;-1.48
29/7/93;1.53
30/7/93;-0.20
2/8/93;2.12
3/8/93;0.07
4/8/93;0.18
5/8/93;0.54
6/8/93;0.27
9/8/93;1.27
10/8/93;-1.13
11/8/93;2.19
12/8/93;0.11
13/8/93;0.10
16/8/93;1.97
17/8/93;0.37
18/8/93;-1.59
19/8/93;-0.37
20/8/93;-0.34
23/8/93;2.03
24/8/93;0.28
25/8/93;-1.80
26/8/93;-0.66
27/8/93;0.59
30/8/93;1.60
31/8/93;0.83
1/9/93;0.24
2/9/93;-1.56
3/9/93;-0.65
7/9/93;-2.19
8/9/93;-1.42
9/9/93;2.50
10/9/93;0.96
13/9/93;-0.52
14/9/93;-1.17
15/9/93;1.91
16/9/93;0.51
17/9/93;1.48
20/9/93;1.23
21/9/93;-1.74
22/9/93;3.61
23/9/93;1.91
24/9/93;1.21
27/9/93;1.02
28/9/93;1.21
29/9/93;-0.83
30/9/93;-1.81
1/10/93;0.53
4/10/93;1.02
5/10/93;-0.41
6/10/93;-0.54
7/10/93;-0.96
8/10/93;1.11
11/10/93;1.20
12/10/93;2.08
13/10/93;0.87
14/10/93;-0.03
15/10/93;0.17
18/10/93;-0.90
19/10/93;-2.88
20/10/93;-0.82
21/10/93;0.50
22/10/93;0.72
25/10/93;-1.59
26/10/93;-0.53
27/10/93;1.59
28/10/93;-0.90
29/10/93;0.75
1/11/93;-0.11
2/11/93;-0.38
3/11/93;-1.65
4/11/93;-3.17
5/11/93;1.07
8/11/93;2.32
9/11/93;0.88
10/11/93;1.18
11/11/93;1.12
12/11/93;-0.40
15/11/93;-0.87
16/11/93;0.02
17/11/93;-1.26
18/11/93;-1.33
19/11/93;-0.44
22/11/93;-2.53
23/11/93;1.57
24/11/93;1.40
26/11/93;0.58
29/11/93;-2.24
30/11/93;-0.15
1/12/93;1.90
2/12/93;2.24
3/12/93;1.64
6/12/93;-0.62
7/12/93;1.20
8/12/93;1.12
9/12/93;-0.65
10/12/93;-0.65
13/12/93;-0.08
14/12/93;-1.49
15/12/93;0.12
16/12/93;0.85
17/12/93;0.32
20/12/93;0.09
21/12/93;-0.74
22/12/93;-1.56
23/12/93;-0.20
27/12/93;1.07
28/12/93;1.04
29/12/93;1.33
30/12/93;-0.34
31/12/93;-0.00
3/1/94;-1.09
4/1/94;1.98
5/1/94;0.46
6/1/94;-0.34
7/1/94;-0.00
10/1/94;1.98
11/1/94;0.27
12/1/94;1.16
13/1/94;0.58
14/1/94;-0.04
17/1/94;0.89
18/1/94;-0.13
19/1/94;-1.77
20/1/94;-0.33
21/1/94;0.22
24/1/94;-1.48
25/1/94;-0.07
26/1/94;-0.12
27/1/94;0.24
28/1/94;1.67
31/1/94;0.36
1/2/94;0.82
2/2/94;-0.10
3/2/94;-0.25
4/2/94;-4.45
7/2/94;0.58
8/2/94;1.75
9/2/94;1.29
10/2/94;-0.83
11/2/94;-0.57
14/2/94;0.33
15/2/94;0.85
16/2/94;-0.99
17/2/94;0.41
18/2/94;0.24
22/2/94;1.81
23/2/94;0.50
24/2/94;-0.72
25/2/94;0.20
28/2/94;1.34
1/3/94;-0.69
2/3/94;-0.37
3/3/94;0.42
4/3/94;0.21
7/3/94;1.25
8/3/94;-0.18
9/3/94;0.27
10/3/94;0.19
11/3/94;0.42
14/3/94;0.41
15/3/94;-0.24
16/3/94;-0.06
17/3/94;0.72
18/3/94;-0.34
21/3/94;-1.23
22/3/94;0.14
23/3/94;0.68
24/3/94;-1.42
25/3/94;-1.30
28/3/94;-1.23
29/3/94;-1.34
30/3/94;-0.56
31/3/94;-0.21
4/4/94;-0.48
5/4/94;1.95
6/4/94;0.51
7/4/94;0.73
8/4/94;-0.86
11/4/94;0.20
12/4/94;-1.00
13/4/94;-1.27
14/4/94;0.47
15/4/94;-0.49
18/4/94;-0.59
19/4/94;-0.69
20/4/94;-1.48
21/4/94;1.66
22/4/94;0.19
25/4/94;2.73
26/4/94;0.90
28/4/94;-0.45
29/4/94;0.93
2/5/94;0.54
3/5/94;-0.25
4/5/94;0.14
5/5/94;-0.22
6/5/94;-0.39
9/5/94;-0.69
10/5/94;0.05
11/5/94;-0.48
12/5/94;-0.04
13/5/94;-0.29
16/5/94;-0.36
17/5/94;-0.24
18/5/94;0.76
19/5/94;0.29
20/5/94;-0.16
23/5/94;-0.22
24/5/94;0.17
25/5/94;-0.05
26/5/94;-0.13
27/5/94;-0.09
31/5/94;-0.10
1/6/94;0.04
2/6/94;0.06
3/6/94;-0.01
6/6/94;-0.05
7/6/94;-0.19
8/6/94;-0.35
9/6/94;-0.13
10/6/94;0.08
13/6/94;0.16
14/6/94;0.37
15/6/94;-0.03
16/6/94;-0.12
17/6/94;-0.25
20/6/94;-0.18
21/6/94;-0.26
22/6/94;0.24
23/6/94;-0.36
24/6/94;-0.33
27/6/94;0.37
28/6/94;0.09
29/6/94;-0.04
30/6/94;-0.19
1/7/94;0.24
5/7/94;0.15
6/7/94;-0.01
7/7/94;0.22
8/7/94;-0.11
11/7/94;0.04
12/7/94;0.27
13/7/94;0.55
14/7/94;0.05
15/7/94;-0.10
18/7/94;0.06
19/7/94;-0.30
20/7/94;-0.37
21/7/94;0.14
22/7/94;-0.12
25/7/94;0.13
26/7/94;-0.17
27/7/94;-0.06
28/7/94;-0.03
29/7/94;0.29
1/8/94;1.33
2/8/94;-0.62
3/8/94;0.63
4/8/94;-1.23
5/8/94;-0.93
8/8/94;0.59
9/8/94;0.26
10/8/94;0.92
11/8/94;-1.02
12/8/94;0.27
15/8/94;0.05
16/8/94;1.80
17/8/94;0.10
18/8/94;0.87
19/8/94;-0.24
22/8/94;-0.47
23/8/94;1.63
24/8/94;1.21
25/8/94;0.36
26/8/94;1.93
29/8/94;1.11
30/8/94;0.90
31/8/94;-0.05
1/9/94;0.02
2/9/94;-0.32
6/9/94;0.16
7/9/94;1.21
8/9/94;1.94
9/9/94;-1.05
12/9/94;-0.72
13/9/94;0.74
14/9/94;0.59
15/9/94;1.72
16/9/94;0.52
19/9/94;0.36
20/9/94;-1.38
21/9/94;-0.25
22/9/94;-0.06
23/9/94;-0.37
26/9/94;-0.83
27/9/94;0.36
28/9/94;1.21
29/9/94;-0.25
30/9/94;0.20
3/10/94;0.36
4/10/94;-1.75
5/10/94;0.53
6/10/94;-0.22
7/10/94;-0.06
10/10/94;1.47
11/10/94;1.25
12/10/94;0.07
13/10/94;0.62
14/10/94;0.65
17/10/94;-0.28
18/10/94;-0.29
19/10/94;0.65
20/10/94;-0.48
21/10/94;0.12
24/10/94;-1.73
25/10/94;0.39
26/10/94;0.81
27/10/94;0.78
28/10/94;0.95
31/10/94;-0.93
1/11/94;-0.17
2/11/94;-0.26
3/11/94;0.01
4/11/94;-1.61
7/11/94;0.77
8/11/94;1.17
9/11/94;-0.35
10/11/94;-0.72
11/11/94;-0.59
14/11/94;1.25
15/11/94;0.96
16/11/94;0.04
17/11/94;-1.02
18/11/94;0.34
21/11/94;-0.29
22/11/94;-2.03
23/11/94;0.12
25/11/94;1.16
28/11/94;0.45
29/11/94;0.23
30/11/94;0.12
1/12/94;-1.44
2/12/94;0.31
5/12/94;0.78
6/12/94;0.05
7/12/94;-0.16
8/12/94;-2.16
9/12/94;0.58
12/12/94;-0.06
13/12/94;-0.08
14/12/94;1.14
15/12/94;1.76
16/12/94;-0.14
19/12/94;0.07
20/12/94;0.64
21/12/94;1.09
22/12/94;0.15
23/12/94;0.81
27/12/94;1.05
28/12/94;-0.53
29/12/94;0.87
30/12/94;-0.01
3/1/95;-0.88
4/1/95;0.23
5/1/95;-0.29
6/1/95;0.43
9/1/95;0.35
10/1/95;0.43
11/1/95;-0.02
12/1/95;-0.08
13/1/95;-0.04
16/1/95;0.70
17/1/95;0.14
18/1/95;-0.17
19/1/95;-0.03
20/1/95;-0.65
23/1/95;0.07
24/1/95;0.28
25/1/95;-0.85
26/1/95;-0.64
27/1/95;-0.07
30/1/95;-0.86
31/1/95;0.10
1/2/95;0.52
2/2/95;2.16
3/2/95;-0.09
6/2/95;1.99
7/2/95;-0.35
8/2/95;0.91
9/2/95;2.06
10/2/95;2.02
13/2/95;-0.61
14/2/95;0.41
15/2/95;-0.00
16/2/95;0.88
17/2/95;-1.60
21/2/95;-0.79
22/2/95;1.71
23/2/95;0.29
24/2/95;0.26
27/2/95;-1.05
28/2/95;1.98
1/3/95;0.13
2/3/95;0.75
3/3/95;2.10
6/3/95;0.94
7/3/95;-1.42
8/3/95;-0.32
9/3/95;0.77
10/3/95;1.06
13/3/95;1.26
14/3/95;0.37
15/3/95;-0.93
16/3/95;-1.01
17/3/95;0.34
20/3/95;1.24
21/3/95;-0.06
22/3/95;-0.21
23/3/95;1.32
24/3/95;1.08
27/3/95;1.01
28/3/95;1.02
29/3/95;-3.43
30/3/95;-1.26
31/3/95;0.20
3/4/95;0.56
4/4/95;-1.59
5/4/95;0.86
6/4/95;-0.85
7/4/95;0.73
10/4/95;2.29
11/4/95;1.12
12/4/95;0.90
13/4/95;-0.74
17/4/95;-2.63
18/4/95;0.09
19/4/95;-0.79
20/4/95;0.84
21/4/95;1.65
24/4/95;2.09
25/4/95;1.63
26/4/95;-0.22
27/4/95;0.62
28/4/95;0.22
1/5/95;-2.06
2/5/95;0.18
3/5/95;2.31
4/5/95;0.39
5/5/95;-0.70
8/5/95;0.59
9/5/95;-0.95
10/5/95;-0.04
11/5/95;2.15
12/5/95;1.33
15/5/95;0.14
16/5/95;0.03
17/5/95;0.88
18/5/95;-0.83
19/5/95;0.24
22/5/95;0.55
23/5/95;2.67
24/5/95;-2.51
25/5/95;1.02
26/5/95;-1.73
30/5/95;-4.55
31/5/95;0.94
1/6/95;1.50
2/6/95;1.02
5/6/95;0.76
6/6/95;-0.97
7/6/95;0.42
8/6/95;0.10
9/6/95;0.48
12/6/95;0.45
13/6/95;1.07
14/6/95;0.47
15/6/95;1.00
16/6/95;0.50
19/6/95;2.22
20/6/95;2.52
21/6/95;-1.50
22/6/95;1.47
23/6/95;-0.18
26/6/95;-2.34
27/6/95;-1.03
28/6/95;-0.66
29/6/95;2.15
30/6/95;-0.08
3/7/95;0.01
5/7/95;0.59
6/7/95;3.32
7/7/95;2.00
10/7/95;-0.27
11/7/95;-1.08
12/7/95;3.57
13/7/95;1.64
14/7/95;0.57
17/7/95;0.42
18/7/95;-3.90
19/7/95;-5.17
20/7/95;0.92
21/7/95;1.35
24/7/95;4.88
25/7/95;2.04
26/7/95;-0.02
27/7/95;1.95
28/7/95;-0.96
31/7/95;-1.20
1/8/95;-1.62
2/8/95;-2.98
3/8/95;-0.29
4/8/95;0.73
7/8/95;0.32
8/8/95;0.54
9/8/95;2.04
10/8/95;-0.28
11/8/95;0.75
14/8/95;2.53
15/8/95;1.30
16/8/95;2.95
17/8/95;-0.54
18/8/95;0.79
21/8/95;-3.94
22/8/95;2.67
23/8/95;1.11
24/8/95;-0.95
25/8/95;-0.15
28/8/95;-2.40
29/8/95;0.27
30/8/95;0.95
31/8/95;2.03
1/9/95;-0.28
5/9/95;5.07
6/9/95;1.71
7/9/95;-0.24
8/9/95;1.36
11/9/95;2.20
12/9/95;-1.51
13/9/95;0.41
14/9/95;-0.45
15/9/95;-2.47
18/9/95;0.53
19/9/95;3.92
20/9/95;0.82
21/9/95;-1.89
22/9/95;-0.72
25/9/95;-1.62
26/9/95;-1.22
27/9/95;-0.97
28/9/95;4.96
29/9/95;-2.07
2/10/95;-2.58
3/10/95;0.42
4/10/95;-3.83
5/10/95;4.76
6/10/95;-1.62
9/10/95;-4.33
10/10/95;1.56
11/10/95;3.23
12/10/95;2.50
13/10/95;-0.64
16/10/95;-1.07
17/10/95;4.90
18/10/95;0.94
19/10/95;1.17
20/10/95;-2.18
23/10/95;0.69
24/10/95;-0.43
25/10/95;-2.52
26/10/95;0.74
27/10/95;1.81
30/10/95;3.44
31/10/95;-2.65
1/11/95;0.04
2/11/95;1.70
3/11/95;1.83
6/11/95;-0.26
7/11/95;-1.27
8/11/95;0.23
9/11/95;1.35
10/11/95;0.32
13/11/95;-0.40
14/11/95;-3.82
15/11/95;-1.05
16/11/95;1.26
17/11/95;-0.02
20/11/95;-1.16
21/11/95;0.34
22/11/95;-0.94
24/11/95;1.40
27/11/95;-0.78
28/11/95;2.62
29/11/95;0.37
30/11/95;-0.07
1/12/95;-1.03
4/12/95;1.95
5/12/95;-0.11
6/12/95;-1.34
7/12/95;-0.65
8/12/95;1.63
11/12/95;0.92
12/12/95;-1.55
13/12/95;-0.40
14/12/95;-4.08
15/12/95;-0.60
18/12/95;-3.32
19/12/95;6.94
20/12/95;-0.93
21/12/95;1.50
22/12/95;1.05
26/12/95;0.16
27/12/95;-0.99
28/12/95;-1.33
29/12/95;1.44
2/1/96;-0.19
3/1/96;-2.13
4/1/96;-1.84
5/1/96;0.07
8/1/96;-0.25
9/1/96;-5.02
10/1/96;-0.62
11/1/96;2.89
12/1/96;-0.56
15/1/96;-3.68
16/1/96;1.98
17/1/96;3.32
18/1/96;1.19
19/1/96;2.32
22/1/96;2.85
23/1/96;-1.05
24/1/96;0.65
25/1/96;-1.87
26/1/96;1.36
29/1/96;0.64
30/1/96;1.43
31/1/96;0.78
1/2/96;0.21
2/2/96;0.08
5/2/96;0.68
6/2/96;1.28
7/2/96;-0.53
8/2/96;0.61
9/2/96;0.75
12/2/96;-0.59
13/2/96;-0.21
14/2/96;0.91
15/2/96;0.79
16/2/96;-0.43
20/2/96;-1.08
21/2/96;0.41
22/2/96;3.39
23/2/96;0.57
26/2/96;-0.88
27/2/96;-1.95
28/2/96;0.27
29/2/96;-0.51
1/3/96;-2.90
4/3/96;-0.87
5/3/96;1.37
6/3/96;-1.82
7/3/96;0.36
8/3/96;-3.19
11/3/96;2.22
12/3/96;0.84
13/3/96;3.26
14/3/96;0.45
15/3/96;1.62
18/3/96;2.06
19/3/96;-0.73
20/3/96;-1.71
21/3/96;-0.21
22/3/96;0.16
25/3/96;-2.58
26/3/96;0.08
27/3/96;2.14
28/3/96;0.28
29/3/96;0.08
1/4/96;1.44
2/4/96;0.25
3/4/96;0.67
4/4/96;0.45
8/4/96;-2.22
9/4/96;1.11
10/4/96;-0.69
11/4/96;-0.66
12/4/96;-0.17
15/4/96;0.94
16/4/96;2.83
17/4/96;0.35
18/4/96;1.36
19/4/96;0.35
22/4/96;0.29
23/4/96;2.80
24/4/96;1.22
25/4/96;-0.42
26/4/96;0.00
29/4/96;0.56
30/4/96;-0.01
1/5/96;1.21
2/5/96;-2.80
3/5/96;-0.16
6/5/96;0.96
7/5/96;1.47
8/5/96;-0.27
9/5/96;-0.31
10/5/96;2.10
13/5/96;2.32
14/5/96;2.78
15/5/96;-1.45
16/5/96;1.20
17/5/96;-1.08
20/5/96;2.05
21/5/96;-0.43
22/5/96;-0.24
23/5/96;-0.36
24/5/96;-0.63
28/5/96;0.10
29/5/96;-1.59
30/5/96;-0.05
31/5/96;1.53
3/6/96;-0.17
4/6/96;1.16
5/6/96;1.99
6/6/96;-0.70
7/6/96;0.45
10/6/96;0.67
11/6/96;-0.88
12/6/96;0.61
13/6/96;-0.92
14/6/96;-1.72
17/6/96;-1.39
18/6/96;-2.64
19/6/96;0.44
20/6/96;-2.11
21/6/96;2.20
24/6/96;-0.26
25/6/96;-0.21
26/6/96;-1.03
27/6/96;3.40
28/6/96;1.35
1/7/96;1.16
2/7/96;-0.29
3/7/96;0.42
5/7/96;-2.12
8/7/96;-1.19
9/7/96;0.87
10/7/96;-1.37
11/7/96;-2.79
12/7/96;0.24
15/7/96;-5.46
16/7/96;1.51
17/7/96;3.49
18/7/96;3.37
19/7/96;-3.13
22/7/96;-1.86
23/7/96;-5.20
24/7/96;0.88
25/7/96;1.67
26/7/96;1.92
29/7/96;-1.32
30/7/96;1.80
31/7/96;0.38
1/8/96;1.38
2/8/96;0.93
5/8/96;-0.30
6/8/96;0.42
7/8/96;0.37
8/8/96;-0.03
9/8/96;0.37
12/8/96;0.47
13/8/96;-0.86
14/8/96;0.11
15/8/96;-0.04
16/8/96;-0.02
19/8/96;-0.15
20/8/96;0.18
21/8/96;0.09
22/8/96;0.72
23/8/96;-0.23
26/8/96;-0.19
27/8/96;0.47
28/8/96;0.30
29/8/96;-0.64
30/8/96;-0.24
3/9/96;0.66
4/9/96;-0.56
5/9/96;-3.82
6/9/96;2.18
9/9/96;1.37
10/9/96;0.34
11/9/96;1.14
12/9/96;-0.03
13/9/96;1.93
16/9/96;-0.19
17/9/96;0.86
18/9/96;0.25
19/9/96;1.29
20/9/96;0.54
23/9/96;-1.05
24/9/96;-0.12
25/9/96;0.82
26/9/96;0.83
27/9/96;1.68
30/9/96;-0.62
1/10/96;-1.00
2/10/96;1.15
3/10/96;1.26
4/10/96;1.94
7/10/96;0.85
8/10/96;-1.41
9/10/96;-0.85
10/10/96;-0.49
11/10/96;-1.14
14/10/96;1.64
15/10/96;0.03
16/10/96;0.20
17/10/96;-0.06
18/10/96;0.67
21/10/96;0.18
22/10/96;-1.57
23/10/96;0.82
24/10/96;1.03
25/10/96;0.50
28/10/96;-0.43
29/10/96;-1.72
30/10/96;-0.48
31/10/96;1.58
1/11/96;-1.42
4/11/96;-0.93
5/11/96;1.17
6/11/96;2.56
7/11/96;1.19
8/11/96;0.76
11/11/96;1.15
12/11/96;-1.07
13/11/96;0.84
14/11/96;0.76
15/11/96;-1.62
18/11/96;-1.09
19/11/96;0.50
20/11/96;-0.06
21/11/96;-1.23
22/11/96;1.82
25/11/96;1.17
26/11/96;-1.16
27/11/96;0.22
29/11/96;0.32
2/12/96;2.37
3/12/96;-1.10
4/12/96;-0.72
5/12/96;0.51
6/12/96;-1.65
9/12/96;4.14
10/12/96;-2.44
11/12/96;1.65
12/12/96;-1.82
13/12/96;-1.45
16/12/96;-3.09
17/12/96;2.11
18/12/96;3.05
19/12/96;1.53
20/12/96;-2.55
23/12/96;-1.82
24/12/96;1.79
26/12/96;-0.23
27/12/96;-0.68
30/12/96;-1.42
31/12/96;-0.18
2/1/97;-1.33
3/1/97;3.64
6/1/97;0.86
7/1/97;0.77
8/1/97;-0.40
9/1/97;1.88
10/1/97;2.39
13/1/97;0.62
14/1/97;2.58
15/1/97;-1.51
16/1/97;0.55
17/1/97;-0.41
20/1/97;-0.30
21/1/97;1.65
22/1/97;0.59
23/1/97;0.39
24/1/97;-2.75
27/1/97;-1.57
28/1/97;-0.30
29/1/97;1.14
30/1/97;2.21
31/1/97;1.30
3/2/97;-0.65
4/2/97;-1.52
5/2/97;-3.72
6/2/97;-0.08
7/2/97;2.83
10/2/97;-3.07
11/2/97;-0.40
12/2/97;4.44
13/2/97;1.99
14/2/97;0.07
18/2/97;0.13
19/2/97;0.18
20/2/97;-2.68
21/2/97;-1.24
24/2/97;1.64
25/2/97;-0.01
26/2/97;-0.40
27/2/97;-5.15
28/2/97;-0.06
3/3/97;1.32
4/3/97;0.49
5/3/97;1.62
6/3/97;-1.08
7/3/97;-0.55
10/3/97;0.94
11/3/97;-0.95
12/3/97;-0.74
13/3/97;-1.05
14/3/97;-0.26
17/3/97;-1.79
18/3/97;-1.81
19/3/97;-1.64
20/3/97;1.76
21/3/97;-0.14
24/3/97;-0.53
25/3/97;1.95
26/3/97;1.95
27/3/97;-2.25
31/3/97;-1.85
1/4/97;0.71
2/4/97;-0.36
3/4/97;1.73
4/4/97;2.81
7/4/97;0.55
8/4/97;2.19
9/4/97;-1.71
10/4/97;-1.80
11/4/97;-3.58
14/4/97;1.06
15/4/97;1.25
16/4/97;0.17
17/4/97;1.02
18/4/97;-1.26
21/4/97;-1.95
22/4/97;0.42
23/4/97;1.42
24/4/97;-0.04
25/4/97;-3.54
28/4/97;1.08
29/4/97;3.65
30/4/97;2.22
1/5/97;1.07
2/5/97;3.12
5/5/97;1.39
6/5/97;-1.04
7/5/97;-0.09
8/5/97;1.30
9/5/97;-0.32
12/5/97;-0.33
13/5/97;-1.42
14/5/97;0.57
15/5/97;2.12
16/5/97;-1.46
19/5/97;-0.88
20/5/97;3.95
21/5/97;0.11
22/5/97;-0.15
23/5/97;1.50
27/5/97;2.45
28/5/97;-0.21
29/5/97;-2.25
30/5/97;0.42
2/6/97;0.48
3/6/97;-2.47
4/6/97;-0.15
5/6/97;0.91
6/6/97;0.97
9/6/97;0.80
10/6/97;-1.63
11/6/97;0.45
12/6/97;-0.33
13/6/97;1.01
16/6/97;1.24
17/6/97;2.18
18/6/97;-1.25
19/6/97;1.08
20/6/97;0.77
23/6/97;-1.38
24/6/97;1.52
25/6/97;-0.07
26/6/97;-1.25
27/6/97;0.49
30/6/97;-0.68
1/7/97;0.94
2/7/97;0.97
3/7/97;0.98
7/7/97;-0.09
8/7/97;2.15
9/7/97;0.65
10/7/97;1.30
11/7/97;1.93
14/7/97;2.27
15/7/97;0.65
16/7/97;2.64
17/7/97;-1.14
18/7/97;-2.16
21/7/97;-0.83
22/7/97;2.74
23/7/97;2.02
24/7/97;0.56
25/7/97;-0.80
28/7/97;-0.56
29/7/97;-0.20
30/7/97;1.20
31/7/97;1.10
1/8/97;0.49
4/8/97;1.28
5/8/97;2.20
6/8/97;0.79
7/8/97;-0.80
8/8/97;-1.57
11/8/97;-0.65
12/8/97;-0.26
13/8/97;3.15
14/8/97;1.06
15/8/97;-1.37
18/8/97;0.76
19/8/97;2.75
20/8/97;3.59
21/8/97;-2.04
22/8/97;-0.33
25/8/97;0.32
26/8/97;-1.20
27/8/97;0.47
28/8/97;-1.35
29/8/97;-0.48
2/9/97;1.35
3/9/97;0.09
4/9/97;-1.29
5/9/97;0.35
8/9/97;-1.54
9/9/97;0.80
10/9/97;-0.95
11/9/97;0.26
12/9/97;1.60
15/9/97;-1.19
16/9/97;2.52
17/9/97;1.83
18/9/97;-0.21
19/9/97;1.14
22/9/97;1.00
23/9/97;-0.50
24/9/97;-1.36
25/9/97;-0.74
26/9/97;0.16
29/9/97;1.64
30/9/97;-2.09
1/10/97;-0.45
2/10/97;0.60
3/10/97;1.08
6/10/97;1.11
7/10/97;1.85
8/10/97;0.25
9/10/97;0.40
10/10/97;0.09
13/10/97;0.86
14/10/97;-1.53
15/10/97;-0.53
16/10/97;-3.11
17/10/97;-2.58
20/10/97;1.35
21/10/97;2.38
22/10/97;-1.71
23/10/97;-2.66
24/10/97;-3.22
27/10/97;-8.52
28/10/97;6.44
29/10/97;-0.68
30/10/97;-2.42
31/10/97;2.86
3/11/97;2.36
4/11/97;0.55
5/11/97;-0.06
6/11/97;-0.61
7/11/97;-0.84
10/11/97;0.61
11/11/97;-0.21
12/11/97;-1.36
13/11/97;0.00
14/11/97;1.69
17/11/97;0.89
18/11/97;-0.99
19/11/97;-0.20
20/11/97;1.07
21/11/97;-0.62
24/11/97;-1.49
25/11/97;0.43
26/11/97;0.23
28/11/97;-0.15
1/12/97;3.63
2/12/97;-0.84
3/12/97;0.69
4/12/97;0.58
5/12/97;1.33
8/12/97;0.96
9/12/97;-0.87
10/12/97;-2.46
11/12/97;-3.90
12/12/97;-1.19
15/12/97;-1.69
16/12/97;2.18
17/12/97;-1.04
18/12/97;-1.82
19/12/97;-1.20
22/12/97;0.18
23/12/97;-1.55
24/12/97;-0.31
26/12/97;1.42
29/12/97;1.40
30/12/97;3.07
31/12/97;1.48
2/1/98;0.08
5/1/98;-0.17
6/1/98;-0.50
7/1/98;-0.03
8/1/98;-0.39
9/1/98;-2.96
12/1/98;0.61
13/1/98;1.75
14/1/98;0.82
15/1/98;-0.27
16/1/98;0.44
20/1/98;1.32
21/1/98;-0.51
22/1/98;-0.65
23/1/98;-1.14
26/1/98;-0.70
27/1/98;-0.11
28/1/98;1.49
29/1/98;1.06
30/1/98;-0.32
2/2/98;2.04
3/2/98;1.61
4/2/98;0.94
5/2/98;-0.48
6/2/98;1.07
9/2/98;0.90
10/2/98;0.94
11/2/98;0.77
12/2/98;0.74
13/2/98;0.02
17/2/98;-0.96
18/2/98;0.94
19/2/98;0.31
20/2/98;0.25
23/2/98;0.42
24/2/98;-0.44
25/2/98;0.62
26/2/98;1.58
27/2/98;-0.14
2/3/98;-0.62
3/3/98;0.25
4/3/98;1.50
5/3/98;-1.17
6/3/98;3.28
9/3/98;-0.10
10/3/98;1.91
11/3/98;0.25
12/3/98;-0.21
13/3/98;0.42
16/3/98;0.62
17/3/98;-0.78
18/3/98;0.40
19/3/98;0.82
20/3/98;-0.81
23/3/98;-0.68
24/3/98;1.97
25/3/98;0.25
26/3/98;-0.80
27/3/98;-0.40
30/3/98;-0.41
31/3/98;0.84
1/4/98;0.41
2/4/98;0.11
3/4/98;0.24
6/4/98;-1.08
7/4/98;-2.89
8/4/98;1.28
9/4/98;1.01
13/4/98;0.83
14/4/98;2.02
15/4/98;0.71
16/4/98;-1.24
17/4/98;1.11
20/4/98;2.67
21/4/98;1.78
22/4/98;-0.64
23/4/98;-3.64
24/4/98;-0.34
27/4/98;-4.21
28/4/98;2.05
29/4/98;2.80
30/4/98;1.77
1/5/98;0.49
4/5/98;-0.36
5/5/98;-1.28
6/5/98;-0.41
7/5/98;-0.49
8/5/98;2.34
11/5/98;-1.29
12/5/98;1.25
13/5/98;0.93
14/5/98;-0.89
15/5/98;-0.80
18/5/98;0.41
19/5/98;0.69
20/5/98;-0.43
21/5/98;-1.13
22/5/98;-0.89
26/5/98;-1.76
27/5/98;0.91
28/5/98;0.20
29/5/98;-1.00
1/6/98;-0.96
2/6/98;1.14
3/6/98;-1.19
4/6/98;1.53
5/6/98;0.95
8/6/98;0.65
9/6/98;0.69
10/6/98;-0.76
11/6/98;-1.07
12/6/98;-0.61
15/6/98;-1.33
16/6/98;1.66
17/6/98;1.41
18/6/98;0.08
19/6/98;-0.42
22/6/98;1.32
23/6/98;1.77
24/6/98;1.58
25/6/98;0.45
26/6/98;0.16
29/6/98;0.32
30/6/98;-0.58
1/7/98;1.09
2/7/98;-0.60
6/7/98;1.37
7/7/98;-0.26
8/7/98;1.27
9/7/98;0.01
10/7/98;0.05
13/7/98;0.85
14/7/98;0.20
15/7/98;0.88
16/7/98;1.16
17/7/98;0.66
20/7/98;-0.04
21/7/98;-1.23
22/7/98;-0.22
23/7/98;-1.77
24/7/98;-0.42
27/7/98;0.52
28/7/98;-0.97
29/7/98;-0.75
30/7/98;2.42
31/7/98;-1.94
3/8/98;-0.49
4/8/98;-4.16
5/8/98;1.36
6/8/98;1.33
7/8/98;0.08
10/8/98;0.36
11/8/98;-1.74
12/8/98;1.95
13/8/98;-0.52
14/8/98;-0.85
17/8/98;1.12
18/8/98;1.46
19/8/98;0.70
20/8/98;-0.18
21/8/98;-1.11
24/8/98;-0.08
25/8/98;0.31
26/8/98;-0.53
27/8/98;-3.95
28/8/98;-1.75
31/8/98;-8.19
1/9/98;3.48
2/9/98;-0.49
3/9/98;-0.35
4/9/98;-0.69
8/9/98;2.55
9/9/98;-0.64
10/9/98;-1.16
11/9/98;1.39
14/9/98;1.11
15/9/98;0.80
16/9/98;0.59
17/9/98;-1.01
18/9/98;-0.04
21/9/98;-0.21
22/9/98;0.37
23/9/98;1.02
24/9/98;-1.37
25/9/98;0.34
28/9/98;-0.06
29/9/98;-0.16
30/9/98;-1.13
1/10/98;-1.67
2/10/98;0.12
5/10/98;-1.21
6/10/98;-0.48
7/10/98;-1.10
8/10/98;-0.61
9/10/98;1.49
12/10/98;0.60
13/10/98;-0.23
14/10/98;0.46
15/10/98;1.08
16/10/98;-0.28
19/10/98;0.60
20/10/98;-0.48
21/10/98;0.51
22/10/98;0.16
23/10/98;-0.23
26/10/98;0.28
27/10/98;-0.16
28/10/98;0.52
29/10/98;0.37
30/10/98;0.18
2/11/98;0.56
3/11/98;-0.31
4/11/98;0.40
5/11/98;-0.25
6/11/98;1.31
9/11/98;-0.62
10/11/98;0.90
11/11/98;-0.12
12/11/98;-0.45
13/11/98;0.28
16/11/98;0.34
17/11/98;1.03
18/11/98;1.55
19/11/98;0.99
20/11/98;0.31
23/11/98;1.92
24/11/98;-1.15
25/11/98;0.72
27/11/98;-0.19
30/11/98;-2.90
1/12/98;2.31
2/12/98;-0.97
3/12/98;-1.51
4/12/98;2.71
7/12/98;3.25
8/12/98;-1.44
9/12/98;0.13
10/12/98;-1.85
11/12/98;0.32
14/12/98;-2.40
15/12/98;2.53
16/12/98;-0.11
17/12/98;2.68
18/12/98;2.05
21/12/98;3.56
22/12/98;-2.20
23/12/98;0.54
24/12/98;-0.66
28/12/98;0.03
29/12/98;-0.25
30/12/98;-0.12
31/12/98;1.16
4/1/99;0.34
5/1/99;1.25
6/1/99;2.26
7/1/99;0.26
8/1/99;0.36
11/1/99;0.94
12/1/99;-1.73
13/1/99;0.27
14/1/99;-1.17
15/1/99;5.13
19/1/99;2.09
20/1/99;0.15
21/1/99;-3.24
22/1/99;0.22
25/1/99;1.05
26/1/99;2.48
27/1/99;-0.15
28/1/99;4.16
29/1/99;2.68
1/2/99;0.62
2/2/99;-0.71
3/2/99;0.71
4/2/99;-3.18
5/2/99;-2.65
8/2/99;1.58
9/2/99;-3.62
10/2/99;-0.38
11/2/99;3.93
12/2/99;-3.79
16/2/99;0.15
17/2/99;-1.65
18/2/99;0.94
19/2/99;0.34
22/2/99;3.10
23/2/99;0.81
24/2/99;-1.88
25/2/99;-1.02
26/2/99;-0.17
1/3/99;0.24
2/3/99;-0.84
3/3/99;0.21
4/3/99;1.27
5/3/99;0.74
8/3/99;2.01
9/3/99;0.19
10/3/99;0.51
11/3/99;0.86
12/3/99;-0.92
15/3/99;1.51
16/3/99;-0.39
17/3/99;-0.05
18/3/99;1.27
19/3/99;-1.04
22/3/99;-0.15
23/3/99;-1.36
24/3/99;-0.41
25/3/99;1.35
26/3/99;-0.52
29/3/99;1.88
30/3/99;-0.57
31/3/99;-0.39
1/4/99;1.09
5/4/99;2.36
6/4/99;0.59
7/4/99;-0.83
8/4/99;2.04
9/4/99;0.14
12/4/99;0.51
13/4/99;-0.32
14/4/99;-4.32
15/4/99;-1.54
16/4/99;-0.63
19/4/99;-4.80
20/4/99;3.01
21/4/99;2.76
22/4/99;1.61
23/4/99;0.13
26/4/99;0.81
27/4/99;-0.47
28/4/99;-2.34
29/4/99;-1.97
30/4/99;0.20
3/5/99;0.68
4/5/99;-0.34
5/5/99;0.84
6/5/99;-1.29
7/5/99;0.62
10/5/99;1.09
11/5/99;2.43
12/5/99;2.18
13/5/99;-1.00
14/5/99;-3.08
17/5/99;0.95
18/5/99;1.00
19/5/99;-0.19
20/5/99;-2.01
21/5/99;-0.39
24/5/99;-3.60
25/5/99;-3.14
26/5/99;2.12
27/5/99;-0.15
28/5/99;2.62
1/6/99;-0.90
2/6/99;0.82
3/6/99;-0.75
4/6/99;3.86
7/6/99;2.22
8/6/99;-2.82
9/6/99;2.07
10/6/99;-0.54
11/6/99;0.04
14/6/99;-0.64
15/6/99;2.14
16/6/99;3.79
17/6/99;0.88
18/6/99;0.82
21/6/99;2.45
22/6/99;-2.10
23/6/99;1.09
24/6/99;-2.43
25/6/99;0.47
28/6/99;1.63
29/6/99;2.80
30/6/99;-0.80
1/7/99;1.21
2/7/99;1.56
6/7/99;0.70
7/7/99;-0.08
8/7/99;1.61
9/7/99;0.35
12/7/99;0.21
13/7/99;-1.13
14/7/99;2.40
15/7/99;0.55
16/7/99;0.95
19/7/99;-1.27
20/7/99;-3.99
21/7/99;0.29
22/7/99;-2.33
23/7/99;1.25
26/7/99;-1.27
27/7/99;3.70
28/7/99;0.90
29/7/99;-2.12
30/7/99;0.73
2/8/99;-0.39
3/8/99;-1.48
4/8/99;-1.13
5/8/99;1.41
6/8/99;-0.39
9/8/99;-1.78
10/8/99;-0.19
11/8/99;3.70
12/8/99;0.65
13/8/99;3.50
16/8/99;-0.66
17/8/99;0.67
18/8/99;0.01
19/8/99;-0.29
20/8/99;2.60
23/8/99;1.62
24/8/99;0.24
25/8/99;0.81
26/8/99;-1.21
27/8/99;-1.00
30/8/99;-1.98
31/8/99;1.94
1/9/99;0.30
2/9/99;-0.77
3/9/99;2.31
7/9/99;0.36
8/9/99;-0.77
9/9/99;0.82
10/9/99;0.82
13/9/99;-0.94
14/9/99;0.55
15/9/99;-2.17
16/9/99;0.95
17/9/99;0.78
20/9/99;-0.15
21/9/99;-1.61
22/9/99;0.34
23/9/99;-2.37
24/9/99;-0.04
27/9/99;1.57
28/9/99;-0.73
29/9/99;0.53
30/9/99;-0.05
1/10/99;0.39
4/10/99;2.55
5/10/99;1.03
6/10/99;1.14
7/10/99;-1.16
8/10/99;-0.42
11/10/99;1.14
12/10/99;-1.69
13/10/99;-1.70
14/10/99;0.42
15/10/99;0.07
18/10/99;-1.56
19/10/99;-0.03
20/10/99;2.74
21/10/99;1.33
22/10/99;0.52
25/10/99;-0.32
26/10/99;-0.50
27/10/99;0.12
28/10/99;2.80
29/10/99;3.05
1/11/99;-0.85
2/11/99;-0.28
3/11/99;1.48
4/11/99;0.73
5/11/99;0.94
8/11/99;0.43
9/11/99;-0.95
10/11/99;1.34
11/11/99;0.70
12/11/99;-0.12
15/11/99;0.37
16/11/99;1.64
17/11/99;-0.48
18/11/99;0.94
19/11/99;1.12
22/11/99;-0.41
23/11/99;-1.15
24/11/99;2.27
26/11/99;0.08
29/11/99;-0.59
30/11/99;-1.61
1/12/99;0.15
2/12/99;1.99
3/12/99;1.60
6/12/99;0.85
7/12/99;-2.38
8/12/99;1.01
9/12/99;-0.78
10/12/99;-0.03
13/12/99;0.42
14/12/99;-1.43
15/12/99;0.09
16/12/99;0.82
17/12/99;-2.48
20/12/99;0.05
21/12/99;1.55
22/12/99;0.34
23/12/99;1.21
27/12/99;0.22
28/12/99;-0.78
29/12/99;0.23
30/12/99;0.02
31/12/99;0.37
3/1/00;1.16
4/1/00;-4.55
5/1/00;-1.71
6/1/00;-1.27
7/1/00;1.80
10/1/00;2.46
11/1/00;-0.62
12/1/00;0.44
13/1/00;2.53
14/1/00;3.07
18/1/00;-0.12
19/1/00;1.03
20/1/00;2.34
21/1/00;0.06
24/1/00;-2.12
25/1/00;0.72
26/1/00;-2.21
27/1/00;0.09
28/1/00;-2.40
31/1/00;0.97
1/2/00;1.65
2/2/00;0.96
3/2/00;2.30
4/2/00;-0.40
7/2/00;1.23
8/2/00;2.23
9/2/00;-0.45
10/2/00;1.73
11/2/00;-1.75
14/2/00;0.95
15/2/00;-0.28
16/2/00;1.04
17/2/00;1.47
18/2/00;-2.27
22/2/00;0.25
23/2/00;2.91
24/2/00;2.75
25/2/00;-1.03
28/2/00;0.30
29/2/00;4.89
1/3/00;3.37
2/3/00;-1.47
3/3/00;3.12
6/3/00;0.71
7/3/00;0.53
8/3/00;-0.40
9/3/00;2.03
10/3/00;-0.69
13/3/00;-2.56
14/3/00;-3.17
15/3/00;-0.98
16/3/00;3.18
17/3/00;1.15
20/3/00;-0.66
21/3/00;1.94
22/3/00;1.48
23/3/00;0.48
24/3/00;-0.08
27/3/00;0.15
28/3/00;-1.12
29/3/00;-1.63
30/3/00;-1.54
31/3/00;2.69
3/4/00;-3.41
4/4/00;-1.88
5/4/00;0.16
6/4/00;0.88
7/4/00;4.96
10/4/00;-4.52
11/4/00;-2.05
12/4/00;-5.95
13/4/00;-2.07
14/4/00;-5.26
17/4/00;9.57
18/4/00;5.49
19/4/00;-2.21
20/4/00;-0.91
24/4/00;-1.76
25/4/00;6.06
26/4/00;-1.68
27/4/00;2.63
28/4/00;-1.20
1/5/00;0.60
2/5/00;-1.21
3/5/00;-1.64
4/5/00;-0.51
5/5/00;1.33
8/5/00;-1.07
9/5/00;-1.50
10/5/00;-2.20
11/5/00;2.20
12/5/00;0.47
15/5/00;0.89
16/5/00;1.56
17/5/00;-0.72
18/5/00;-0.68
19/5/00;-1.73
22/5/00;-1.29
23/5/00;-2.31
24/5/00;0.71
25/5/00;0.51
26/5/00;0.69
30/5/00;2.29
31/5/00;-0.08
1/6/00;1.65
2/6/00;1.83
5/6/00;-1.83
6/6/00;-0.05
7/6/00;0.41
8/6/00;0.29
9/6/00;0.01
12/6/00;0.12
13/6/00;1.73
14/6/00;-0.09
15/6/00;0.99
16/6/00;-0.21
19/6/00;0.58
20/6/00;-0.35
21/6/00;-0.18
22/6/00;-1.77
23/6/00;-1.35
26/6/00;1.27
27/6/00;-0.64
28/6/00;0.39
29/6/00;-1.78
30/6/00;0.53
3/7/00;1.37
5/7/00;-3.68
6/7/00;1.85
7/7/00;2.38
10/7/00;-1.40
11/7/00;-0.83
12/7/00;2.74
13/7/00;0.85
14/7/00;2.23
17/7/00;0.28
18/7/00;-2.80
19/7/00;-2.73
20/7/00;2.21
21/7/00;-1.78
24/7/00;-1.89
25/7/00;1.58
26/7/00;-0.98
27/7/00;-4.41
28/7/00;-3.12
31/7/00;2.77
1/8/00;-0.38
2/8/00;1.10
3/8/00;3.53
4/8/00;3.93
7/8/00;3.37
8/8/00;0.23
9/8/00;-0.86
10/8/00;-1.22
11/8/00;-0.32
14/8/00;-0.48
15/8/00;-2.03
16/8/00;-1.16
17/8/00;3.53
18/8/00;0.59
21/8/00;0.28
22/8/00;-0.67
23/8/00;0.52
24/8/00;1.48
25/8/00;0.15
28/8/00;0.80
29/8/00;-0.38
30/8/00;0.50
31/8/00;2.18
1/9/00;0.97
5/9/00;-2.05
6/9/00;-5.46
7/9/00;5.40
8/9/00;-4.55
11/9/00;-2.50
12/9/00;-0.37
13/9/00;2.30
14/9/00;3.27
15/9/00;-1.17
18/9/00;-1.75
19/9/00;5.33
20/9/00;2.59
21/9/00;-1.28
22/9/00;2.98
25/9/00;-0.77
26/9/00;-1.08
27/9/00;-1.94
28/9/00;3.77
29/9/00;-3.75
2/10/00;0.68
3/10/00;-1.13
4/10/00;-0.94
5/10/00;-0.08
6/10/00;-0.40
9/10/00;0.55
10/10/00;-0.74
11/10/00;-0.34
12/10/00;-0.98
13/10/00;1.26
16/10/00;1.61
17/10/00;-0.23
18/10/00;-0.90
19/10/00;0.09
20/10/00;0.88
23/10/00;-0.07
24/10/00;-0.50
25/10/00;-1.40
26/10/00;-0.14
27/10/00;0.70
30/10/00;0.25
31/10/00;0.72
1/11/00;-0.12
2/11/00;0.17
3/11/00;0.01
6/11/00;0.33
7/11/00;-0.05
8/11/00;0.04
9/11/00;-0.27
10/11/00;-0.36
13/11/00;-0.37
14/11/00;0.51
15/11/00;0.32
16/11/00;-0.04
17/11/00;0.16
20/11/00;-0.26
21/11/00;-0.14
22/11/00;-0.23
24/11/00;0.24
27/11/00;0.03
28/11/00;-0.01
29/11/00;-0.02
30/11/00;0.23
1/12/00;-0.20
4/12/00;-0.02
5/12/00;0.62
6/12/00;-0.28
7/12/00;-0.21
8/12/00;0.15
11/12/00;-0.10
12/12/00;-0.12
13/12/00;-0.31
14/12/00;-0.10
15/12/00;-0.06
18/12/00;0.54
19/12/00;-0.10
20/12/00;-0.41
21/12/00;0.42
22/12/00;0.36
26/12/00;0.48
27/12/00;0.69
28/12/00;0.41
29/12/00;-0.32
2/1/01;-0.77
3/1/01;-0.24
4/1/01;-1.18
5/1/01;-0.14
8/1/01;0.06
9/1/01;0.35
10/1/01;0.10
11/1/01;-0.29
12/1/01;-0.02
16/1/01;-0.02
17/1/01;-0.28
18/1/01;-0.29
19/1/01;-0.89
22/1/01;0.46
23/1/01;0.62
24/1/01;0.18
25/1/01;0.34
26/1/01;-0.10
29/1/01;0.28
30/1/01;-0.01
31/1/01;-0.05
1/2/01;0.06
2/2/01;0.00
5/2/01;0.00
6/2/01;0.00
7/2/01;0.00
8/2/01;0.00
9/2/01;0.00
12/2/01;0.00
13/2/01;0.00
14/2/01;0.00
15/2/01;0.00
16/2/01;0.00
20/2/01;0.00
21/2/01;0.00
22/2/01;0.00
23/2/01;0.00
26/2/01;0.00
27/2/01;0.00
28/2/01;0.00
1/3/01;0.04
2/3/01;0.21
5/3/01;-0.00
6/3/01;0.02
7/3/01;0.21
8/3/01;0.02
9/3/01;-0.22
12/3/01;-0.60
13/3/01;0.03
14/3/01;-0.17
15/3/01;0.04
16/3/01;-0.19
19/3/01;0.10
20/3/01;-0.29
21/3/01;-0.37
22/3/01;-0.38
23/3/01;0.25
26/3/01;0.09
27/3/01;0.19
28/3/01;-0.12
29/3/01;0.20
30/3/01;-0.07
2/4/01;0.13
3/4/01;0.00
4/4/01;0.00
5/4/01;0.00
6/4/01;0.00
9/4/01;0.00
10/4/01;0.00
11/4/01;0.00
12/4/01;0.00
16/4/01;0.00
17/4/01;0.00
18/4/01;0.00
19/4/01;0.00
20/4/01;0.00
23/4/01;0.00
24/4/01;0.00
25/4/01;0.00
26/4/01;0.00
27/4/01;0.00
30/4/01;0.00
1/5/01;0.00
2/5/01;0.00
3/5/01;0.00
4/5/01;0.00
7/5/01;0.00
8/5/01;0.00
9/5/01;0.00
10/5/01;0.00
11/5/01;0.00
14/5/01;0.00
15/5/01;0.00
16/5/01;0.00
17/5/01;0.00
18/5/01;0.00
21/5/01;0.00
22/5/01;0.00
23/5/01;0.00
24/5/01;0.00
25/5/01;0.00
29/5/01;0.00
30/5/01;0.00
31/5/01;0.00
1/6/01;0.02
4/6/01;0.13
5/6/01;0.10
6/6/01;-0.11
7/6/01;-0.04
8/6/01;0.07
11/6/01;-0.21
12/6/01;-0.13
13/6/01;0.06
14/6/01;-0.26
15/6/01;0.14
18/6/01;-0.00
19/6/01;0.07
20/6/01;-0.07
21/6/01;-0.12
22/6/01;-0.18
25/6/01;-0.08
26/6/01;-0.06
27/6/01;-0.01
28/6/01;0.17
29/6/01;0.04
2/7/01;0.25
3/7/01;0.00
5/7/01;-0.14
6/7/01;-0.43
9/7/01;0.01
10/7/01;-0.17
11/7/01;0.01
12/7/01;0.54
13/7/01;0.08
16/7/01;-0.17
17/7/01;0.15
18/7/01;0.05
19/7/01;0.32
20/7/01;-0.21
23/7/01;-0.18
24/7/01;-0.35
25/7/01;0.19
26/7/01;0.41
27/7/01;0.11
30/7/01;0.01
31/7/01;0.06
1/8/01;0.04
2/8/01;0.00
3/8/01;0.00
6/8/01;0.00
7/8/01;0.00
8/8/01;0.00
9/8/01;0.00
10/8/01;0.00
13/8/01;0.00
14/8/01;0.00
15/8/01;0.00
16/8/01;0.00
17/8/01;0.00
20/8/01;0.00
21/8/01;0.00
22/8/01;0.00
23/8/01;0.00
24/8/01;0.00
27/8/01;0.00
28/8/01;0.00
29/8/01;0.00
30/8/01;0.00
31/8/01;0.00
4/9/01;0.00
5/9/01;0.00
6/9/01;0.00
7/9/01;0.00
10/9/01;0.00
17/9/01;0.00
18/9/01;0.00
19/9/01;0.00
20/9/01;0.00
21/9/01;0.00
24/9/01;0.00
25/9/01;0.00
26/9/01;0.00
27/9/01;0.00
28/9/01;0.00
1/10/01;0.00
2/10/01;0.00
3/10/01;0.00
4/10/01;0.00
5/10/01;0.00
8/10/01;0.00
9/10/01;0.00
10/10/01;0.00
11/10/01;0.00
12/10/01;0.00
15/10/01;0.00
16/10/01;0.00
17/10/01;0.00
18/10/01;0.00
19/10/01;0.00
22/10/01;0.00
23/10/01;0.00
24/10/01;0.00
25/10/01;0.00
26/10/01;0.00
29/10/01;0.00
30/10/01;0.00
31/10/01;0.00
1/11/01;0.32
2/11/01;0.15
5/11/01;0.24
6/11/01;0.13
7/11/01;0.06
8/11/01;-0.15
9/11/01;0.05
12/11/01;0.07
13/11/01;0.14
14/11/01;-0.08
15/11/01;0.02
16/11/01;-0.20
19/11/01;0.21
20/11/01;0.07
21/11/01;-0.11
23/11/01;0.16
26/11/01;0.05
27/11/01;-0.07
28/11/01;-0.05
29/11/01;0.20
30/11/01;-0.01
3/12/01;-0.17
4/12/01;0.54
5/12/01;1.38
6/12/01;-0.38
7/12/01;-0.36
10/12/01;-0.37
11/12/01;-0.00
12/12/01;-0.05
13/12/01;-0.27
14/12/01;0.36
17/12/01;0.46
18/12/01;0.02
19/12/01;-0.13
20/12/01;-0.28
21/12/01;0.41
24/12/01;0.23
26/12/01;0.38
27/12/01;0.06
28/12/01;0.01
31/12/01;-0.37
2/1/02;-0.85
3/1/02;0.01
4/1/02;0.41
7/1/02;0.04
8/1/02;0.20
9/1/02;-0.15
10/1/02;-0.07
11/1/02;-0.34
14/1/02;-0.46
15/1/02;0.60
16/1/02;-0.45
17/1/02;0.49
18/1/02;-0.19
22/1/02;0.12
23/1/02;0.73
24/1/02;0.16
25/1/02;-0.24
28/1/02;0.26
29/1/02;-0.75
30/1/02;0.51
31/1/02;0.53
1/2/02;-0.39
4/2/02;-0.77
5/2/02;0.24
6/2/02;-0.18
7/2/02;-0.28
8/2/02;0.31
11/2/02;0.64
12/2/02;0.02
13/2/02;0.65
14/2/02;-0.13
15/2/02;-0.46
19/2/02;-0.93
20/2/02;1.03
21/2/02;-0.38
22/2/02;-0.79
25/2/02;0.54
26/2/02;0.27
27/2/02;-0.08
28/2/02;0.12
1/3/02;0.12
4/3/02;0.34
5/3/02;-0.13
6/3/02;0.24
7/3/02;-0.27
8/3/02;-0.16
11/3/02;-0.26
12/3/02;-0.00
13/3/02;-0.03
14/3/02;0.14
15/3/02;0.13
18/3/02;0.03
19/3/02;0.27
20/3/02;-0.15
21/3/02;-0.05
22/3/02;0.07
25/3/02;-0.41
26/3/02;0.21
27/3/02;0.17
28/3/02;0.15
1/4/02;1.18
2/4/02;-1.96
3/4/02;-1.09
4/4/02;-0.57
5/4/02;-0.88
8/4/02;1.38
9/4/02;-1.43
10/4/02;2.41
11/4/02;-1.35
12/4/02;1.44
15/4/02;-0.07
16/4/02;1.74
17/4/02;-1.52
18/4/02;0.71
19/4/02;-0.62
22/4/02;-1.25
23/4/02;-0.04
24/4/02;-0.34
25/4/02;0.42
26/4/02;-0.73
29/4/02;-0.85
30/4/02;1.48
1/5/02;0.18
2/5/02;-0.09
3/5/02;-0.22
6/5/02;-1.24
7/5/02;-0.09
8/5/02;1.76
9/5/02;-0.62
10/5/02;-1.04
13/5/02;1.10
14/5/02;1.27
15/5/02;-0.11
16/5/02;0.21
17/5/02;-0.26
20/5/02;-0.41
21/5/02;-1.04
22/5/02;-0.19
23/5/02;1.35
24/5/02;-0.23
28/5/02;-0.32
29/5/02;-0.33
30/5/02;-0.49
31/5/02;0.10
3/6/02;-0.47
4/6/02;-0.36
5/6/02;0.23
6/6/02;-0.24
7/6/02;0.25
10/6/02;-0.28
11/6/02;-0.24
12/6/02;-0.08
13/6/02;-0.25
14/6/02;-0.11
17/6/02;0.71
18/6/02;0.19
19/6/02;0.04
20/6/02;-0.12
21/6/02;-0.14
24/6/02;-0.12
25/6/02;-0.61
26/6/02;-0.03
27/6/02;0.20
28/6/02;0.11
1/7/02;0.04
2/7/02;0.00
3/7/02;0.00
5/7/02;0.00
8/7/02;0.00
9/7/02;0.00
10/7/02;0.00
11/7/02;0.00
12/7/02;0.00
15/7/02;0.00
16/7/02;0.00
17/7/02;0.00
18/7/02;0.00
19/7/02;0.00
22/7/02;0.00
23/7/02;0.00
24/7/02;0.00
25/7/02;0.00
26/7/02;0.00
29/7/02;0.00
30/7/02;0.00
31/7/02;0.00
1/8/02;0.00
2/8/02;0.00
5/8/02;0.00
6/8/02;0.00
7/8/02;0.00
8/8/02;0.00
9/8/02;0.00
12/8/02;0.00
13/8/02;0.00
14/8/02;0.00
15/8/02;0.00
16/8/02;0.00
19/8/02;0.00
20/8/02;0.00
21/8/02;0.00
22/8/02;0.00
23/8/02;0.00
26/8/02;0.00
27/8/02;0.00
28/8/02;0.00
29/8/02;0.00
30/8/02;0.00
3/9/02;0.00
4/9/02;0.00
5/9/02;0.00
6/9/02;0.00
9/9/02;0.00
10/9/02;0.00
11/9/02;0.00
12/9/02;0.00
13/9/02;0.00
16/9/02;0.00
17/9/02;0.00
18/9/02;0.00
19/9/02;0.00
20/9/02;0.00
23/9/02;0.00
24/9/02;0.00
25/9/02;0.00
26/9/02;0.00
27/9/02;0.00
30/9/02;0.00
1/10/02;0.14
2/10/02;-0.16
3/10/02;-0.06
4/10/02;-0.30
7/10/02;-0.33
8/10/02;0.25
9/10/02;-0.37
10/10/02;0.34
11/10/02;0.41
14/10/02;-0.17
15/10/02;0.28
16/10/02;-0.26
17/10/02;-0.12
18/10/02;0.06
21/10/02;0.26
22/10/02;-0.09
23/10/02;0.27
24/10/02;-0.17
25/10/02;0.11
28/10/02;-0.34
29/10/02;0.06
30/10/02;0.11
31/10/02;-0.20
1/11/02;-0.05
4/11/02;0.00
5/11/02;0.00
6/11/02;0.00
7/11/02;0.00
8/11/02;0.00
11/11/02;0.00
12/11/02;0.00
13/11/02;0.00
14/11/02;0.00
15/11/02;0.00
18/11/02;0.00
19/11/02;0.00
20/11/02;0.00
21/11/02;0.00
22/11/02;0.00
25/11/02;0.00
26/11/02;0.00
27/11/02;0.00
29/11/02;0.00
2/12/02;-0.05
3/12/02;-0.31
4/12/02;-0.05
5/12/02;-0.14
6/12/02;-0.01
9/12/02;-0.45
10/12/02;0.14
11/12/02;0.05
12/12/02;-0.05
13/12/02;-0.21
16/12/02;0.32
17/12/02;0.01
18/12/02;-0.18
19/12/02;-0.01
20/12/02;0.04
23/12/02;0.10
24/12/02;-0.10
26/12/02;-0.22
27/12/02;-0.33
30/12/02;0.11
31/12/02;-0.00
2/1/03;0.28
3/1/03;0.16
6/1/03;0.13
7/1/03;-0.05
8/1/03;-0.17
9/1/03;0.15
10/1/03;0.08
13/1/03;-0.09
14/1/03;-0.10
15/1/03;-0.08
16/1/03;-0.01
17/1/03;0.05
21/1/03;-0.19
22/1/03;-0.03
23/1/03;0.11
24/1/03;-0.25
27/1/03;-0.26
28/1/03;0.07
29/1/03;0.37
30/1/03;-0.20
31/1/03;0.09
3/2/03;0.01
4/2/03;0.00
5/2/03;0.00
6/2/03;0.00
7/2/03;0.00
10/2/03;0.00
11/2/03;0.00
12/2/03;0.00
13/2/03;0.00
14/2/03;0.00
18/2/03;0.00
19/2/03;0.00
20/2/03;0.00
21/2/03;0.00
24/2/03;0.00
25/2/03;0.00
26/2/03;0.00
27/2/03;0.00
28/2/03;0.00
3/3/03;-0.33
4/3/03;-0.14
5/3/03;0.21
6/3/03;-0.08
7/3/03;0.12
10/3/03;-0.54
11/3/03;-0.17
12/3/03;0.16
13/3/03;1.05
14/3/03;0.25
17/3/03;0.81
18/3/03;0.32
19/3/03;0.07
20/3/03;0.28
21/3/03;0.39
24/3/03;-0.81
25/3/03;0.32
26/3/03;0.15
27/3/03;-0.05
28/3/03;-0.22
31/3/03;-0.52
1/4/03;0.05
2/4/03;0.61
3/4/03;-0.01
4/4/03;-0.32
7/4/03;0.10
8/4/03;0.04
9/4/03;-0.66
10/4/03;0.45
11/4/03;-0.19
14/4/03;0.19
15/4/03;0.29
16/4/03;-0.37
17/4/03;0.51
21/4/03;-0.02
22/4/03;0.10
23/4/03;0.11
24/4/03;0.45
25/4/03;0.13
28/4/03;0.32
29/4/03;-0.13
30/4/03;-0.01
1/5/03;0.05
2/5/03;2.96
5/5/03;0.94
6/5/03;0.98
7/5/03;-1.81
8/5/03;-1.74
9/5/03;1.14
12/5/03;2.64
13/5/03;1.85
14/5/03;0.49
15/5/03;0.67
16/5/03;1.29
19/5/03;-4.20
20/5/03;-0.21
21/5/03;0.60
22/5/03;2.75
23/5/03;0.96
27/5/03;4.29
28/5/03;-0.15
29/5/03;1.47
30/5/03;1.23
2/6/03;-1.14
3/6/03;0.35
4/6/03;2.93
5/6/03;0.13
6/6/03;-2.58
9/6/03;-2.01
10/6/03;1.48
11/6/03;2.11
12/6/03;0.11
13/6/03;-2.40
16/6/03;3.75
17/6/03;0.51
18/6/03;0.97
19/6/03;-2.30
20/6/03;-1.06
23/6/03;-3.38
24/6/03;-1.39
25/6/03;1.24
26/6/03;3.38
27/6/03;-0.39
30/6/03;-0.65
1/7/03;1.44
2/7/03;2.38
3/7/03;-0.47
7/7/03;3.52
8/7/03;2.75
9/7/03;0.00
10/7/03;-3.93
11/7/03;0.69
14/7/03;1.25
15/7/03;-0.15
16/7/03;-2.00
17/7/03;-4.56
18/7/03;0.80
21/7/03;-1.05
22/7/03;2.03
23/7/03;1.61
24/7/03;-2.11
25/7/03;1.32
28/7/03;0.94
29/7/03;-1.15
30/7/03;-1.67
31/7/03;0.96
1/8/03;-1.40
4/8/03;-0.93
5/8/03;-2.90
6/8/03;-2.30
7/8/03;1.01
8/8/03;0.38
11/8/03;0.87
12/8/03;2.05
13/8/03;0.68
14/8/03;0.03
15/8/03;0.26
18/8/03;2.92
19/8/03;2.12
20/8/03;0.57
21/8/03;1.33
22/8/03;-1.80
25/8/03;-0.13
26/8/03;0.65
27/8/03;1.11
28/8/03;0.74
29/8/03;1.35
2/9/03;1.19
3/9/03;0.15
4/9/03;2.09
5/9/03;-0.09
8/9/03;1.86
9/9/03;-1.65
10/9/03;-3.42
11/9/03;0.46
12/9/03;0.43
15/9/03;-0.48
16/9/03;3.64
17/9/03;0.53
18/9/03;2.33
19/9/03;-0.02
22/9/03;-1.67
23/9/03;1.25
24/9/03;-3.55
25/9/03;-1.63
26/9/03;-1.87
29/9/03;3.33
30/9/03;-1.36
1/10/03;1.35
2/10/03;1.81
3/10/03;3.36
6/10/03;1.37
7/10/03;2.33
8/10/03;-0.12
9/10/03;1.08
10/10/03;0.51
13/10/03;1.67
14/10/03;1.12
15/10/03;-1.66
16/10/03;0.14
17/10/03;-2.51
20/10/03;0.93
21/10/03;0.44
22/10/03;-3.08
23/10/03;-0.83
24/10/03;-1.03
27/10/03;1.25
28/10/03;2.42
29/10/03;1.36
30/10/03;0.90
31/10/03;-0.62
3/11/03;2.88
4/11/03;0.12
5/11/03;-0.26
6/11/03;0.21
7/11/03;0.72
10/11/03;-3.05
11/11/03;-0.84
12/11/03;3.52
13/11/03;0.17
14/11/03;-2.30
17/11/03;-2.67
18/11/03;-1.54
19/11/03;0.56
20/11/03;-1.62
21/11/03;0.56
24/11/03;3.10
25/11/03;1.19
26/11/03;1.38
28/11/03;0.73
1/12/03;1.57
2/12/03;-1.38
3/12/03;-1.45
4/12/03;-1.52
5/12/03;-2.33
8/12/03;0.50
9/12/03;-3.56
10/12/03;-0.89
11/12/03;4.75
12/12/03;-0.07
15/12/03;-1.63
16/12/03;-1.04
17/12/03;0.06
18/12/03;3.02
19/12/03;-0.35
22/12/03;-0.45
23/12/03;1.12
24/12/03;0.13
26/12/03;0.57
29/12/03;1.74
30/12/03;-0.27
31/12/03;-0.58
2/1/04;-0.18
5/1/04;2.08
6/1/04;0.20
7/1/04;0.11
8/1/04;1.40
9/1/04;-0.30
12/1/04;2.65
13/1/04;-1.91
14/1/04;0.15
15/1/04;-0.43
16/1/04;3.50
20/1/04;1.90
21/1/04;-1.05
22/1/04;-1.81
23/1/04;-1.44
26/1/04;2.48
27/1/04;-1.47
28/1/04;-1.31
29/1/04;-1.75
30/1/04;1.52
2/2/04;-0.52
3/2/04;0.58
4/2/04;-3.40
5/2/04;0.51
6/2/04;4.06
9/2/04;0.60
10/2/04;0.95
11/2/04;0.75
12/2/04;-1.59
13/2/04;-1.37
17/2/04;1.98
18/2/04;0.27
19/2/04;-0.96
20/2/04;-1.49
23/2/04;-2.50
24/2/04;-0.49
25/2/04;1.82
26/2/04;0.27
27/2/04;-0.22
1/3/04;2.40
2/3/04;-1.10
3/3/04;-1.50
4/3/04;1.81
5/3/04;-0.60
8/3/04;-2.90
9/3/04;-3.05
10/3/04;-1.88
11/3/04;-1.00
12/3/04;3.17
15/3/04;-2.63
16/3/04;-0.07
17/3/04;2.95
18/3/04;-0.81
19/3/04;-2.04
22/3/04;-3.10
23/3/04;-0.03
24/3/04;0.68
25/3/04;3.14
26/3/04;0.54
29/3/04;1.90
30/3/04;1.55
31/3/04;0.39
1/4/04;1.12
2/4/04;1.83
5/4/04;0.13
6/4/04;-0.08
7/4/04;-0.64
8/4/04;-0.04
12/4/04;0.59
13/4/04;-2.07
14/4/04;-1.05
15/4/04;-0.98
16/4/04;0.34
19/4/04;0.71
20/4/04;-1.94
21/4/04;0.49
22/4/04;2.01
23/4/04;-0.06
26/4/04;-1.27
27/4/04;-0.90
28/4/04;-2.42
29/4/04;-1.77
30/4/04;-1.65
3/5/04;0.49
4/5/04;0.75
5/5/04;0.21
6/5/04;-0.42
7/5/04;-1.52
10/5/04;-1.07
11/5/04;0.92
12/5/04;-0.76
13/5/04;0.55
14/5/04;-0.15
17/5/04;-1.09
18/5/04;0.86
19/5/04;-0.44
20/5/04;0.07
21/5/04;0.80
24/5/04;0.03
25/5/04;1.61
26/5/04;0.09
27/5/04;0.42
28/5/04;-0.22
1/6/04;1.00
2/6/04;-0.17
3/6/04;-2.60
4/6/04;2.30
7/6/04;2.41
8/6/04;-0.26
9/6/04;-2.20
10/6/04;0.58
14/6/04;-2.23
15/6/04;2.22
16/6/04;0.30
17/6/04;-0.38
18/6/04;-0.23
21/6/04;-0.56
22/6/04;1.42
23/6/04;2.21
24/6/04;-0.55
25/6/04;0.97
28/6/04;0.61
29/6/04;0.17
30/6/04;2.16
1/7/04;-0.71
2/7/04;-0.75
6/7/04;-1.81
7/7/04;0.57
8/7/04;-2.18
9/7/04;0.14
12/7/04;0.01
13/7/04;0.89
14/7/04;0.04
15/7/04;-0.75
16/7/04;-0.76
19/7/04;0.03
20/7/04;0.93
21/7/04;-3.21
22/7/04;0.24
23/7/04;-0.81
26/7/04;-1.37
27/7/04;2.55
28/7/04;1.37
29/7/04;1.90
30/7/04;0.56
2/8/04;-0.53
3/8/04;-0.43
4/8/04;-0.66
5/8/04;-1.60
6/8/04;-1.62
9/8/04;0.62
10/8/04;1.08
11/8/04;-0.56
12/8/04;-0.96
13/8/04;0.03
16/8/04;1.26
17/8/04;-0.38
18/8/04;1.03
19/8/04;0.00
20/8/04;1.38
23/8/04;-0.34
24/8/04;-0.12
25/8/04;0.73
26/8/04;-0.20
27/8/04;0.62
30/8/04;-0.58
31/8/04;0.59
1/9/04;0.03
2/9/04;0.50
3/9/04;-0.13
7/9/04;0.32
8/9/04;0.01
9/9/04;0.41
10/9/04;0.13
13/9/04;-0.12
14/9/04;0.02
15/9/04;0.08
16/9/04;0.27
17/9/04;0.10
20/9/04;-0.10
21/9/04;0.33
22/9/04;-0.46
23/9/04;-0.09
24/9/04;0.01
27/9/04;-0.35
28/9/04;0.23
29/9/04;0.18
30/9/04;0.11
1/10/04;0.04
4/10/04;0.51
5/10/04;-0.03
6/10/04;0.83
7/10/04;-0.46
8/10/04;-0.68
11/10/04;-0.28
12/10/04;-0.10
13/10/04;-0.98
14/10/04;0.84
15/10/04;0.60
18/10/04;0.19
19/10/04;-0.76
20/10/04;1.10
21/10/04;0.53
22/10/04;-0.30
25/10/04;1.07
26/10/04;0.59
27/10/04;0.16
28/10/04;-0.57
29/10/04;0.58
1/11/04;0.48
2/11/04;0.30
3/11/04;0.44
4/11/04;1.55
5/11/04;-0.79
8/11/04;-0.13
9/11/04;0.53
10/11/04;1.51
11/11/04;2.15
12/11/04;2.55
15/11/04;-0.84
16/11/04;-0.04
17/11/04;1.80
18/11/04;-0.44
19/11/04;-0.13
22/11/04;1.85
23/11/04;0.39
24/11/04;1.45
26/11/04;2.02
29/11/04;0.17
30/11/04;-0.78
1/12/04;-0.09
2/12/04;-2.26
3/12/04;1.72
6/12/04;-0.01
7/12/04;-2.76
8/12/04;-0.31
9/12/04;0.95
10/12/04;0.35
13/12/04;2.85
14/12/04;-0.26
15/12/04;2.36
16/12/04;-1.25
17/12/04;0.37
20/12/04;-0.10
21/12/04;2.21
22/12/04;-0.69
23/12/04;-0.32
27/12/04;-0.55
28/12/04;1.45
29/12/04;-0.42
30/12/04;-1.49
31/12/04;0.49
3/1/05;-2.15
4/1/05;-2.66
5/1/05;-1.15
6/1/05;-0.08
7/1/05;-0.31
10/1/05;-0.10
11/1/05;-1.79
12/1/05;0.06
13/1/05;-0.06
14/1/05;1.54
18/1/05;2.07
19/1/05;-0.80
20/1/05;-0.99
21/1/05;-0.19
24/1/05;-3.78
25/1/05;1.22
26/1/05;1.62
27/1/05;-0.11
28/1/05;-0.27
31/1/05;2.42
1/2/05;1.03
2/2/05;1.86
3/2/05;0.72
4/2/05;0.67
7/2/05;-0.65
8/2/05;0.83
9/2/05;-2.01
10/2/05;1.11
11/2/05;1.06
14/2/05;0.39
15/2/05;0.17
16/2/05;1.67
17/2/05;-1.16
18/2/05;1.01
22/2/05;-2.65
23/2/05;1.31
24/2/05;2.36
25/2/05;3.21
28/2/05;-1.42
1/3/05;-1.30
2/3/05;1.00
3/3/05;-0.06
4/3/05;2.89
7/3/05;-0.36
8/3/05;-1.90
9/3/05;-1.65
10/3/05;-1.39
11/3/05;2.92
14/3/05;0.25
15/3/05;0.31
16/3/05;-1.29
17/3/05;1.44
18/3/05;0.25
21/3/05;0.58
22/3/05;-0.76
23/3/05;-0.59
24/3/05;1.49
28/3/05;-0.70
29/3/05;-2.62
30/3/05;1.64
31/3/05;1.36
1/4/05;1.50
4/4/05;0.29
5/4/05;0.13
6/4/05;0.59
7/4/05;0.28
8/4/05;-0.78
11/4/05;0.24
12/4/05;0.03
13/4/05;-1.38
14/4/05;-3.02
15/4/05;-2.52
18/4/05;1.39
19/4/05;2.02
20/4/05;-1.40
21/4/05;1.66
22/4/05;-0.62
25/4/05;1.47
26/4/05;-0.86
27/4/05;-1.19
28/4/05;-1.01
29/4/05;0.59
2/5/05;0.35
3/5/05;-0.57
4/5/05;0.53
5/5/05;-0.05
6/5/05;0.43
9/5/05;0.80
10/5/05;-0.99
11/5/05;0.12
12/5/05;-2.20
13/5/05;-1.06
16/5/05;0.04
17/5/05;0.79
18/5/05;1.24
19/5/05;0.55
20/5/05;-0.08
23/5/05;0.66
24/5/05;0.51
25/5/05;-0.28
26/5/05;0.66
27/5/05;0.50
31/5/05;-0.18
1/6/05;0.43
2/6/05;0.59
3/6/05;-0.68
6/6/05;0.41
7/6/05;-1.09
8/6/05;-0.64
9/6/05;1.11
10/6/05;-1.12
13/6/05;0.88
14/6/05;0.73
15/6/05;1.42
16/6/05;0.63
17/6/05;1.65
20/6/05;0.12
21/6/05;-0.91
22/6/05;-0.15
23/6/05;-1.00
24/6/05;-1.08
27/6/05;0.43
28/6/05;1.69
29/6/05;-0.18
30/6/05;0.05
1/7/05;0.67
5/7/05;1.58
6/7/05;-0.43
7/7/05;1.05
8/7/05;0.78
11/7/05;0.80
12/7/05;0.08
13/7/05;-0.34
14/7/05;-1.30
15/7/05;1.01
18/7/05;0.02
19/7/05;0.83
20/7/05;0.17
21/7/05;-1.87
22/7/05;1.94
25/7/05;-0.53
26/7/05;-0.05
27/7/05;-0.08
28/7/05;0.54
29/7/05;-0.67
1/8/05;0.63
2/8/05;1.20
3/8/05;0.33
4/8/05;-0.85
5/8/05;-1.56
8/8/05;-1.01
9/8/05;1.42
10/8/05;0.66
11/8/05;1.17
12/8/05;1.35
15/8/05;0.59
16/8/05;-2.34
17/8/05;-0.08
18/8/05;-0.52
19/8/05;0.26
22/8/05;0.47
23/8/05;-0.03
24/8/05;0.46
25/8/05;0.30
26/8/05;-0.69
29/8/05;1.01
30/8/05;1.57
31/8/05;2.55
1/9/05;1.97
2/9/05;-1.47
6/9/05;1.60
7/9/05;1.21
8/9/05;0.28
9/9/05;2.52
12/9/05;-1.54
13/9/05;-0.59
14/9/05;-0.19
15/9/05;0.42
16/9/05;-0.18
19/9/05;0.87
20/9/05;-1.08
21/9/05;1.12
22/9/05;-0.40
23/9/05;-0.23
26/9/05;1.43
27/9/05;0.20
28/9/05;0.29
29/9/05;0.56
30/9/05;-0.23
3/10/05;1.88
4/10/05;-1.94
5/10/05;-3.24
6/10/05;-2.07
7/10/05;1.47
10/10/05;-1.75
11/10/05;1.29
12/10/05;-2.32
13/10/05;-1.44
14/10/05;1.76
17/10/05;1.04
18/10/05;-2.42
19/10/05;0.79
20/10/05;-2.88
21/10/05;1.70
24/10/05;2.63
25/10/05;-0.02
26/10/05;-0.86
27/10/05;-2.44
28/10/05;2.16
31/10/05;2.86
1/11/05;-0.23
2/11/05;1.08
3/11/05;0.55
4/11/05;-0.96
7/11/05;-0.41
8/11/05;-0.18
9/11/05;-0.64
10/11/05;-0.32
11/11/05;0.40
14/11/05;0.75
15/11/05;-0.00
16/11/05;0.82
17/11/05;0.51
18/11/05;0.01
21/11/05;0.88
22/11/05;1.16
23/11/05;-0.35
25/11/05;0.42
28/11/05;-1.58
29/11/05;0.15
30/11/05;0.10
1/12/05;2.21
2/12/05;0.43
5/12/05;0.20
6/12/05;0.58
7/12/05;-0.20
8/12/05;0.75
9/12/05;-0.14
12/12/05;0.95
13/12/05;0.05
14/12/05;-0.25
15/12/05;-0.58
16/12/05;-1.07
19/12/05;-0.85
20/12/05;0.29
21/12/05;1.12
22/12/05;1.02
23/12/05;-0.28
27/12/05;-1.33
28/12/05;0.97
29/12/05;-0.21
30/12/05;-0.11
3/1/06;3.03
4/1/06;0.98
5/1/06;-0.21
6/1/06;1.74
9/1/06;1.06
10/1/06;0.88
11/1/06;1.32
12/1/06;-0.64
13/1/06;0.61
17/1/06;0.39
18/1/06;-0.15
19/1/06;0.60
20/1/06;-1.33
23/1/06;0.19
24/1/06;-0.03
25/1/06;-0.32
26/1/06;0.41
27/1/06;0.97
30/1/06;2.04
31/1/06;-0.31
1/2/06;0.04
2/2/06;-1.34
3/2/06;-0.85
6/2/06;0.58
7/2/06;-2.47
8/2/06;0.73
9/2/06;-1.85
10/2/06;-0.83
13/2/06;-1.18
14/2/06;0.09
15/2/06;0.51
16/2/06;2.01
17/2/06;-0.74
21/2/06;-0.35
22/2/06;1.21
23/2/06;0.19
24/2/06;0.64
27/2/06;1.62
28/2/06;-3.79
1/3/06;3.29
2/3/06;0.75
3/3/06;-0.00
6/3/06;-1.52
7/3/06;-2.29
8/3/06;0.01
9/3/06;-0.73
10/3/06;0.58
13/3/06;0.61
14/3/06;1.29
15/3/06;2.13
16/3/06;0.15
17/3/06;1.01
20/3/06;0.27
21/3/06;-1.69
22/3/06;0.77
23/3/06;-0.48
24/3/06;1.50
27/3/06;-0.19
28/3/06;-0.17
29/3/06;1.64
30/3/06;0.16
31/3/06;0.11
3/4/06;-1.02
4/4/06;-0.33
5/4/06;1.48
6/4/06;0.10
7/4/06;-2.42
10/4/06;-0.19
11/4/06;-2.57
12/4/06;1.72
13/4/06;1.23
17/4/06;-1.82
18/4/06;3.27
19/4/06;0.92
20/4/06;-0.22
21/4/06;-1.35
24/4/06;1.03
25/4/06;-0.61
26/4/06;-0.66
27/4/06;-1.49
28/4/06;2.26
1/5/06;0.80
2/5/06;-0.07
3/5/06;0.41
4/5/06;0.50
5/5/06;0.64
8/5/06;0.90
9/5/06;0.41
10/5/06;0.39
11/5/06;-2.01
12/5/06;-3.59
15/5/06;-1.37
16/5/06;-0.47
17/5/06;-2.54
18/5/06;-1.84
19/5/06;0.17
22/5/06;-2.71
23/5/06;0.98
24/5/06;-0.24
25/5/06;1.21
26/5/06;1.86
30/5/06;-2.79
31/5/06;0.63
1/6/06;1.23
2/6/06;0.44
5/6/06;-1.92
6/6/06;0.14
7/6/06;-0.62
8/6/06;-0.15
9/6/06;-0.21
12/6/06;-1.26
13/6/06;-1.67
14/6/06;1.23
15/6/06;2.20
16/6/06;-0.60
19/6/06;-1.06
20/6/06;0.07
21/6/06;1.46
22/6/06;0.21
23/6/06;0.59
26/6/06;0.22
27/6/06;-0.55
28/6/06;0.55
29/6/06;2.32
30/6/06;0.33
3/7/06;-0.85
5/7/06;-0.80
6/7/06;0.35
7/7/06;-1.06
10/7/06;-0.70
11/7/06;0.44
12/7/06;-0.92
13/7/06;-1.40
14/7/06;-0.37
17/7/06;-0.36
18/7/06;0.14
19/7/06;1.56
20/7/06;-1.74
21/7/06;-1.74
24/7/06;1.66
25/7/06;0.73
26/7/06;-0.36
27/7/06;-0.73
28/7/06;0.91
31/7/06;0.67
1/8/06;-1.11
2/8/06;0.42
3/8/06;0.22
4/8/06;-1.07
7/8/06;0.13
8/8/06;-1.15
9/8/06;0.01
10/8/06;-0.22
11/8/06;-0.59
14/8/06;-0.50
15/8/06;1.88
16/8/06;0.95
17/8/06;-0.64
18/8/06;0.33
21/8/06;-0.35
22/8/06;-0.19
23/8/06;-0.82
24/8/06;-0.37
25/8/06;0.34
28/8/06;0.47
29/8/06;0.08
30/8/06;-0.26
31/8/06;-0.10
1/9/06;1.17
5/9/06;1.57
6/9/06;-1.87
7/9/06;-0.48
8/9/06;0.33
11/9/06;-0.61
12/9/06;0.99
13/9/06;1.38
14/9/06;0.14
15/9/06;0.04
18/9/06;1.14
19/9/06;-1.43
20/9/06;1.92
21/9/06;-0.44
22/9/06;-1.19
25/9/06;0.90
26/9/06;1.38
27/9/06;-0.44
28/9/06;0.27
29/9/06;-0.12
2/10/06;-0.65
3/10/06;0.21
4/10/06;2.57
5/10/06;0.70
6/10/06;-0.75
9/10/06;1.09
10/10/06;0.34
11/10/06;-0.03
12/10/06;1.36
13/10/06;1.13
16/10/06;0.34
17/10/06;-1.17
18/10/06;-1.32
19/10/06;0.91
20/10/06;-0.12
23/10/06;1.28
24/10/06;2.08
25/10/06;1.28
26/10/06;1.48
27/10/06;-2.27
30/10/06;0.31
31/10/06;0.84
1/11/06;-2.76
2/11/06;-0.12
3/11/06;-0.35
6/11/06;3.36
7/11/06;0.65
8/11/06;0.83
9/11/06;-0.82
10/11/06;-0.03
13/11/06;1.39
14/11/06;1.30
15/11/06;-0.35
16/11/06;-0.78
17/11/06;0.17
20/11/06;0.59
21/11/06;0.99
22/11/06;0.71
24/11/06;-0.06
27/11/06;-2.50
28/11/06;-0.10
29/11/06;2.63
30/11/06;0.72
1/12/06;-1.36
4/12/06;2.98
5/12/06;0.54
6/12/06;-0.19
7/12/06;-0.47
8/12/06;0.44
11/12/06;0.51
12/12/06;-1.08
13/12/06;0.77
14/12/06;1.33
15/12/06;0.47
18/12/06;-0.80
19/12/06;0.62
20/12/06;-0.80
21/12/06;-0.60
22/12/06;-0.75
26/12/06;-0.21
27/12/06;1.54
28/12/06;-0.20
29/12/06;-0.78
3/1/07;-0.51
4/1/07;1.05
5/1/07;-0.68
8/1/07;0.72
9/1/07;-1.18
10/1/07;1.02
11/1/07;0.98
12/1/07;0.54
16/1/07;-0.25
17/1/07;-0.21
18/1/07;-1.74
19/1/07;1.09
22/1/07;-0.76
23/1/07;1.05
24/1/07;1.87
25/1/07;-1.86
26/1/07;0.45
29/1/07;0.29
30/1/07;0.02
31/1/07;0.68
1/2/07;0.40
2/2/07;0.17
5/2/07;1.04
6/2/07;-0.13
7/2/07;0.73
8/2/07;0.69
9/2/07;-3.06
12/2/07;-1.44
13/2/07;0.84
14/2/07;0.97
15/2/07;0.35
16/2/07;-0.45
20/2/07;1.11
21/2/07;0.74
22/2/07;-0.40
23/2/07;-0.26
26/2/07;-0.67
27/2/07;-4.37
28/2/07;1.06
1/3/07;-0.03
2/3/07;-1.66
5/3/07;-1.03
6/3/07;2.22
7/3/07;0.39
8/3/07;1.89
9/3/07;1.45
12/3/07;1.53
13/3/07;-2.60
14/3/07;1.12
15/3/07;0.97
16/3/07;-0.57
19/3/07;1.82
20/3/07;0.71
21/3/07;1.62
22/3/07;-0.22
23/3/07;0.08
26/3/07;0.57
27/3/07;-0.74
28/3/07;-0.98
29/3/07;0.45
30/3/07;-0.54
2/4/07;1.35
3/4/07;1.30
4/4/07;0.69
5/4/07;0.99
9/4/07;0.37
10/4/07;0.53
11/4/07;-1.26
12/4/07;0.09
13/4/07;-0.48
16/4/07;0.64
17/4/07;-0.24
18/4/07;-0.37
19/4/07;-0.14
20/4/07;0.42
23/4/07;0.39
24/4/07;-0.74
25/4/07;0.93
26/4/07;-0.40
27/4/07;0.07
30/4/07;-2.02
1/5/07;0.19
2/5/07;1.17
3/5/07;0.33
4/5/07;0.41
7/5/07;0.52
8/5/07;0.28
9/5/07;1.46
10/5/07;-1.77
11/5/07;0.39
14/5/07;-0.49
15/5/07;-0.55
16/5/07;0.68
17/5/07;0.16
18/5/07;0.81
21/5/07;0.91
22/5/07;0.66
23/5/07;0.06
24/5/07;-1.18
25/5/07;1.82
29/5/07;0.95
30/5/07;1.11
31/5/07;-1.20
1/6/07;0.91
4/6/07;0.67
5/6/07;0.11
6/6/07;-1.30
7/6/07;-1.82
8/6/07;1.37
11/6/07;-0.41
12/6/07;-1.00
13/6/07;1.32
14/6/07;0.53
15/6/07;1.17
18/6/07;-0.01
19/6/07;-0.82
20/6/07;-1.69
21/6/07;1.03
22/6/07;-0.52
25/6/07;-0.81
26/6/07;-0.87
27/6/07;0.44
28/6/07;0.70
29/6/07;1.67
2/7/07;2.77
3/7/07;-0.23
5/7/07;0.55
6/7/07;0.76
9/7/07;0.77
10/7/07;-1.59
11/7/07;0.46
12/7/07;1.42
13/7/07;0.48
16/7/07;-0.47
17/7/07;-0.13
18/7/07;-0.04
19/7/07;0.18
20/7/07;-1.13
23/7/07;-0.69
24/7/07;-3.22
25/7/07;1.78
26/7/07;-2.07
27/7/07;-1.69
30/7/07;0.97
31/7/07;-1.65
1/8/07;0.15
2/8/07;1.13
3/8/07;-1.79
6/8/07;0.91
7/8/07;0.62
8/8/07;-0.05
9/8/07;-2.42
10/8/07;-0.21
13/8/07;1.00
14/8/07;-1.89
15/8/07;-1.76
16/8/07;-1.14
17/8/07;2.83
20/8/07;1.28
21/8/07;1.16
22/8/07;1.20
23/8/07;-0.57
24/8/07;1.48
27/8/07;-0.52
28/8/07;-1.92
29/8/07;1.81
30/8/07;0.22
31/8/07;1.29
4/9/07;1.35
5/9/07;-0.45
6/9/07;1.02
7/9/07;-2.12
10/9/07;0.13
11/9/07;1.57
12/9/07;0.98
13/9/07;-0.32
14/9/07;-0.21
17/9/07;-0.81
18/9/07;3.07
19/9/07;0.80
20/9/07;-0.37
21/9/07;1.54
24/9/07;1.08
25/9/07;1.35
26/9/07;0.92
27/9/07;1.14
28/9/07;-0.92
1/10/07;0.09
2/10/07;-0.99
3/10/07;-0.85
4/10/07;1.86
5/10/07;3.86
8/10/07;1.21
9/10/07;1.06
10/10/07;0.17
11/10/07;-2.90
12/10/07;2.06
15/10/07;-1.17
16/10/07;-0.69
17/10/07;0.75
18/10/07;1.29
19/10/07;-3.07
22/10/07;1.07
23/10/07;5.52
24/10/07;-1.41
25/10/07;-1.80
26/10/07;0.68
29/10/07;1.27
30/10/07;-1.51
31/10/07;0.70
1/11/07;-1.87
2/11/07;0.74
5/11/07;-1.62
6/11/07;1.78
7/11/07;-1.75
8/11/07;-0.75
9/11/07;-2.43
12/11/07;-4.44
13/11/07;2.76
14/11/07;0.13
15/11/07;-1.09
16/11/07;0.96
19/11/07;-1.29
20/11/07;0.39
21/11/07;-1.12
23/11/07;1.32
26/11/07;-0.93
27/11/07;1.39
28/11/07;3.47
29/11/07;0.70
30/11/07;0.11
3/12/07;0.63
4/12/07;0.01
5/12/07;1.20
6/12/07;1.34
7/12/07;0.17
10/12/07;0.07
11/12/07;-2.10
12/12/07;1.06
13/12/07;0.24
14/12/07;-0.79
17/12/07;-2.02
18/12/07;0.41
19/12/07;0.31
20/12/07;1.20
21/12/07;1.67
24/12/07;0.56
26/12/07;0.54
27/12/07;-0.63
28/12/07;-0.10
31/12/07;-0.46
2/1/08;0.44
3/1/08;0.44
4/1/08;-1.17
7/1/08;-0.36
8/1/08;-0.47
9/1/08;-0.15
10/1/08;0.15
11/1/08;-0.64
14/1/08;0.58
15/1/08;-0.97
16/1/08;-0.88
17/1/08;-0.96
18/1/08;0.20
22/1/08;-0.32
23/1/08;-0.38
24/1/08;1.05
25/1/08;-0.01
28/1/08;0.36
29/1/08;-0.19
30/1/08;-0.08
31/1/08;0.25
1/2/08;0.29
4/2/08;-0.18
5/2/08;-0.48
6/2/08;-0.25
7/2/08;0.14
8/2/08;0.08
11/2/08;0.09
12/2/08;-0.05
13/2/08;0.21
14/2/08;-0.53
15/2/08;0.07
19/2/08;-0.04
20/2/08;0.23
21/2/08;-0.35
22/2/08;0.06
25/2/08;0.07
26/2/08;0.14
27/2/08;0.07
28/2/08;-0.22
29/2/08;-0.55
3/3/08;-0.04
4/3/08;-0.23
5/3/08;0.21
6/3/08;-0.39
7/3/08;-0.41
10/3/08;-0.62
11/3/08;1.06
12/3/08;0.06
13/3/08;0.49
14/3/08;-0.32
17/3/08;-0.74
18/3/08;0.75
19/3/08;-1.24
20/3/08;0.08
24/3/08;0.88
25/3/08;0.41
26/3/08;0.32
27/3/08;-0.39
28/3/08;0.14
31/3/08;-0.13
1/4/08;0.34
2/4/08;0.00
3/4/08;0.00
4/4/08;0.00
7/4/08;0.00
8/4/08;0.00
9/4/08;0.00
10/4/08;0.00
11/4/08;0.00
14/4/08;0.00
15/4/08;0.00
16/4/08;0.00
17/4/08;0.00
18/4/08;0.00
21/4/08;0.00
22/4/08;0.00
23/4/08;0.00
24/4/08;0.00
25/4/08;0.00
28/4/08;0.00
29/4/08;0.00
30/4/08;0.00
1/5/08;-0.05
2/5/08;0.26
5/5/08;0.38
6/5/08;0.36
7/5/08;-0.40
8/5/08;0.27
9/5/08;-0.16
12/5/08;0.19
13/5/08;0.25
14/5/08;-0.31
15/5/08;0.32
16/5/08;0.37
19/5/08;-0.02
20/5/08;0.25
21/5/08;-0.47
22/5/08;-0.19
23/5/08;-0.25
27/5/08;-0.11
28/5/08;0.30
29/5/08;-0.38
30/5/08;0.23
2/6/08;0.14
3/6/08;-0.02
4/6/08;-0.22
5/6/08;0.73
6/6/08;-0.22
9/6/08;0.41
10/6/08;-0.49
11/6/08;-0.11
12/6/08;-0.18
13/6/08;0.42
16/6/08;0.14
17/6/08;0.34
18/6/08;0.24
19/6/08;-0.17
20/6/08;-0.20
23/6/08;0.48
24/6/08;-0.30
25/6/08;-0.21
26/6/08;-0.48
27/6/08;0.21
30/6/08;0.06
1/7/08;-0.18
2/7/08;0.00
3/7/08;0.00
7/7/08;0.00
8/7/08;0.00
9/7/08;0.00
10/7/08;0.00
11/7/08;0.00
14/7/08;0.00
15/7/08;0.00
16/7/08;0.00
17/7/08;0.00
18/7/08;0.00
21/7/08;0.00
22/7/08;0.00
23/7/08;0.00
24/7/08;0.00
25/7/08;0.00
28/7/08;0.00
29/7/08;0.00
30/7/08;0.00
31/7/08;0.00
1/8/08;0.00
4/8/08;0.00
5/8/08;0.00
6/8/08;0.00
7/8/08;0.00
8/8/08;0.00
11/8/08;0.00
12/8/08;0.00
13/8/08;0.00
14/8/08;0.00
15/8/08;0.00
18/8/08;0.00
19/8/08;0.00
20/8/08;0.00
21/8/08;0.00
22/8/08;0.00
25/8/08;0.00
26/8/08;0.00
27/8/08;0.00
28/8/08;0.00
29/8/08;0.00
2/9/08;0.00
3/9/08;0.00
4/9/08;0.00
5/9/08;0.00
8/9/08;0.00
9/9/08;0.00
10/9/08;0.00
11/9/08;0.00
12/9/08;0.00
15/9/08;0.00
16/9/08;0.00
17/9/08;0.00
18/9/08;0.00
19/9/08;0.00
22/9/08;0.00
23/9/08;0.00
24/9/08;0.00
25/9/08;0.00
26/9/08;0.00
29/9/08;0.00
30/9/08;0.00
1/10/08;0.00
2/10/08;0.00
3/10/08;0.00
6/10/08;0.00
7/10/08;0.00
8/10/08;0.00
9/10/08;0.00
10/10/08;0.00
13/10/08;0.00
14/10/08;0.00
15/10/08;0.00
16/10/08;0.00
17/10/08;0.00
20/10/08;0.00
21/10/08;0.00
22/10/08;0.00
23/10/08;0.00
24/10/08;0.00
27/10/08;0.00
28/10/08;0.00
29/10/08;0.00
30/10/08;0.00
31/10/08;0.00
3/11/08;0.00
4/11/08;0.00
5/11/08;0.00
6/11/08;0.00
7/11/08;0.00
10/11/08;0.00
11/11/08;0.00
12/11/08;0.00
13/11/08;0.00
14/11/08;0.00
17/11/08;0.00
18/11/08;0.00
19/11/08;0.00
20/11/08;0.00
21/11/08;0.00
24/11/08;0.00
25/11/08;0.00
26/11/08;0.00
28/11/08;0.00
1/12/08;0.00
2/12/08;0.00
3/12/08;0.00
4/12/08;0.00
5/12/08;0.00
8/12/08;0.00
9/12/08;0.00
10/12/08;0.00
11/12/08;0.00
12/12/08;0.00
15/12/08;0.00
16/12/08;0.00
17/12/08;0.00
18/12/08;0.00
19/12/08;0.00
22/12/08;0.00
23/12/08;0.00
24/12/08;0.00
26/12/08;0.00
29/12/08;0.00
30/12/08;0.00
31/12/08;0.00
2/1/09;0.12
5/1/09;0.08
6/1/09;-0.17
7/1/09;0.03
8/1/09;0.07
9/1/09;-0.16
12/1/09;-0.07
13/1/09;-0.04
14/1/09;-0.32
15/1/09;0.41
16/1/09;0.10
20/1/09;-0.44
21/1/09;0.29
22/1/09;-0.17
23/1/09;-0.21
26/1/09;-0.01
27/1/09;0.06
28/1/09;0.24
29/1/09;-0.02
30/1/09;-0.14
2/2/09;0.18
3/2/09;0.36
4/2/09;-0.15
5/2/09;0.01
6/2/09;0.21
9/2/09;-0.05
10/2/09;-0.53
11/2/09;0.08
12/2/09;0.15
13/2/09;-0.10
17/2/09;-0.32
18/2/09;0.06
19/2/09;0.25
20/2/09;0.06
23/2/09;-0.35
24/2/09;0.31
25/2/09;-0.17
26/2/09;-0.40
27/2/09;-0.11
2/3/09;-0.48
3/3/09;0.13
4/3/09;0.27
5/3/09;-0.21
6/3/09;0.07
9/3/09;-0.14
10/3/09;0.68
11/3/09;-0.20
12/3/09;0.56
13/3/09;0.10
16/3/09;-0.49
17/3/09;0.74
18/3/09;0.01
19/3/09;-0.07
20/3/09;-0.18
23/3/09;0.62
24/3/09;-0.29
25/3/09;0.19
26/3/09;0.52
27/3/09;-0.36
30/3/09;-0.23
31/3/09;-0.01
1/4/09;-0.30
2/4/09;0.00
3/4/09;0.00
6/4/09;0.00
7/4/09;0.00
8/4/09;0.00
9/4/09;0.00
13/4/09;0.00
14/4/09;0.00
15/4/09;0.00
16/4/09;0.00
17/4/09;0.00
20/4/09;0.00
21/4/09;0.00
22/4/09;0.00
23/4/09;0.00
24/4/09;0.00
27/4/09;0.00
28/4/09;0.00
29/4/09;0.00
30/4/09;0.00
1/5/09;-0.47
4/5/09;1.09
5/5/09;-0.44
6/5/09;-0.82
7/5/09;-0.61
8/5/09;-0.01
11/5/09;-0.01
12/5/09;-0.29
13/5/09;-1.05
14/5/09;0.41
15/5/09;-0.15
18/5/09;0.65
19/5/09;0.07
20/5/09;-0.56
21/5/09;-0.61
22/5/09;-0.26
26/5/09;1.22
27/5/09;-0.74
28/5/09;-0.41
29/5/09;0.33
1/6/09;2.71
2/6/09;0.13
3/6/09;-2.92
4/6/09;1.25
5/6/09;0.10
8/6/09;-0.66
9/6/09;0.84
10/6/09;-0.85
11/6/09;-0.01
12/6/09;-1.65
15/6/09;-1.75
16/6/09;-1.97
17/6/09;-1.47
18/6/09;0.90
19/6/09;1.69
22/6/09;-4.26
23/6/09;-0.78
24/6/09;0.99
25/6/09;2.83
26/6/09;0.64
29/6/09;1.54
30/6/09;-1.08
1/7/09;0.90
2/7/09;-3.59
6/7/09;-0.03
7/7/09;-3.12
8/7/09;1.89
9/7/09;0.82
10/7/09;0.17
13/7/09;2.91
14/7/09;1.32
15/7/09;3.12
16/7/09;0.97
17/7/09;0.34
20/7/09;2.20
21/7/09;0.03
22/7/09;1.31
23/7/09;1.95
24/7/09;1.16
27/7/09;1.22
28/7/09;0.02
29/7/09;-0.43
30/7/09;1.25
31/7/09;0.37
3/8/09;1.76
4/8/09;0.08
5/8/09;1.87
6/8/09;-2.00
7/8/09;2.65
10/8/09;-1.50
11/8/09;-1.00
12/8/09;1.66
13/8/09;1.70
14/8/09;-2.12
17/8/09;-3.36
18/8/09;2.53
19/8/09;0.32
20/8/09;1.76
21/8/09;2.58
24/8/09;-1.44
25/8/09;2.02
26/8/09;-0.09
27/8/09;0.93
28/8/09;1.21
31/8/09;-1.10
1/9/09;-5.37
2/9/09;-1.07
3/9/09;1.62
4/9/09;2.16
8/9/09;1.81
9/9/09;1.46
10/9/09;2.12
11/9/09;-1.34
14/9/09;1.38
15/9/09;1.81
16/9/09;2.88
17/9/09;-2.61
18/9/09;-0.31
21/9/09;-1.41
22/9/09;2.01
23/9/09;-1.86
24/9/09;-2.72
25/9/09;-1.09
28/9/09;4.06
29/9/09;0.54
30/9/09;-0.00
1/10/09;-5.22
2/10/09;-0.54
5/10/09;3.76
6/10/09;2.09
7/10/09;0.58
8/10/09;2.13
9/10/09;1.06
12/10/09;0.09
13/10/09;-0.96
14/10/09;3.18
15/10/09;-0.30
16/10/09;-2.39
19/10/09;2.13
20/10/09;-1.22
21/10/09;-1.29
22/10/09;2.53
23/10/09;-2.06
26/10/09;-1.37
27/10/09;-3.66
28/10/09;-4.02
29/10/09;4.23
30/10/09;-5.17
2/11/09;0.14
3/11/09;0.74
4/11/09;-0.25
5/11/09;1.37
6/11/09;1.09
9/11/09;2.78
10/11/09;0.89
11/11/09;0.70
12/11/09;-1.01
13/11/09;0.66
16/11/09;1.25
17/11/09;0.50
18/11/09;-0.90
19/11/09;-2.07
20/11/09;-0.67
23/11/09;1.71
24/11/09;-0.60
25/11/09;1.20
27/11/09;-2.32
30/11/09;0.36
1/12/09;1.19
2/12/09;1.45
3/12/09;0.35
4/12/09;0.54
7/12/09;-0.10
8/12/09;-0.69
9/12/09;0.79
10/12/09;-0.04
11/12/09;-0.16
14/12/09;1.43
15/12/09;-0.34
16/12/09;1.76
17/12/09;-1.35
18/12/09;0.78
21/12/09;1.37
22/12/09;0.31
23/12/09;1.44
24/12/09;0.62
28/12/09;-0.27
29/12/09;-0.70
30/12/09;0.00
31/12/09;-0.99
4/1/10;2.34
5/1/10;3.32
6/1/10;0.32
7/1/10;1.17
8/1/10;0.27
11/1/10;0.42
12/1/10;-2.34
13/1/10;2.21
14/1/10;0.62
15/1/10;-2.23
19/1/10;0.76
20/1/10;-1.67
21/1/10;-1.67
22/1/10;-3.54
25/1/10;1.57
26/1/10;0.21
27/1/10;0.93
28/1/10;-1.89
29/1/10;-1.37
1/2/10;1.87
2/2/10;2.36
3/2/10;-0.97
4/2/10;-4.97
5/2/10;-0.12
8/2/10;-0.79
9/2/10;1.74
10/2/10;0.03
11/2/10;1.88
12/2/10;0.24
16/2/10;2.41
17/2/10;0.70
18/2/10;0.85
19/2/10;0.25
22/2/10;0.80
23/2/10;-1.96
24/2/10;1.00
25/2/10;-0.19
26/2/10;1.20
1/3/10;2.38
2/3/10;0.22
3/3/10;-0.80
4/3/10;0.29
5/3/10;1.93
8/3/10;-0.53
9/3/10;0.12
10/3/10;0.60
11/3/10;0.20
12/3/10;0.81
15/3/10;-0.29
16/3/10;0.78
17/3/10;0.81
18/3/10;-0.50
19/3/10;-1.42
22/3/10;2.27
23/3/10;1.47
24/3/10;0.34
25/3/10;-1.16
26/3/10;0.69
29/3/10;0.75
30/3/10;-0.80
31/3/10;0.00
1/4/10;1.23
5/4/10;2.41
6/4/10;-1.29
7/4/10;-1.14
8/4/10;0.33
9/4/10;0.32
12/4/10;0.16
13/4/10;-0.49
14/4/10;2.36
15/4/10;-0.31
16/4/10;-2.82
19/4/10;-0.38
20/4/10;1.47
21/4/10;0.13
22/4/10;1.15
23/4/10;1.71
26/4/10;-0.10
27/4/10;-5.91
28/4/10;0.42
29/4/10;-0.49
30/4/10;-4.62
3/5/10;2.52
4/5/10;-2.80
5/5/10;-1.34
6/5/10;-3.78
7/5/10;-2.52
10/5/10;6.21
11/5/10;0.71
12/5/10;2.59
13/5/10;-1.94
14/5/10;-3.05
17/5/10;0.29
18/5/10;-2.15
19/5/10;-1.21
20/5/10;-4.37
21/5/10;2.86
24/5/10;-1.24
25/5/10;0.75
26/5/10;0.51
27/5/10;5.36
28/5/10;-1.41
1/6/10;-2.03
2/6/10;2.08
3/6/10;0.64
4/6/10;-2.95
7/6/10;-1.29
8/6/10;0.51
9/6/10;0.25
10/6/10;2.67
11/6/10;0.83
14/6/10;0.41
15/6/10;1.81
16/6/10;-0.17
17/6/10;-0.13
18/6/10;-0.00
21/6/10;0.03
22/6/10;-1.50
23/6/10;-0.01
24/6/10;-1.73
25/6/10;0.77
28/6/10;-0.54
29/6/10;-3.71
30/6/10;-0.95
1/7/10;0.02
2/7/10;-0.30
6/7/10;0.05
7/7/10;1.09
8/7/10;0.12
9/7/10;0.09
12/7/10;0.14
13/7/10;0.53
14/7/10;-0.12
15/7/10;-0.09
16/7/10;-0.85
19/7/10;-0.01
20/7/10;0.22
21/7/10;-0.21
22/7/10;0.53
23/7/10;0.19
26/7/10;0.49
27/7/10;0.11
28/7/10;-0.26
29/7/10;-0.33
30/7/10;0.12
2/8/10;1.19
3/8/10;-0.42
4/8/10;0.74
5/8/10;-0.43
6/8/10;-0.05
9/8/10;1.37
10/8/10;-0.59
11/8/10;-4.14
12/8/10;-0.39
13/8/10;-0.37
16/8/10;0.45
17/8/10;2.22
18/8/10;0.65
19/8/10;-2.15
20/8/10;2.03
23/8/10;-2.06
24/8/10;-2.41
25/8/10;0.42
26/8/10;-1.92
27/8/10;2.25
30/8/10;-2.22
31/8/10;0.25
1/9/10;4.00
2/9/10;1.67
3/9/10;0.61
7/9/10;-0.41
8/9/10;0.82
9/9/10;-0.53
10/9/10;0.19
13/9/10;1.48
14/9/10;0.10
15/9/10;0.12
16/9/10;0.29
17/9/10;0.20
20/9/10;1.95
21/9/10;-0.47
22/9/10;-0.93
23/9/10;0.13
24/9/10;1.45
27/9/10;-0.10
28/9/10;0.25
29/9/10;0.02
30/9/10;-0.83
1/10/10;-1.08
4/10/10;-1.47
5/10/10;3.37
6/10/10;-4.30
7/10/10;-0.26
8/10/10;0.75
11/10/10;-1.52
12/10/10;1.23
13/10/10;1.02
14/10/10;-0.42
15/10/10;0.61
18/10/10;-0.22
19/10/10;-2.05
20/10/10;0.86
21/10/10;0.48
22/10/10;2.17
25/10/10;1.60
26/10/10;-0.92
27/10/10;1.27
28/10/10;-0.79
29/10/10;0.31
1/11/10;-0.32
2/11/10;1.48
3/11/10;0.50
4/11/10;1.62
5/11/10;0.46
8/11/10;0.63
9/11/10;-0.34
10/11/10;0.92
11/11/10;-0.34
12/11/10;-1.51
15/11/10;-1.15
16/11/10;-2.47
17/11/10;0.59
18/11/10;2.65
19/11/10;1.47
22/11/10;0.62
23/11/10;-1.97
24/11/10;2.24
26/11/10;-0.16
29/11/10;-0.70
30/11/10;-0.82
1/12/10;2.37
2/12/10;0.22
3/12/10;0.91
6/12/10;0.34
7/12/10;-0.05
8/12/10;-0.06
9/12/10;0.08
10/12/10;0.18
13/12/10;-0.59
14/12/10;-0.98
15/12/10;-1.07
16/12/10;0.99
17/12/10;0.27
20/12/10;0.44
21/12/10;1.53
22/12/10;-0.77
23/12/10;-0.44
27/12/10;0.25
28/12/10;-0.71
29/12/10;0.19
30/12/10;-0.10
31/12/10;-0.47
3/1/11;1.90
4/1/11;-0.08
5/1/11;2.15
6/1/11;-1.79
7/1/11;0.30
10/1/11;-0.12
11/1/11;0.21
12/1/11;0.18
13/1/11;-0.18
14/1/11;0.03
18/1/11;0.08
19/1/11;-2.16
20/1/11;-1.67
21/1/11;-0.75
24/1/11;-0.04
25/1/11;-0.13
26/1/11;1.88
27/1/11;0.23
28/1/11;-2.08
31/1/11;1.19
1/2/11;2.63
2/2/11;-0.14
3/2/11;0.09
4/2/11;0.50
7/2/11;0.34
8/2/11;0.29
9/2/11;0.44
10/2/11;1.20
11/2/11;1.63
14/2/11;1.56
15/2/11;-0.77
16/2/11;1.11
17/2/11;-0.15
18/2/11;-0.76
22/2/11;-3.22
23/2/11;-1.89
24/2/11;2.09
25/2/11;1.71
28/2/11;-0.26
1/3/11;-2.47
2/3/11;0.91
3/3/11;2.67
4/3/11;-0.19
7/3/11;-1.78
8/3/11;-0.90
9/3/11;-0.69
10/3/11;-2.19
11/3/11;2.37
14/3/11;0.50
15/3/11;-0.45
16/3/11;-1.64
17/3/11;2.53
18/3/11;-0.89
21/3/11;3.49
22/3/11;0.02
23/3/11;1.17
24/3/11;1.31
25/3/11;0.40
28/3/11;0.18
29/3/11;1.50
30/3/11;0.66
31/3/11;-0.42
1/4/11;1.15
4/4/11;0.51
5/4/11;-0.02
6/4/11;-1.78
7/4/11;-0.01
8/4/11;-0.12
11/4/11;-0.52
12/4/11;-1.47
13/4/11;1.30
14/4/11;-0.06
15/4/11;0.66
18/4/11;-1.06
19/4/11;1.59
20/4/11;1.34
21/4/11;0.94
25/4/11;0.19
26/4/11;-1.25
27/4/11;0.01
28/4/11;-0.95
29/4/11;0.36
2/5/11;-1.40
3/5/11;-0.79
4/5/11;-1.41
5/5/11;-0.69
6/5/11;-0.30
9/5/11;2.30
10/5/11;0.86
11/5/11;-2.42
12/5/11;0.32
13/5/11;-1.32
16/5/11;-1.05
17/5/11;0.59
18/5/11;2.90
19/5/11;-0.99
20/5/11;-0.56
23/5/11;-1.44
24/5/11;-0.01
25/5/11;2.36
26/5/11;1.21
27/5/11;-0.15
31/5/11;0.90
1/6/11;-1.99
2/6/11;0.48
3/6/11;-1.11
6/6/11;-2.14
7/6/11;0.11
8/6/11;-1.30
9/6/11;0.54
10/6/11;-1.94
13/6/11;-0.82
14/6/11;1.45
15/6/11;-2.05
16/6/11;-1.81
17/6/11;-0.09
20/6/11;0.71
21/6/11;2.97
22/6/11;-1.17
23/6/11;1.28
24/6/11;-0.92
27/6/11;1.14
28/6/11;1.66
29/6/11;0.38
30/6/11;-0.11
1/7/11;1.77
5/7/11;0.82
6/7/11;0.02
7/7/11;0.50
8/7/11;-0.10
11/7/11;-1.79
12/7/11;-0.65
13/7/11;0.93
14/7/11;-1.42
15/7/11;0.98
18/7/11;-0.74
19/7/11;2.11
20/7/11;-0.76
21/7/11;0.18
22/7/11;0.55
25/7/11;-0.49
26/7/11;-0.42
27/7/11;-2.02
28/7/11;0.54
29/7/11;-0.72
1/8/11;0.61
2/8/11;-2.01
3/8/11;0.19
4/8/11;-2.85
5/8/11;0.05
8/8/11;-4.03
9/8/11;2.81
10/8/11;-0.81
11/8/11;2.20
12/8/11;0.81
15/8/11;0.60
16/8/11;-1.01
17/8/11;-0.68
18/8/11;-2.78
19/8/11;-0.68
22/8/11;-0.24
23/8/11;2.39
24/8/11;0.53
25/8/11;-0.70
26/8/11;1.77
29/8/11;1.61
30/8/11;0.86
31/8/11;0.09
1/9/11;-0.19
2/9/11;-0.29
6/9/11;0.28
7/9/11;0.19
8/9/11;-0.07
9/9/11;-0.45
12/9/11;0.18
13/9/11;0.23
14/9/11;0.27
15/9/11;0.09
16/9/11;0.00
19/9/11;0.37
20/9/11;-0.10
21/9/11;-0.40
22/9/11;-0.61
23/9/11;0.11
26/9/11;0.44
27/9/11;-0.00
28/9/11;-0.34
29/9/11;-0.45
30/9/11;-0.57
3/10/11;-1.17
4/10/11;0.79
5/10/11;0.79
6/10/11;0.38
7/10/11;-0.06
10/10/11;0.89
11/10/11;-0.03
12/10/11;-0.37
13/10/11;0.24
14/10/11;0.39
17/10/11;-0.94
18/10/11;0.19
19/10/11;-0.60
20/10/11;0.13
21/10/11;0.61
24/10/11;0.84
25/10/11;-1.15
26/10/11;0.26
27/10/11;0.65
28/10/11;0.09
31/10/11;-0.72
1/11/11;-0.46
2/11/11;0.54
3/11/11;0.37
4/11/11;-0.08
7/11/11;-0.07
8/11/11;0.12
9/11/11;-0.92
10/11/11;0.54
11/11/11;0.58
14/11/11;-0.04
15/11/11;0.12
16/11/11;-0.61
17/11/11;-0.50
18/11/11;-0.08
21/11/11;-0.39
22/11/11;0.33
23/11/11;-0.73
25/11/11;-0.10
28/11/11;1.13
29/11/11;0.22
30/11/11;1.16
1/12/11;-0.02
2/12/11;-0.25
5/12/11;-0.16
6/12/11;-0.03
7/12/11;-0.40
8/12/11;-0.38
9/12/11;0.43
12/12/11;-0.61
13/12/11;-0.42
14/12/11;-0.50
15/12/11;-0.02
16/12/11;0.34
19/12/11;-0.08
20/12/11;0.84
21/12/11;-0.06
22/12/11;0.03
23/12/11;0.35
27/12/11;0.27
28/12/11;-0.33
29/12/11;0.23
30/12/11;-0.18
3/1/12;0.10
4/1/12;0.32
5/1/12;0.22
6/1/12;-0.18
9/1/12;-0.09
10/1/12;-0.05
11/1/12;-0.46
12/1/12;0.10
13/1/12;0.03
17/1/12;0.35
18/1/12;0.16
19/1/12;-0.22
20/1/12;-0.50
23/1/12;0.21
24/1/12;0.03
25/1/12;0.41
26/1/12;-0.27
27/1/12;0.13
30/1/12;-0.09
31/1/12;0.18
1/2/12;1.51
2/2/12;0.11
3/2/12;1.37
6/2/12;-0.22
7/2/12;0.26
8/2/12;-0.24
9/2/12;1.06
10/2/12;-1.25
13/2/12;1.19
14/2/12;0.70
15/2/12;-1.38
16/2/12;0.51
17/2/12;-0.58
21/2/12;-0.31
22/2/12;0.30
23/2/12;1.09
24/2/12;-0.06
27/2/12;0.12
28/2/12;0.83
29/2/12;-0.52
1/3/12;0.68
2/3/12;-0.05
5/3/12;-0.26
6/3/12;-1.61
7/3/12;1.19
8/3/12;1.46
9/3/12;0.98
12/3/12;0.04
13/3/12;1.29
14/3/12;-0.36
15/3/12;-0.08
16/3/12;-0.23
19/3/12;0.55
20/3/12;0.25
21/3/12;0.80
22/3/12;0.37
23/3/12;0.15
26/3/12;0.92
27/3/12;-0.08
28/3/12;-0.57
29/3/12;-0.01
30/3/12;-0.59
2/4/12;1.06
3/4/12;0.15
4/4/12;-1.26
5/4/12;-0.15
9/4/12;-0.55
10/4/12;-2.94
11/4/12;1.62
12/4/12;0.87
13/4/12;-0.52
16/4/12;-0.44
17/4/12;1.08
18/4/12;0.23
19/4/12;-0.72
20/4/12;0.24
23/4/12;-1.04
24/4/12;-0.38
25/4/12;2.49
26/4/12;1.65
27/4/12;0.67
30/4/12;-0.59
1/5/12;1.15
2/5/12;1.07
3/5/12;-1.21
4/5/12;-1.71
7/5/12;0.19
8/5/12;-1.19
9/5/12;0.27
10/5/12;0.40
11/5/12;0.15
14/5/12;-0.99
15/5/12;0.65
16/5/12;-0.37
17/5/12;-4.09
18/5/12;-1.48
21/5/12;2.92
22/5/12;0.31
23/5/12;1.10
24/5/12;0.41
25/5/12;-0.38
29/5/12;0.40
30/5/12;-1.31
31/5/12;-0.06
1/6/12;-2.96
4/6/12;-0.00
5/6/12;0.73
6/6/12;1.18
7/6/12;-0.25
8/6/12;1.01
11/6/12;-0.96
12/6/12;0.93
13/6/12;-0.93
14/6/12;0.76
15/6/12;0.85
18/6/12;0.86
19/6/12;0.11
20/6/12;-0.30
21/6/12;-1.08
22/6/12;0.43
25/6/12;-0.66
26/6/12;0.79
27/6/12;0.02
28/6/12;-1.06
29/6/12;1.95
2/7/12;1.29
3/7/12;0.01
5/7/12;0.52
6/7/12;-0.37
9/7/12;-0.54
10/7/12;-1.55
11/7/12;-1.42
12/7/12;0.32
13/7/12;1.03
16/7/12;-0.70
17/7/12;0.61
18/7/12;-0.29
19/7/12;-0.49
20/7/12;-0.41
23/7/12;0.06
24/7/12;-1.25
25/7/12;-0.62
26/7/12;4.36
27/7/12;2.44
30/7/12;-0.76
31/7/12;-0.70
1/8/12;-0.91
2/8/12;1.58
3/8/12;1.53
6/8/12;0.47
7/8/12;0.81
8/8/12;0.45
9/8/12;0.81
10/8/12;-0.25
13/8/12;0.24
14/8/12;-0.09
15/8/12;0.58
16/8/12;0.72
17/8/12;0.77
20/8/12;-0.86
21/8/12;-0.90
22/8/12;1.28
23/8/12;-0.77
24/8/12;1.35
27/8/12;-0.67
28/8/12;0.22
29/8/12;0.12
30/8/12;-0.90
31/8/12;0.39
4/9/12;0.49
5/9/12;0.33
6/9/12;1.81
7/9/12;0.06
10/9/12;-1.00
11/9/12;0.14
12/9/12;1.73
13/9/12;1.84
14/9/12;1.31
17/9/12;-0.95
18/9/12;-0.78
19/9/12;2.49
20/9/12;0.65
21/9/12;1.64
24/9/12;-0.50
25/9/12;-1.74
26/9/12;-2.10
27/9/12;1.73
28/9/12;-0.88
1/10/12;-0.99
2/10/12;-0.19
3/10/12;3.25
4/10/12;0.47
5/10/12;-0.19
8/10/12;-1.64
9/10/12;-2.09
10/10/12;-0.34
11/10/12;0.27
12/10/12;-0.59
15/10/12;1.65
16/10/12;0.56
17/10/12;1.66
18/10/12;0.50
19/10/12;-0.98
22/10/12;-0.04
23/10/12;-1.59
24/10/12;0.35
25/10/12;-1.63
26/10/12;1.22
31/10/12;0.32
1/11/12;1.22
2/11/12;-1.43
5/11/12;1.42
6/11/12;0.76
7/11/12;-1.29
8/11/12;-1.59
9/11/12;-0.89
12/11/12;-0.90
13/11/12;-0.55
14/11/12;-2.60
15/11/12;-0.21
16/11/12;2.07
19/11/12;1.58
20/11/12;1.96
21/11/12;0.49
23/11/12;1.15
26/11/12;-0.42
27/11/12;-0.13
28/11/12;0.73
29/11/12;-0.10
30/11/12;-0.20
3/12/12;-0.43
4/12/12;-0.78
5/12/12;-1.27
6/12/12;-0.04
7/12/12;0.46
10/12/12;-0.23
11/12/12;0.62
12/12/12;0.98
13/12/12;-0.44
14/12/12;0.21
17/12/12;1.93
18/12/12;0.99
19/12/12;-0.90
20/12/12;0.22
21/12/12;-1.26
24/12/12;-0.14
26/12/12;-0.93
27/12/12;0.79
28/12/12;-1.01
31/12/12;2.27
2/1/13;2.85
3/1/13;-0.66
4/1/13;0.70
7/1/13;-0.48
8/1/13;0.32
9/1/13;-0.50
10/1/13;0.22
11/1/13;-0.20
14/1/13;-0.33
15/1/13;1.03
16/1/13;0.26
17/1/13;2.03
18/1/13;-0.41
22/1/13;0.52
23/1/13;1.02
24/1/13;0.81
25/1/13;1.50
28/1/13;-1.08
29/1/13;1.54
30/1/13;-0.27
31/1/13;-1.06
1/2/13;0.89
4/2/13;-1.30
5/2/13;1.04
6/2/13;-0.28
7/2/13;-0.02
8/2/13;1.20
11/2/13;-0.44
12/2/13;1.20
13/2/13;0.41
14/2/13;0.78
15/2/13;-0.22
19/2/13;0.49
20/2/13;-4.20
21/2/13;0.51
22/2/13;1.32
25/2/13;-3.08
26/2/13;2.11
27/2/13;1.97
28/2/13;0.01
1/3/13;0.92
4/3/13;1.19
5/3/13;0.64
6/3/13;-0.31
7/3/13;0.64
8/3/13;0.59
11/3/13;-0.46
12/3/13;0.23
13/3/13;-0.56
14/3/13;1.36
15/3/13;-0.17
18/3/13;0.44
19/3/13;-0.07
20/3/13;1.55
21/3/13;-0.80
22/3/13;0.54
25/3/13;-0.22
26/3/13;0.60
27/3/13;-0.08
28/3/13;0.48
1/4/13;-0.66
2/4/13;-1.19
3/4/13;-3.57
4/4/13;0.15
5/4/13;-0.08
8/4/13;1.19
9/4/13;0.15
10/4/13;-0.49
11/4/13;-0.26
12/4/13;-0.95
15/4/13;-2.49
16/4/13;2.18
17/4/13;-2.03
18/4/13;-0.53
19/4/13;1.80
22/4/13;0.64
23/4/13;2.15
24/4/13;0.15
25/4/13;0.59
26/4/13;0.51
29/4/13;0.56
30/4/13;-0.36
1/5/13;-1.69
2/5/13;2.50
3/5/13;1.66
6/5/13;1.00
7/5/13;0.32
8/5/13;-0.42
9/5/13;-0.57
10/5/13;0.26
13/5/13;0.33
14/5/13;1.82
15/5/13;-0.13
16/5/13;-0.82
17/5/13;1.88
20/5/13;-0.05
21/5/13;-0.59
22/5/13;-1.20
23/5/13;0.18
24/5/13;-0.40
28/5/13;1.05
29/5/13;-0.77
30/5/13;0.98
31/5/13;-1.08
3/6/13;-0.73
4/6/13;-0.87
5/6/13;-1.37
6/6/13;2.13
7/6/13;1.24
10/6/13;-0.04
11/6/13;-0.91
12/6/13;-1.48
13/6/13;1.65
14/6/13;-0.45
17/6/13;0.63
18/6/13;1.21
19/6/13;-1.22
20/6/13;-2.61
21/6/13;-0.99
24/6/13;-0.82
25/6/13;1.29
26/6/13;1.39
27/6/13;1.00
28/6/13;-0.56
1/7/13;1.15
2/7/13;-0.21
3/7/13;-0.54
5/7/13;0.90
8/7/13;0.13
9/7/13;0.07
10/7/13;-0.38
11/7/13;0.35
12/7/13;0.83
15/7/13;0.19
16/7/13;0.32
17/7/13;0.05
18/7/13;0.45
19/7/13;-0.09
22/7/13;0.14
23/7/13;-0.66
24/7/13;0.04
25/7/13;1.44
26/7/13;0.65
29/7/13;-0.32
30/7/13;0.23
31/7/13;0.54
1/8/13;1.14
2/8/13;-0.03
5/8/13;0.82
6/8/13;-0.95
7/8/13;-1.27
8/8/13;0.75
9/8/13;0.33
12/8/13;-0.07
13/8/13;0.71
14/8/13;-1.21
15/8/13;-2.78
16/8/13;0.35
19/8/13;-0.99
20/8/13;1.85
21/8/13;-0.31
22/8/13;2.32
23/8/13;0.39
26/8/13;0.72
27/8/13;-3.49
28/8/13;1.31
29/8/13;1.48
30/8/13;-1.15
3/9/13;1.53
4/9/13;1.22
5/9/13;0.95
6/9/13;-0.70
9/9/13;1.18
10/9/13;0.93
11/9/13;-0.18
12/9/13;-0.58
13/9/13;0.50
16/9/13;0.14
17/9/13;0.28
18/9/13;0.37
19/9/13;-0.17
20/9/13;-0.53
23/9/13;-1.08
24/9/13;0.55
25/9/13;0.05
26/9/13;0.96
27/9/13;-0.09
30/9/13;-0.37
1/10/13;1.97
2/10/13;-0.32
3/10/13;-1.00
4/10/13;1.54
7/10/13;-1.77
8/10/13;-3.57
9/10/13;-0.92
10/10/13;3.19
11/10/13;-1.11
14/10/13;1.94
15/10/13;-0.98
16/10/13;1.87
17/10/13;0.29
18/10/13;0.76
21/10/13;0.13
22/10/13;-0.37
23/10/13;-0.62
24/10/13;-0.09
25/10/13;-0.30
28/10/13;-0.60
29/10/13;1.78
30/10/13;-0.99
31/10/13;0.68
1/11/13;1.02
4/11/13;1.42
5/11/13;0.44
6/11/13;-1.48
7/11/13;-1.91
8/11/13;1.67
11/11/13;1.12
12/11/13;0.41
13/11/13;1.03
14/11/13;0.56
15/11/13;0.06
18/11/13;-0.96
19/11/13;-1.31
20/11/13;-0.48
21/11/13;0.95
22/11/13;0.61
25/11/13;-0.56
26/11/13;0.11
27/11/13;0.84
29/11/13;-0.10
2/12/13;0.04
3/12/13;-0.69
4/12/13;-0.15
5/12/13;-0.65
6/12/13;0.70
9/12/13;0.50
10/12/13;0.35
11/12/13;-2.29
12/12/13;0.32
13/12/13;0.50
16/12/13;0.14
17/12/13;-0.19
18/12/13;0.34
19/12/13;0.23
20/12/13;-0.04
23/12/13;0.48
24/12/13;-0.00
26/12/13;0.59
27/12/13;-1.53
30/12/13;-0.17
31/12/13;0.62
2/1/14;-0.20
3/1/14;-0.62
6/1/14;-0.38
7/1/14;1.01
8/1/14;2.23
9/1/14;-0.68
10/1/14;1.18
13/1/14;-2.49
14/1/14;2.89
15/1/14;-0.23
16/1/14;-2.01
17/1/14;-1.64
21/1/14;1.35
22/1/14;1.15
23/1/14;0.19
24/1/14;-2.55
27/1/14;-1.34
28/1/14;2.77
29/1/14;-2.32
30/1/14;4.77
31/1/14;0.13
3/2/14;-2.46
4/2/14;1.28
5/2/14;-0.47
6/2/14;1.54
7/2/14;2.59
10/2/14;0.78
11/2/14;0.78
12/2/14;-0.21
13/2/14;1.78
14/2/14;0.10
18/2/14;1.33
19/2/14;-0.48
20/2/14;2.36
21/2/14;-0.65
24/2/14;1.52
25/2/14;1.52
26/2/14;-0.01
27/2/14;0.03
28/2/14;-1.09
3/3/14;-0.08
4/3/14;2.80
5/3/14;-0.16
6/3/14;-0.46
7/3/14;-0.95
10/3/14;-0.45
11/3/14;-0.96
12/3/14;0.89
13/3/14;-2.02
14/3/14;-0.14
17/3/14;0.40
18/3/14;1.55
19/3/14;-0.88
20/3/14;0.27
21/3/14;-2.01
24/3/14;-2.36
25/3/14;-0.52
26/3/14;-2.52
27/3/14;-1.02
28/3/14;0.10
31/3/14;1.68
1/4/14;2.98
2/4/14;1.07
3/4/14;-2.16
4/4/14;-4.70
7/4/14;-2.46
8/4/14;2.15
9/4/14;2.91
10/4/14;-4.21
11/4/14;-1.47
14/4/14;0.07
15/4/14;1.07
16/4/14;2.11
17/4/14;1.05
21/4/14;2.50
22/4/14;2.80
23/4/14;-0.04
24/4/14;0.59
25/4/14;-3.09
28/4/14;-1.82
29/4/14;1.69
30/4/14;1.83
1/5/14;0.51
2/5/14;0.64
5/5/14;0.22
6/5/14;-1.00
7/5/14;-0.21
8/5/14;-0.36
9/5/14;-0.15
12/5/14;2.40
13/5/14;-0.12
14/5/14;-1.41
15/5/14;-1.43
16/5/14;0.17
19/5/14;1.53
20/5/14;-0.83
21/5/14;1.41
22/5/14;0.57
23/5/14;1.02
27/5/14;0.93
28/5/14;0.01
29/5/14;0.46
30/5/14;0.04
2/6/14;0.65
3/6/14;0.28
4/6/14;0.37
5/6/14;0.20
6/6/14;0.92
9/6/14;-0.22
10/6/14;0.75
11/6/14;0.61
12/6/14;-2.03
13/6/14;0.42
16/6/14;0.07
17/6/14;1.00
18/6/14;0.31
19/6/14;0.18
20/6/14;0.81
23/6/14;-0.82
24/6/14;0.11
25/6/14;0.95
26/6/14;-0.12
27/6/14;0.21
30/6/14;0.95
1/7/14;1.67
2/7/14;-0.62
3/7/14;0.46
7/7/14;-1.96
8/7/14;-1.07
9/7/14;1.10
10/7/14;-0.50
11/7/14;0.62
14/7/14;0.79
15/7/14;-0.45
16/7/14;1.14
17/7/14;-2.40
18/7/14;1.46
21/7/14;0.32
22/7/14;0.97
23/7/14;0.51
24/7/14;-0.75
25/7/14;-0.74
28/7/14;-0.95
29/7/14;-0.25
30/7/14;0.29
31/7/14;-3.19
1/8/14;0.45
4/8/14;0.79
5/8/14;-1.43
6/8/14;-0.25
7/8/14;-1.52
8/8/14;1.35
11/8/14;0.45
12/8/14;-0.25
13/8/14;1.22
14/8/14;0.09
15/8/14;0.44
18/8/14;1.11
19/8/14;0.59
20/8/14;1.07
21/8/14;-0.27
22/8/14;0.99
25/8/14;0.46
26/8/14;0.26
27/8/14;0.07
28/8/14;-0.38
29/8/14;0.45
2/9/14;0.44
3/9/14;-0.16
4/9/14;0.26
5/9/14;0.90
8/9/14;-0.31
9/9/14;-1.35
10/9/14;0.77
11/9/14;-0.08
12/9/14;-1.11
15/9/14;-1.98
16/9/14;1.87
17/9/14;0.74
18/9/14;0.94
19/9/14;-1.46
22/9/14;-2.03
23/9/14;0.08
24/9/14;1.77
25/9/14;-1.94
26/9/14;2.39
29/9/14;0.05
30/9/14;-0.64
1/10/14;-1.20
2/10/14;0.12
3/10/14;0.95
6/10/14;-0.58
7/10/14;-0.57
8/10/14;0.83
9/10/14;-1.75
10/10/14;-3.21
13/10/14;-1.82
14/10/14;0.75
15/10/14;0.16
16/10/14;0.70
17/10/14;1.05
20/10/14;1.41
21/10/14;2.39
22/10/14;-0.89
23/10/14;0.16
24/10/14;0.86
27/10/14;0.33
28/10/14;1.11
29/10/14;-0.12
30/10/14;-0.22
31/10/14;1.43
3/11/14;0.61
4/11/14;-0.13
5/11/14;-0.15
6/11/14;1.18
7/11/14;-0.40
10/11/14;0.93
11/11/14;0.15
12/11/14;0.07
13/11/14;-0.34
14/11/14;0.12
17/11/14;0.62
18/11/14;1.62
19/11/14;-1.04
20/11/14;-0.72
21/11/14;-0.32
24/11/14;0.92
25/11/14;0.30
26/11/14;1.01
28/11/14;0.74
1/12/14;-1.73
2/12/14;0.56
3/12/14;0.70
4/12/14;1.08
5/12/14;0.05
8/12/14;-0.15
9/12/14;-0.12
10/12/14;-0.93
11/12/14;0.91
12/12/14;-1.38
15/12/14;-0.55
16/12/14;-1.24
17/12/14;1.76
18/12/14;2.09
19/12/14;0.10
22/12/14;0.61
23/12/14;-0.62
24/12/14;0.31
26/12/14;0.28
29/12/14;0.04
30/12/14;-0.40
31/12/14;-0.50
2/1/15;0.26
5/1/15;-0.68
6/1/15;-0.80
7/1/15;1.56
8/1/15;1.48
9/1/15;-0.52
12/1/15;-0.49
13/1/15;-0.07
14/1/15;-0.11
15/1/15;-1.21
16/1/15;1.25
20/1/15;0.23
21/1/15;0.56
22/1/15;1.47
23/1/15;0.29
26/1/15;0.37
27/1/15;-0.63
28/1/15;0.55
29/1/15;0.50
30/1/15;-1.67
2/2/15;0.02
3/2/15;-0.42
4/2/15;0.97
5/2/15;0.95
6/2/15;-0.76
9/2/15;-0.95
10/2/15;1.26
11/2/15;-0.07
12/2/15;0.33
13/2/15;0.44
17/2/15;0.17
18/2/15;0.68
19/2/15;0.13
20/2/15;1.03
23/2/15;0.11
24/2/15;0.10
25/2/15;-0.37
26/2/15;1.59
27/2/15;0.02
2/3/15;0.76
3/3/15;-0.48
4/3/15;-0.03
5/3/15;0.47
6/3/15;-1.70
9/3/15;0.26
10/3/15;-1.19
11/3/15;0.36
12/3/15;0.96
13/3/15;-0.48
16/3/15;2.68
17/3/15;-0.30
18/3/15;0.93
19/3/15;0.88
20/3/15;0.28
23/3/15;-0.65
24/3/15;-0.29
25/3/15;-2.45
26/3/15;-0.34
27/3/15;1.47
30/3/15;1.15
31/3/15;-1.09
1/4/15;-1.20
2/4/15;-0.49
6/4/15;-0.34
7/4/15;-0.10
8/4/15;1.14
9/4/15;-0.13
10/4/15;0.51
13/4/15;-0.86
14/4/15;-0.69
15/4/15;-0.06
16/4/15;0.03
17/4/15;-1.47
20/4/15;1.14
21/4/15;0.93
22/4/15;0.48
23/4/15;-0.21
24/4/15;-0.70
27/4/15;-1.42
28/4/15;-1.02
29/4/15;-0.78
30/4/15;-0.84
1/5/15;2.15
4/5/15;0.05
5/5/15;-1.15
6/5/15;0.21
7/5/15;0.74
8/5/15;0.05
11/5/15;0.35
12/5/15;-0.47
13/5/15;-0.45
14/5/15;1.47
15/5/15;-0.15
18/5/15;1.14
19/5/15;0.06
20/5/15;-0.17
21/5/15;0.22
22/5/15;-0.02
26/5/15;-0.73
27/5/15;2.53
28/5/15;-0.13
29/5/15;0.28
1/6/15;0.01
2/6/15;-0.66
3/6/15;-0.48
4/6/15;-0.75
5/6/15;0.68
8/6/15;-1.72
9/6/15;0.04
10/6/15;1.10
11/6/15;-0.13
12/6/15;-0.52
15/6/15;-0.26
16/6/15;0.18
17/6/15;0.14
18/6/15;1.45
19/6/15;0.18
22/6/15;-0.10
23/6/15;-0.27
24/6/15;-0.78
25/6/15;0.93
26/6/15;-0.93
29/6/15;-2.11
30/6/15;0.49
1/7/15;1.10
2/7/15;-0.04
6/7/15;-0.59
7/7/15;0.04
8/7/15;-0.99
9/7/15;-0.01
10/7/15;1.10
13/7/15;0.33
14/7/15;0.22
15/7/15;-0.17
16/7/15;0.72
17/7/15;-0.01
20/7/15;0.13
21/7/15;-0.05
22/7/15;-0.46
23/7/15;0.13
24/7/15;-0.73
27/7/15;-0.69
28/7/15;0.61
29/7/15;0.13
30/7/15;0.25
31/7/15;-0.28
3/8/15;-0.24
4/8/15;0.11
5/8/15;0.80
6/8/15;-1.13
7/8/15;-0.15
10/8/15;0.10
11/8/15;-0.43
12/8/15;-0.07
13/8/15;0.39
14/8/15;-0.03
17/8/15;0.56
18/8/15;-0.44
19/8/15;-0.59
20/8/15;-1.93
21/8/15;-2.02
24/8/15;-1.66
25/8/15;0.16
26/8/15;2.38
27/8/15;1.40
28/8/15;0.21
31/8/15;-0.68
1/9/15;-1.61
2/9/15;1.22
3/9/15;0.13
4/9/15;-0.32
8/9/15;1.49
9/9/15;-0.43
10/9/15;0.50
11/9/15;0.26
14/9/15;-0.15
15/9/15;0.57
16/9/15;0.50
17/9/15;0.41
18/9/15;-0.65
21/9/15;0.06
22/9/15;-0.96
23/9/15;-0.19
24/9/15;-0.46
25/9/15;0.01
28/9/15;-1.93
29/9/15;-1.00
30/9/15;1.44
1/10/15;0.12
2/10/15;0.16
5/10/15;0.43
6/10/15;-0.29
7/10/15;0.01
8/10/15;0.19
9/10/15;0.06
12/10/15;0.50
13/10/15;-0.10
14/10/15;-0.06
15/10/15;0.17
16/10/15;0.18
19/10/15;0.19
20/10/15;-0.13
21/10/15;-0.05
22/10/15;0.23
23/10/15;0.23
26/10/15;0.15
27/10/15;0.08
28/10/15;0.38
29/10/15;-0.05
30/10/15;-0.27
2/11/15;-0.23
3/11/15;0.43
4/11/15;0.93
5/11/15;0.42
6/11/15;-1.45
9/11/15;-1.54
10/11/15;0.65
11/11/15;0.55
12/11/15;-0.65
13/11/15;-1.86
16/11/15;0.94
17/11/15;0.71
18/11/15;1.75
19/11/15;0.39
20/11/15;0.83
23/11/15;-0.17
24/11/15;-1.18
25/11/15;0.78
27/11/15;0.05
30/11/15;-0.55
1/12/15;1.15
2/12/15;-0.27
3/12/15;-0.58
4/12/15;1.27
7/12/15;-0.83
8/12/15;0.40
9/12/15;-0.86
10/12/15;-0.09
11/12/15;-1.43
14/12/15;0.65
15/12/15;0.52
16/12/15;0.90
17/12/15;-0.93
18/12/15;-1.13
21/12/15;0.39
22/12/15;0.37
23/12/15;0.10
24/12/15;-0.09
28/12/15;0.25
29/12/15;0.75
30/12/15;-0.57
31/12/15;-0.72
4/1/16;-1.55
5/1/16;-0.13
6/1/16;0.17
7/1/16;-1.07
8/1/16;-0.80
11/1/16;0.41
12/1/16;0.77
13/1/16;-2.13
14/1/16;0.39
15/1/16;-1.31
19/1/16;0.60
20/1/16;-0.27
21/1/16;-0.19
22/1/16;0.94
25/1/16;-0.60
26/1/16;0.30
27/1/16;-1.05
28/1/16;1.35
29/1/16;0.05
1/2/16;-0.03
2/2/16;0.00
3/2/16;0.00
4/2/16;0.00
5/2/16;0.00
8/2/16;0.00
9/2/16;0.00
10/2/16;0.00
11/2/16;0.00
12/2/16;0.00
16/2/16;0.00
17/2/16;0.00
18/2/16;0.00
19/2/16;0.00
22/2/16;0.00
23/2/16;0.00
24/2/16;0.00
25/2/16;0.00
26/2/16;0.00
29/2/16;0.00
1/3/16;0.00
2/3/16;0.00
3/3/16;0.00
4/3/16;0.00
7/3/16;0.00
8/3/16;0.00
9/3/16;0.00
10/3/16;0.00
11/3/16;0.00
14/3/16;0.00
15/3/16;0.00
16/3/16;0.00
17/3/16;0.00
18/3/16;0.00
21/3/16;0.00
22/3/16;0.00
23/3/16;0.00
24/3/16;0.00
28/3/16;0.00
29/3/16;0.00
30/3/16;0.00
31/3/16;0.00
1/4/16;1.03
4/4/16;-0.50
5/4/16;-0.91
6/4/16;0.50
7/4/16;-0.70
8/4/16;0.38
11/4/16;0.50
12/4/16;0.27
13/4/16;-0.65
14/4/16;-1.01
15/4/16;0.60
18/4/16;0.41
19/4/16;0.06
20/4/16;-0.94
21/4/16;-0.95
22/4/16;-0.10
25/4/16;0.22
26/4/16;0.56
27/4/16;0.29
28/4/16;-1.04
29/4/16;0.02
2/5/16;0.65
3/5/16;-0.95
4/5/16;-1.01
5/5/16;-0.14
6/5/16;0.91
9/5/16;-0.41
10/5/16;0.87
11/5/16;-1.29
12/5/16;-0.38
13/5/16;0.81
16/5/16;-0.01
17/5/16;-0.31
18/5/16;-1.16
19/5/16;0.57
20/5/16;0.55
23/5/16;0.32
24/5/16;-0.04
25/5/16;0.33
26/5/16;-0.06
27/5/16;-0.01
31/5/16;0.40
1/6/16;1.43
2/6/16;-0.12
3/6/16;1.42
6/6/16;-0.36
7/6/16;0.35
8/6/16;0.17
9/6/16;1.02
10/6/16;-1.43
13/6/16;-0.00
14/6/16;0.22
15/6/16;0.35
16/6/16;0.20
17/6/16;-0.28
20/6/16;0.05
21/6/16;0.46
22/6/16;0.25
23/6/16;1.18
24/6/16;-1.57
27/6/16;-0.94
28/6/16;0.92
29/6/16;1.96
30/6/16;2.32
1/7/16;0.50
5/7/16;-0.34
6/7/16;0.77
7/7/16;-0.49
8/7/16;1.43
11/7/16;0.49
12/7/16;0.41
13/7/16;-0.03
14/7/16;-0.05
15/7/16;0.02
18/7/16;0.43
19/7/16;-0.11
20/7/16;-0.91
21/7/16;-0.75
22/7/16;1.33
25/7/16;-0.15
26/7/16;1.08
27/7/16;-0.48
28/7/16;0.61
29/7/16;-0.12
1/8/16;-1.01
2/8/16;-0.27
3/8/16;0.14
4/8/16;-0.33
5/8/16;0.28
8/8/16;0.28
9/8/16;-0.41
10/8/16;-0.31
11/8/16;1.03
12/8/16;1.04
15/8/16;0.79
16/8/16;-0.63
17/8/16;-0.87
18/8/16;1.63
19/8/16;0.10
22/8/16;-1.14
23/8/16;0.89
24/8/16;-2.83
25/8/16;0.29
26/8/16;0.01
29/8/16;0.69
30/8/16;-1.74
31/8/16;-0.81
1/9/16;1.49
2/9/16;1.18
6/9/16;1.38
7/9/16;0.18
8/9/16;2.01
9/9/16;-3.66
12/9/16;2.11
13/9/16;-3.28
14/9/16;-0.72
15/9/16;1.84
16/9/16;-0.37
19/9/16;-0.05
20/9/16;-0.53
21/9/16;3.22
22/9/16;-0.06
23/9/16;-2.14
26/9/16;-0.50
27/9/16;-0.68
28/9/16;2.57
29/9/16;-0.99
30/9/16;1.48
3/10/16;-0.62
4/10/16;-1.86
5/10/16;0.47
6/10/16;-0.17
7/10/16;-0.69
10/10/16;0.78
11/10/16;-1.58
12/10/16;0.70
13/10/16;-0.48
14/10/16;-0.41
17/10/16;-0.60
18/10/16;1.29
19/10/16;0.76
20/10/16;0.26
21/10/16;-1.02
24/10/16;0.31
25/10/16;-0.21
26/10/16;-0.25
27/10/16;-0.55
28/10/16;-0.70
31/10/16;0.08
1/11/16;-1.29
2/11/16;-1.74
3/11/16;-0.16
4/11/16;-0.66
7/11/16;3.87
8/11/16;1.36
9/11/16;0.80
10/11/16;-1.31
11/11/16;5.43
14/11/16;-1.51
15/11/16;1.99
16/11/16;1.00
17/11/16;1.42
18/11/16;-0.07
21/11/16;1.75
22/11/16;0.98
23/11/16;1.24
25/11/16;-0.46
28/11/16;-0.62
29/11/16;-1.06
30/11/16;0.96
1/12/16;-2.43
2/12/16;1.15
5/12/16;1.76
6/12/16;0.88
7/12/16;1.09
8/12/16;0.05
9/12/16;-0.51
12/12/16;-1.42
13/12/16;0.40
14/12/16;-0.49
15/12/16;0.93
16/12/16;0.29
19/12/16;0.25
20/12/16;1.33
21/12/16;0.15
22/12/16;0.79
23/12/16;1.11
27/12/16;1.76
28/12/16;-3.02
29/12/16;-0.10
30/12/16;-1.59
3/1/17;0.12
4/1/17;0.93
5/1/17;-0.52
6/1/17;0.29
9/1/17;-0.03
10/1/17;-0.62
11/1/17;0.25
12/1/17;-1.30
13/1/17;0.41
17/1/17;-2.63
18/1/17;1.54
19/1/17;-0.61
20/1/17;0.34
23/1/17;-0.11
24/1/17;2.06
25/1/17;1.60
26/1/17;1.12
27/1/17;-0.07
30/1/17;-1.61
31/1/17;-0.15
1/2/17;2.05
2/2/17;-0.33
3/2/17;0.84
6/2/17;0.02
7/2/17;0.65
8/2/17;-1.12
9/2/17;0.65
10/2/17;-0.56
13/2/17;-0.28
14/2/17;0.30
15/2/17;0.16
16/2/17;-0.59
17/2/17;-0.30
21/2/17;1.49
22/2/17;-0.49
23/2/17;-2.94
24/2/17;0.22
27/2/17;1.73
28/2/17;-0.57
1/3/17;2.86
2/3/17;-2.08
3/3/17;1.09
6/3/17;-0.39
7/3/17;-0.40
8/3/17;-0.53
9/3/17;-0.72
10/3/17;1.23
13/3/17;1.19
14/3/17;-0.50
15/3/17;0.94
16/3/17;-0.18
17/3/17;0.01
20/3/17;0.51
21/3/17;-3.84
22/3/17;1.30
23/3/17;0.03
24/3/17;1.39
27/3/17;0.12
28/3/17;0.93
29/3/17;-0.20
30/3/17;1.35
31/3/17;-0.98
3/4/17;-0.36
4/4/17;-1.25
5/4/17;-0.89
6/4/17;0.98
7/4/17;-0.11
10/4/17;-0.82
11/4/17;-0.02
12/4/17;-1.50
13/4/17;-0.88
17/4/17;1.87
18/4/17;-0.57
19/4/17;0.17
20/4/17;1.30
21/4/17;-0.50
24/4/17;1.06
25/4/17;1.32
26/4/17;-1.12
27/4/17;0.52
28/4/17;0.05
1/5/17;1.04
2/5/17;-2.81
3/5/17;0.34
4/5/17;-0.22
5/5/17;0.61
8/5/17;-0.56
9/5/17;0.36
10/5/17;4.19
11/5/17;0.94
12/5/17;0.20
15/5/17;1.36
16/5/17;1.35
17/5/17;-5.37
18/5/17;1.59
19/5/17;1.19
22/5/17;0.82
23/5/17;0.04
24/5/17;0.65
25/5/17;0.69
26/5/17;0.92
30/5/17;1.06
31/5/17;-0.27
1/6/17;0.51
2/6/17;0.23
5/6/17;0.49
6/6/17;0.12
7/6/17;1.07
8/6/17;2.23
9/6/17;-5.01
12/6/17;-0.20
13/6/17;1.23
14/6/17;-0.80
15/6/17;-0.54
16/6/17;-0.63
19/6/17;2.50
20/6/17;-0.76
21/6/17;1.89
22/6/17;-0.06
23/6/17;0.07
26/6/17;-0.27
27/6/17;-2.88
28/6/17;2.19
29/6/17;-2.68
30/6/17;-1.29
3/7/17;-1.91
5/7/17;1.13
6/7/17;-0.96
7/7/17;1.28
10/7/17;1.75
11/7/17;1.13
12/7/17;2.52
13/7/17;-0.62
14/7/17;1.45
17/7/17;-0.65
18/7/17;1.04
19/7/17;1.40
20/7/17;0.26
21/7/17;0.51
24/7/17;0.21
25/7/17;-0.91
26/7/17;0.78
27/7/17;-2.35
28/7/17;-0.21
31/7/17;-1.44
1/8/17;0.55
2/8/17;-0.24
3/8/17;0.59
4/8/17;-0.49
7/8/17;1.77
8/8/17;-0.86
9/8/17;-0.09
10/8/17;-3.34
11/8/17;-0.52
14/8/17;2.61
15/8/17;0.04
16/8/17;-0.51
17/8/17;-2.85
18/8/17;0.02
21/8/17;-0.32
22/8/17;2.13
23/8/17;0.66
24/8/17;0.10
25/8/17;-1.34
28/8/17;0.03
29/8/17;0.19
30/8/17;1.46
31/8/17;1.58
1/9/17;0.33
5/9/17;-1.14
6/9/17;-0.32
7/9/17;0.84
8/9/17;-0.82
11/9/17;1.63
12/9/17;0.40
13/9/17;0.16
14/9/17;-0.24
15/9/17;1.43
18/9/17;1.58
19/9/17;0.07
20/9/17;-0.15
21/9/17;-1.25
22/9/17;-0.51
25/9/17;-2.39
26/9/17;-0.06
27/9/17;1.47
28/9/17;0.13
29/9/17;1.24
2/10/17;0.13
3/10/17;0.19
4/10/17;-0.18
5/10/17;0.23
6/10/17;0.48
9/10/17;0.87
10/10/17;0.86
11/10/17;0.62
12/10/17;0.09
13/10/17;0.46
16/10/17;1.03
17/10/17;-0.43
18/10/17;0.56
19/10/17;0.02
20/10/17;0.98
23/10/17;-0.68
24/10/17;0.76
25/10/17;-1.63
26/10/17;0.24
27/10/17;3.55
30/10/17;0.53
31/10/17;1.32
1/11/17;-0.67
2/11/17;0.38
3/11/17;1.35
6/11/17;0.31
7/11/17;0.88
8/11/17;0.13
9/11/17;-1.46
10/11/17;2.15
13/11/17;0.24
14/11/17;0.26
15/11/17;-1.13
16/11/17;1.90
17/11/17;-0.59
20/11/17;0.97
21/11/17;1.42
22/11/17;-0.62
24/11/17;0.65
27/11/17;-0.79
28/11/17;-0.30
29/11/17;-5.69
30/11/17;0.66
1/12/17;-1.42
4/12/17;-3.85
5/12/17;0.41
6/12/17;0.71
7/12/17;1.57
8/12/17;0.28
11/12/17;0.31
12/12/17;-0.83
13/12/17;-0.61
14/12/17;-0.03
15/12/17;1.13
18/12/17;1.64
19/12/17;-0.55
20/12/17;0.12
21/12/17;-0.90
22/12/17;0.08
26/12/17;0.01
27/12/17;0.04
28/12/17;-0.02
29/12/17;-1.10
2/1/18;1.68
3/1/18;2.63
4/1/18;0.37
5/1/18;1.28
8/1/18;1.53
9/1/18;-0.35
10/1/18;-0.02
11/1/18;1.24
12/1/18;0.36
16/1/18;-1.37
17/1/18;1.56
18/1/18;-0.50
19/1/18;1.30
22/1/18;0.61
23/1/18;0.91
24/1/18;-0.45
25/1/18;0.07
26/1/18;1.60
29/1/18;-0.67
30/1/18;-1.20
31/1/18;0.60
1/2/18;-1.76
2/2/18;-1.43
5/2/18;-4.23
6/2/18;2.33
7/2/18;0.39
8/2/18;-4.23
9/2/18;2.81
12/2/18;0.10
13/2/18;0.74
14/2/18;2.04
15/2/18;1.53
16/2/18;-0.27
20/2/18;0.65
21/2/18;-1.06
22/2/18;0.55
23/2/18;1.39
26/2/18;0.63
27/2/18;-0.74
28/2/18;-0.70
1/3/18;-2.77
2/3/18;1.78
5/3/18;1.12
6/3/18;1.70
7/3/18;-0.13
8/3/18;0.09
9/3/18;1.66
12/3/18;0.80
13/3/18;-0.44
14/3/18;-0.03
15/3/18;-0.45
16/3/18;0.72
19/3/18;-1.62
20/3/18;1.72
21/3/18;-0.09
22/3/18;-3.35
23/3/18;-3.01
26/3/18;3.37
27/3/18;-4.56
28/3/18;-1.14
29/3/18;2.59
2/4/18;-1.96
3/4/18;0.75
4/4/18;1.07
5/4/18;0.75
6/4/18;-1.32
9/4/18;0.17
10/4/18;1.34
11/4/18;-0.32
12/4/18;0.74
13/4/18;-0.37
16/4/18;0.52
17/4/18;1.39
18/4/18;0.07
19/4/18;-0.68
20/4/18;-0.94
23/4/18;-0.07
24/4/18;-1.07
25/4/18;0.07
26/4/18;1.23
27/4/18;0.43
30/4/18;-0.66
1/5/18;0.10
2/5/18;0.02
3/5/18;-0.36
4/5/18;0.72
7/5/18;0.29
8/5/18;0.27
9/5/18;0.96
10/5/18;0.19
11/5/18;-0.17
14/5/18;-0.24
15/5/18;0.35
16/5/18;0.58
17/5/18;0.08
18/5/18;-0.37
21/5/18;0.77
22/5/18;-0.98
23/5/18;0.81
24/5/18;0.76
25/5/18;-0.27
29/5/18;-0.44
30/5/18;0.22
31/5/18;-0.76
1/6/18;1.24
4/6/18;0.51
5/6/18;1.06
6/6/18;-0.08
7/6/18;-0.36
8/6/18;0.44
11/6/18;0.58
12/6/18;-0.21
13/6/18;0.16
14/6/18;0.14
15/6/18;-1.09
18/6/18;0.76
19/6/18;0.16
20/6/18;1.02
21/6/18;-1.24
22/6/18;-0.06
25/6/18;-3.63
26/6/18;1.62
27/6/18;-1.07
28/6/18;0.38
29/6/18;-0.45
2/7/18;-0.39
3/7/18;-0.66
5/7/18;0.40
6/7/18;0.74
9/7/18;0.63
10/7/18;0.02
11/7/18;-0.68
12/7/18;0.88
13/7/18;-0.02
16/7/18;-0.20
17/7/18;-0.08
18/7/18;0.18
19/7/18;-0.43
20/7/18;-0.33
23/7/18;0.26
24/7/18;-0.77
25/7/18;1.18
26/7/18;-1.30
27/7/18;-1.32
30/7/18;-1.42
31/7/18;-0.03
1/8/18;-0.84
2/8/18;-0.15
3/8/18;0.44
6/8/18;0.88
7/8/18;0.81
8/8/18;0.74
9/8/18;0.19
10/8/18;-0.51
13/8/18;-0.12
14/8/18;2.06
15/8/18;-3.48
16/8/18;0.17
17/8/18;-0.13
20/8/18;2.12
21/8/18;0.92
22/8/18;0.30
23/8/18;1.32
24/8/18;0.61
27/8/18;0.04
28/8/18;0.31
29/8/18;0.95
30/8/18;-0.48
31/8/18;0.21
4/9/18;0.80
5/9/18;-2.77
6/9/18;-0.29
7/9/18;-0.45
10/9/18;0.68
11/9/18;0.94
12/9/18;0.39
13/9/18;0.42
14/9/18;-0.52
17/9/18;-2.31
18/9/18;1.62
19/9/18;-1.16
20/9/18;0.53
21/9/18;-0.06
24/9/18;1.67
25/9/18;0.83
26/9/18;0.49
27/9/18;0.14
28/9/18;-0.35
1/10/18;0.15
2/10/18;-1.09
3/10/18;-0.36
4/10/18;-1.21
5/10/18;-0.77
8/10/18;-0.92
9/10/18;0.11
10/10/18;-3.14
11/10/18;-0.68
12/10/18;2.21
15/10/18;-1.07
16/10/18;2.12
17/10/18;0.05
18/10/18;-1.11
19/10/18;-1.54
22/10/18;0.30
23/10/18;-0.29
24/10/18;-3.21
25/10/18;-0.00
26/10/18;-0.77
29/10/18;-1.24
30/10/18;1.46
31/10/18;0.96
1/11/18;0.92
2/11/18;-0.64
5/11/18;0.44
6/11/18;0.26
7/11/18;1.10
8/11/18;1.01
9/11/18;-0.49
12/11/18;-0.88
13/11/18;0.21
14/11/18;-1.21
15/11/18;0.15
16/11/18;-0.40
19/11/18;-1.22
20/11/18;-1.26
21/11/18;0.26
23/11/18;-0.02
26/11/18;0.41
27/11/18;0.33
28/11/18;1.31
29/11/18;-0.15
30/11/18;0.25
3/12/18;0.26
4/12/18;-0.37
6/12/18;0.04
7/12/18;-0.65
10/12/18;-0.05
11/12/18;0.08
12/12/18;0.20
13/12/18;-0.02
14/12/18;-0.52
17/12/18;-0.70
18/12/18;-0.04
19/12/18;-0.24
20/12/18;-0.41
21/12/18;-0.33
24/12/18;-0.52
26/12/18;0.88
27/12/18;0.12
28/12/18;-0.01
31/12/18;0.18
2/1/19;-0.20
3/1/19;-0.21
4/1/19;0.37
7/1/19;0.23
8/1/19;0.21
9/1/19;0.18
10/1/19;0.12
11/1/19;-0.19
14/1/19;-0.20
15/1/19;0.36
16/1/19;0.03
17/1/19;0.29
18/1/19;0.01
22/1/19;-0.30
23/1/19;0.14
24/1/19;-0.42
25/1/19;-0.08
28/1/19;-0.08
29/1/19;0.08
30/1/19;0.28
31/1/19;0.27
1/2/19;0.22
4/2/19;-0.03
5/2/19;0.11
6/2/19;0.03
7/2/19;0.03
8/2/19;0.32
11/2/19;0.12
12/2/19;0.42
13/2/19;-0.04
14/2/19;0.16
15/2/19;0.18
19/2/19;-0.04
20/2/19;-0.05
21/2/19;0.05
22/2/19;0.55
25/2/19;0.00
26/2/19;-0.04
27/2/19;-0.08
28/2/19;0.14
1/3/19;-0.22
4/3/19;-1.44
5/3/19;0.58
6/3/19;-0.96
7/3/19;-0.61
8/3/19;-0.44
11/3/19;1.54
12/3/19;0.61
13/3/19;0.46
14/3/19;-0.14
15/3/19;0.43
18/3/19;0.60
19/3/19;1.75
20/3/19;0.17
21/3/19;2.39
22/3/19;-2.33
25/3/19;0.02
26/3/19;0.55
27/3/19;-0.97
28/3/19;1.19
29/3/19;0.86
1/4/19;0.97
2/4/19;-0.05
3/4/19;0.40
4/4/19;-0.64
5/4/19;0.46
8/4/19;0.24
9/4/19;-0.49
10/4/19;1.08
11/4/19;-0.21
12/4/19;0.14
15/4/19;0.18
16/4/19;-0.76
17/4/19;-1.12
18/4/19;0.17
22/4/19;0.16
23/4/19;1.48
24/4/19;0.25
25/4/19;-2.52
26/4/19;0.66
29/4/19;-0.21
30/4/19;0.40
1/5/19;-1.37
2/5/19;1.19
3/5/19;2.42
6/5/19;-0.50
7/5/19;-2.14
8/5/19;-0.02
9/5/19;0.19
10/5/19;1.32
13/5/19;-3.01
14/5/19;1.99
15/5/19;0.46
16/5/19;1.20
17/5/19;-1.11
20/5/19;-2.53
21/5/19;1.39
22/5/19;-0.72
23/5/19;-2.07
24/5/19;0.57
28/5/19;1.33
29/5/19;-2.08
30/5/19;1.48
31/5/19;-1.63
3/6/19;-0.31
4/6/19;0.93
5/6/19;1.19
6/6/19;0.94
7/6/19;0.91
10/6/19;0.65
11/6/19;-0.22
12/6/19;0.34
13/6/19;-0.33
14/6/19;-0.19
17/6/19;-0.17
18/6/19;0.68
19/6/19;0.72
20/6/19;0.28
21/6/19;-0.65
24/6/19;-0.27
25/6/19;-0.50
26/6/19;-0.09
27/6/19;0.34
28/6/19;0.37
1/7/19;-0.07
2/7/19;0.48
3/7/19;0.85
5/7/19;-0.22
8/7/19;-0.41
9/7/19;0.41
10/7/19;-0.16
11/7/19;0.07
12/7/19;0.34
15/7/19;0.17
16/7/19;-0.45
17/7/19;-0.42
18/7/19;1.19
19/7/19;-1.26
22/7/19;0.18
23/7/19;0.41
24/7/19;1.24
25/7/19;-0.65
26/7/19;0.58
29/7/19;0.22
30/7/19;-0.61
31/7/19;-1.59
1/8/19;0.21
2/8/19;-0.47
5/8/19;-2.77
6/8/19;1.46
7/8/19;0.71
8/8/19;2.87
9/8/19;0.17
12/8/19;-1.93
13/8/19;1.34
14/8/19;-2.25
15/8/19;0.58
16/8/19;1.06
19/8/19;0.16
20/8/19;-0.16
21/8/19;1.01
22/8/19;-0.31
23/8/19;-2.07
26/8/19;1.09
27/8/19;0.21
28/8/19;0.09
29/8/19;0.83
30/8/19;-0.20
3/9/19;-0.45
4/9/19;0.38
5/9/19;0.13
6/9/19;-0.15
9/9/19;-1.86
10/9/19;-2.13
11/9/19;0.25
12/9/19;0.72
13/9/19;-0.56
16/9/19;-0.04
17/9/19;1.08
18/9/19;0.03
19/9/19;-0.03
20/9/19;-0.20
23/9/19;0.17
24/9/19;-0.38
25/9/19;-0.10
26/9/19;0.08
27/9/19;-0.99
30/9/19;0.60
1/10/19;-1.33
2/10/19;-1.66
3/10/19;1.21
4/10/19;1.42
7/10/19;-0.70
8/10/19;-1.65
9/10/19;1.43
10/10/19;0.60
11/10/19;0.72
14/10/19;-0.16
15/10/19;0.93
16/10/19;-1.03
17/10/19;0.32
18/10/19;-0.21
21/10/19;1.21
22/10/19;-1.27
23/10/19;-0.80
24/10/19;2.07
25/10/19;-0.31
28/10/19;0.59
29/10/19;-0.29
30/10/19;0.62
31/10/19;-1.77
1/11/19;0.27
4/11/19;-0.03
5/11/19;-0.34
6/11/19;0.63
7/11/19;-0.07
8/11/19;0.17
11/11/19;0.40
12/11/19;0.17
13/11/19;1.01
14/11/19;0.95
15/11/19;1.11
18/11/19;0.40
19/11/19;0.00
20/11/19;0.42
21/11/19;-1.23
22/11/19;-0.41
25/11/19;1.25
26/11/19;0.42
27/11/19;0.47
29/11/19;-0.80
2/12/19;-1.42
3/12/19;-0.76
4/12/19;0.65
5/12/19;0.06
6/12/19;0.79
9/12/19;-0.61
10/12/19;0.44
11/12/19;1.33
12/12/19;1.68
13/12/19;-0.30
16/12/19;0.84
17/12/19;0.55
18/12/19;-0.48
19/12/19;0.89
20/12/19;0.57
23/12/19;-0.08
24/12/19;0.47
26/12/19;0.33
27/12/19;-0.31
30/12/19;-0.52
31/12/19;0.28
2/1/20;1.60
3/1/20;-1.23
6/1/20;-0.86
7/1/20;0.87
8/1/20;-0.09
9/1/20;0.42
10/1/20;-0.75
13/1/20;1.20
14/1/20;0.03
15/1/20;-1.28
16/1/20;1.49
17/1/20;0.72
21/1/20;-0.31
22/1/20;0.03
23/1/20;0.44
24/1/20;-1.87
27/1/20;-1.87
28/1/20;2.05
29/1/20;-1.04
30/1/20;0.59
31/1/20;-3.45
3/2/20;1.17
4/2/20;1.76
5/2/20;0.34
6/2/20;0.61
7/2/20;-0.21
10/2/20;1.16
11/2/20;0.86
12/2/20;0.60
13/2/20;0.65
14/2/20;0.15
18/2/20;0.25
19/2/20;1.13
20/2/20;-1.39
21/2/20;-2.08
24/2/20;-3.31
25/2/20;-3.06
26/2/20;0.17
27/2/20;-3.99
28/2/20;-0.35
2/3/20;3.07
3/3/20;-1.26
4/3/20;2.44
5/3/20;-1.26
6/3/20;-0.97
9/3/20;-4.27
10/3/20;2.25
11/3/20;-2.23
12/3/20;-4.83
13/3/20;2.90
16/3/20;-5.05
17/3/20;3.24
18/3/20;-2.89
19/3/20;-0.48
20/3/20;-2.76
23/3/20;0.13
24/3/20;5.14
25/3/20;1.07
26/3/20;3.29
27/3/20;-1.58
30/3/20;1.69
31/3/20;-1.04
1/4/20;-0.91
2/4/20;0.67
3/4/20;-0.16
6/4/20;0.63
7/4/20;-0.39
8/4/20;0.55
9/4/20;-0.11
13/4/20;0.09
14/4/20;0.61
15/4/20;-0.17
16/4/20;0.64
17/4/20;0.26
20/4/20;-0.05
21/4/20;-0.48
22/4/20;0.07
23/4/20;-0.22
24/4/20;0.20
27/4/20;0.10
28/4/20;-0.47
29/4/20;-0.18
30/4/20;0.01
1/5/20;-0.01
4/5/20;1.00
5/5/20;0.99
6/5/20;-0.21
7/5/20;0.29
8/5/20;0.31
11/5/20;0.55
12/5/20;-0.78
13/5/20;-0.35
14/5/20;0.56
15/5/20;0.04
18/5/20;0.10
19/5/20;-0.00
20/5/20;0.57
21/5/20;-0.80
22/5/20;0.42
26/5/20;-0.62
27/5/20;0.04
28/5/20;0.14
29/5/20;1.41
1/6/20;1.43
2/6/20;0.19
3/6/20;-0.22
4/6/20;-1.90
5/6/20;1.18
8/6/20;1.25
9/6/20;0.28
10/6/20;3.35
11/6/20;-4.60
12/6/20;-0.07
15/6/20;3.92
16/6/20;0.24
17/6/20;0.55
18/6/20;-0.02
19/6/20;1.65
22/6/20;0.86
23/6/20;-0.35
24/6/20;-2.26
25/6/20;1.27
26/6/20;-2.07
29/6/20;0.52
30/6/20;2.92
1/7/20;-0.22
2/7/20;0.80
6/7/20;1.75
7/7/20;0.29
8/7/20;2.46
9/7/20;1.89
10/7/20;-0.95
13/7/20;-3.89
14/7/20;1.66
15/7/20;-0.08
16/7/20;-1.12
17/7/20;1.29
20/7/20;2.49
21/7/20;-1.40
22/7/20;-0.27
23/7/20;-1.76
24/7/20;-1.07
27/7/20;2.22
28/7/20;-1.06
29/7/20;1.20
30/7/20;0.88
31/7/20;1.57
3/8/20;2.20
4/8/20;0.85
5/8/20;0.71
6/8/20;0.12
7/8/20;-1.56
10/8/20;-2.08
11/8/20;-2.40
12/8/20;3.31
13/8/20;0.82
14/8/20;-0.54
17/8/20;2.90
18/8/20;0.17
19/8/20;0.15
20/8/20;0.82
21/8/20;0.72
24/8/20;0.01
25/8/20;1.46
26/8/20;0.25
27/8/20;-0.70
28/8/20;0.15
31/8/20;1.92
1/9/20;1.88
2/9/20;1.06
3/9/20;-6.89
4/9/20;-1.69
8/9/20;-3.82
9/9/20;3.61
10/9/20;-2.40
11/9/20;-1.50
14/9/20;2.76
15/9/20;1.10
16/9/20;-2.53
17/9/20;-1.29
18/9/20;-0.63
21/9/20;1.82
22/9/20;1.44
23/9/20;-2.88
24/9/20;-0.04
25/9/20;3.34
28/9/20;1.41
29/9/20;0.45
30/9/20;0.95
1/10/20;1.58
2/10/20;-2.29
5/10/20;1.96
6/10/20;-0.95
7/10/20;2.02
8/10/20;-0.39
9/10/20;0.77
12/10/20;1.89
13/10/20;0.66
14/10/20;-1.37
15/10/20;0.38
16/10/20;0.11
19/10/20;-1.09
20/10/20;0.60
21/10/20;-0.70
22/10/20;-0.33
23/10/20;1.26
26/10/20;-1.03
27/10/20;-0.21
28/10/20;-3.18
29/10/20;1.53
30/10/20;-3.02
2/11/20;0.16
3/11/20;2.18
4/11/20;5.42
5/11/20;2.59
6/11/20;0.66
9/11/20;-5.59
10/11/20;-2.59
11/11/20;4.19
12/11/20;2.88
13/11/20;2.21
16/11/20;-0.40
17/11/20;-0.84
18/11/20;-1.05
19/11/20;3.00
20/11/20;1.35
23/11/20;0.01
24/11/20;-0.44
25/11/20;0.88
27/11/20;3.36
30/11/20;2.16
1/12/20;1.38
2/12/20;0.44
3/12/20;1.08
4/12/20;1.32
7/12/20;-0.53
8/12/20;0.28
9/12/20;-2.57
10/12/20;1.19
11/12/20;0.41
14/12/20;0.21
15/12/20;1.69
16/12/20;1.04
17/12/20;1.60
18/12/20;-0.53
21/12/20;-0.27
22/12/20;1.17
23/12/20;-1.35
24/12/20;0.01
28/12/20;-2.37
29/12/20;0.22
30/12/20;1.99
31/12/20;-0.89
4/1/21;-0.36
5/1/21;2.88
6/1/21;2.01
7/1/21;2.88
8/1/21;1.49
11/1/21;-0.08
12/1/21;2.60
13/1/21;-1.39
14/1/21;0.86
15/1/21;-1.33
19/1/21;2.31
20/1/21;0.19
21/1/21;-1.04
22/1/21;-0.07
25/1/21;-1.73
26/1/21;-2.43
27/1/21;-5.99
28/1/21;4.51
29/1/21;-2.38
1/2/21;2.99
2/2/21;2.73
3/2/21;0.08
4/2/21;3.50
5/2/21;2.15
8/2/21;1.22
9/2/21;-0.36
10/2/21;-0.20
11/2/21;0.40
12/2/21;0.63
16/2/21;0.88
17/2/21;-1.66
18/2/21;-1.94
19/2/21;3.72
22/2/21;-1.14
23/2/21;-1.34
24/2/21;1.24
25/2/21;-2.91
26/2/21;1.73
1/3/21;4.27
2/3/21;-1.26
3/3/21;-2.31
4/3/21;-2.57
5/3/21;2.21
8/3/21;-0.96
9/3/21;1.29
10/3/21;0.82
11/3/21;2.95
12/3/21;1.36
15/3/21;1.53
16/3/21;-2.18
17/3/21;0.75
18/3/21;-1.63
19/3/21;0.39
22/3/21;-0.69
23/3/21;-3.48
24/3/21;-2.02
25/3/21;1.26
26/3/21;2.03
29/3/21;-2.12
30/3/21;2.16
31/3/21;0.85
1/4/21;1.37
5/4/21;0.20
6/4/21;0.06
7/4/21;0.04
8/4/21;0.30
9/4/21;0.92
12/4/21;-0.01
13/4/21;-0.74
14/4/21;1.00
15/4/21;0.30
16/4/21;-0.15
19/4/21;-0.72
20/4/21;-2.14
21/4/21;2.31
22/4/21;-0.44
23/4/21;2.15
26/4/21;0.58
27/4/21;0.99
28/4/21;0.87
29/4/21;0.06
30/4/21;-1.39
3/5/21;1.05
4/5/21;-1.78
5/5/21;2.44
6/5/21;-0.30
7/5/21;2.73
10/5/21;-1.81
11/5/21;-0.79
12/5/21;-3.83
13/5/21;-0.41
14/5/21;4.27
17/5/21;1.36
18/5/21;-1.23
19/5/21;-3.16
20/5/21;0.18
21/5/21;-0.04
24/5/21;1.97
25/5/21;-0.49
26/5/21;2.17
27/5/21;1.76
28/5/21;0.27
1/6/21;3.39
2/6/21;-0.87
3/6/21;-0.07
4/6/21;0.34
7/6/21;-0.23
8/6/21;0.34
9/6/21;-1.47
10/6/21;-0.91
11/6/21;1.23
14/6/21;-2.36
15/6/21;0.08
16/6/21;-0.66
17/6/21;-4.27
18/6/21;-2.00
21/6/21;3.99
22/6/21;1.15
23/6/21;0.74
24/6/21;1.65
25/6/21;0.35
28/6/21;-2.21
29/6/21;-0.11
30/6/21;1.62
1/7/21;1.29
2/7/21;-0.68
6/7/21;-2.52
7/7/21;-2.00
8/7/21;-0.15
9/7/21;2.37
12/7/21;1.58
13/7/21;-1.02
14/7/21;-2.01
15/7/21;-1.08
16/7/21;-1.49
19/7/21;-1.39
20/7/21;2.20
21/7/21;3.92
22/7/21;-0.58
23/7/21;1.14
26/7/21;0.56
27/7/21;-1.94
28/7/21;1.54
29/7/21;0.25
30/7/21;-0.06
2/8/21;-0.64
3/8/21;2.88
4/8/21;-1.76
5/8/21;0.71
6/8/21;1.19
9/8/21;-0.23
10/8/21;2.19
11/8/21;0.96
12/8/21;0.67
13/8/21;-0.61
16/8/21;-0.70
17/8/21;-2.83
18/8/21;-1.08
19/8/21;0.36
20/8/21;0.51
23/8/21;2.79
24/8/21;1.16
25/8/21;0.84
26/8/21;-0.59
27/8/21;2.36
30/8/21;-0.60
31/8/21;-1.26
1/9/21;-1.45
2/9/21;1.36
3/9/21;-0.14
7/9/21;-0.63
8/9/21;-1.10
9/9/21;0.60
10/9/21;-0.50
13/9/21;-0.22
14/9/21;-0.65
15/9/21;2.84
16/9/21;0.09
17/9/21;-1.51
20/9/21;-3.10
21/9/21;0.27
22/9/21;2.94
23/9/21;3.14
24/9/21;0.15
27/9/21;0.60
28/9/21;-2.36
29/9/21;-0.21
30/9/21;-1.69
1/10/21;1.81
4/10/21;0.05
5/10/21;1.98
6/10/21;-0.87
7/10/21;0.98
8/10/21;0.97
11/10/21;-0.52
12/10/21;0.19
13/10/21;0.47
14/10/21;1.31
15/10/21;0.01
18/10/21;1.46
19/10/21;0.28
20/10/21;0.72
21/10/21;-0.21
22/10/21;1.20
25/10/21;0.75
26/10/21;0.72
27/10/21;-2.61
28/10/21;1.48
29/10/21;1.45
1/11/21;1.24
2/11/21;0.20
3/11/21;-0.52
4/11/21;1.94
5/11/21;0.50
8/11/21;1.33
9/11/21;-0.35
10/11/21;-2.82
11/11/21;1.35
12/11/21;-0.01
15/11/21;-0.50
16/11/21;0.71
17/11/21;-1.73
18/11/21;2.04
19/11/21;-1.61
22/11/21;-0.49
23/11/21;1.11
24/11/21;1.20
26/11/21;-2.71
29/11/21;1.81
30/11/21;-2.78
1/12/21;-1.80
2/12/21;1.13
3/12/21;-1.83
6/12/21;-0.33
7/12/21;3.28
8/12/21;0.13
9/12/21;-2.01
10/12/21;1.01
13/12/21;-2.41
14/12/21;-0.77
15/12/21;1.68
16/12/21;-2.39
17/12/21;-0.28
20/12/21;-1.35
21/12/21;2.79
22/12/21;1.26
23/12/21;0.55
27/12/21;2.29
28/12/21;-0.58
29/12/21;-0.24
30/12/21;-0.68
31/12/21;-0.10
3/1/22;0.19
4/1/22;-0.46
5/1/22;-2.76
6/1/22;1.04
7/1/22;-1.19
10/1/22;0.13
11/1/22;1.26
12/1/22;0.13
13/1/22;-2.04
14/1/22;0.66
18/1/22;-1.64
19/1/22;-1.02
20/1/22;-1.21
21/1/22;-1.81
24/1/22;0.97
25/1/22;-1.09
26/1/22;0.30
27/1/22;-0.94
28/1/22;1.57
31/1/22;1.86
1/2/22;2.64
2/2/22;0.35
3/2/22;-0.60
4/2/22;0.77
7/2/22;-0.13
8/2/22;-1.29
9/2/22;1.28
10/2/22;-0.16
11/2/22;1.42
14/2/22;-1.86
15/2/22;-0.45
16/2/22;1.36
17/2/22;0.54
18/2/22;-0.56
22/2/22;-1.63
23/2/22;0.33
24/2/22;0.35
25/2/22;1.83
28/2/22;2.82
1/3/22;0.55
2/3/22;0.61
3/3/22;-0.19
4/3/22;2.34
7/3/22;0.08
8/3/22;-0.59
9/3/22;-0.48
10/3/22;2.10
11/3/22;-1.50
14/3/22;-2.87
15/3/22;-0.59
16/3/22;-0.60
17/3/22;4.14
18/3/22;0.19
21/3/22;3.49
22/3/22;-0.69
23/3/22;1.31
24/3/22;-0.10
25/3/22;1.31
28/3/22;-2.10
29/3/22;-0.45
30/3/22;0.47
31/3/22;-0.67
1/4/22;0.56
4/4/22;0.27
5/4/22;-1.46
6/4/22;-0.16
7/4/22;1.44
8/4/22;2.69
11/4/22;-1.80
12/4/22;1.60
13/4/22;0.88
14/4/22;-0.02
18/4/22;1.12
19/4/22;-0.61
20/4/22;0.39
21/4/22;-3.08
22/4/22;-2.37
25/4/22;-2.04
26/4/22;-0.13
27/4/22;1.25
28/4/22;1.55
29/4/22;-1.62
2/5/22;0.41
3/5/22;3.20
4/5/22;2.58
5/5/22;-1.29
6/5/22;2.00
9/5/22;-6.53
10/5/22;0.97
11/5/22;0.75
12/5/22;0.00
13/5/22;3.22
16/5/22;2.05
17/5/22;0.72
18/5/22;-3.37
19/5/22;-0.17
20/5/22;-0.14
23/5/22;2.17
24/5/22;-0.19
25/5/22;1.54
26/5/22;1.82
27/5/22;1.61
31/5/22;-0.66
1/6/22;0.79
2/6/22;-0.09
3/6/22;0.40
6/6/22;-0.03
7/6/22;0.69
8/6/22;-0.25
9/6/22;-0.64
10/6/22;-1.17
13/6/22;-2.19
14/6/22;0.53
15/6/22;-0.87
16/6/22;-2.40
17/6/22;-2.11
21/6/22;1.34
22/6/22;-1.53
23/6/22;-1.51
24/6/22;0.17
27/6/22;1.56
28/6/22;1.01
29/6/22;-1.63
30/6/22;-0.53
1/7/22;0.41
5/7/22;-0.22
6/7/22;0.09
7/7/22;0.11
8/7/22;0.09
11/7/22;-0.05
12/7/22;-0.23
13/7/22;-0.02
14/7/22;-0.30
15/7/22;0.31
18/7/22;-0.23
19/7/22;0.33
20/7/22;-0.08
21/7/22;-0.04
22/7/22;-0.07
25/7/22;0.33
26/7/22;-0.08
27/7/22;0.23
28/7/22;-0.03
29/7/22;0.28
1/8/22;-0.13
2/8/22;0.05
3/8/22;-0.52
4/8/22;-0.37
5/8/22;0.29
8/8/22;0.04
9/8/22;0.36
10/8/22;0.14
11/8/22;0.40
12/8/22;0.17
15/8/22;-0.25
16/8/22;0.01
17/8/22;0.10
18/8/22;0.34
19/8/22;0.13
22/8/22;-0.00
23/8/22;0.44
24/8/22;0.27
25/8/22;0.12
26/8/22;-0.23
29/8/22;0.12
30/8/22;-0.61
31/8/22;-0.11
1/9/22;-0.41
2/9/22;0.27
6/9/22;-0.19
7/9/22;0.06
8/9/22;0.03
9/9/22;0.11
12/9/22;0.11
13/9/22;-0.34
14/9/22;0.39
15/9/22;-0.41
16/9/22;-0.24
19/9/22;0.11
20/9/22;-0.05
21/9/22;-0.22
22/9/22;-0.18
23/9/22;-0.84
26/9/22;-0.36
27/9/22;0.33
28/9/22;0.74
29/9/22;-0.23
30/9/22;-0.07
3/10/22;0.47
4/10/22;0.00
5/10/22;0.00
6/10/22;0.00
7/10/22;0.00
10/10/22;0.00
11/10/22;0.00
12/10/22;0.00
13/10/22;0.00
14/10/22;0.00
17/10/22;0.00
18/10/22;0.00
19/10/22;0.00
20/10/22;0.00
21/10/22;0.00
24/10/22;0.00
25/10/22;0.00
26/10/22;0.00
27/10/22;0.00
28/10/22;0.00
31/10/22;0.00
1/11/22;0.00
2/11/22;0.00
3/11/22;0.00
4/11/22;0.00
7/11/22;0.00
8/11/22;0.00
9/11/22;0.00
10/11/22;0.00
11/11/22;0.00
14/11/22;0.00
15/11/22;0.00
16/11/22;0.00
17/11/22;0.00
18/11/22;0.00
21/11/22;0.00
22/11/22;0.00
23/11/22;0.00
25/11/22;0.00
28/11/22;0.00
29/11/22;0.00
30/11/22;0.00
1/12/22;-0.49
2/12/22;0.30
5/12/22;-1.38
6/12/22;-1.05
7/12/22;0.10
8/12/22;0.43
9/12/22;-0.95
12/12/22;0.71
13/12/22;0.46
14/12/22;0.17
15/12/22;-1.13
16/12/22;-0.57
19/12/22;-0.19
20/12/22;0.03
21/12/22;0.93
22/12/22;-1.41
23/12/22;0.40
27/12/22;-0.34
28/12/22;-1.41
29/12/22;0.40
30/12/22;-0.14
3/1/23;-0.65
4/1/23;0.74
5/1/23;0.52
6/1/23;0.89
9/1/23;-0.39
10/1/23;0.09
11/1/23;-0.12
12/1/23;0.23
13/1/23;0.45
17/1/23;-0.27
18/1/23;-0.91
19/1/23;-0.27
20/1/23;0.41
23/1/23;0.27
24/1/23;0.31
25/1/23;0.35
26/1/23;0.95
27/1/23;-0.26
30/1/23;-0.88
31/1/23;0.31
1/2/23;0.71
2/2/23;-1.84
3/2/23;-0.27
6/2/23;-0.71
7/2/23;0.58
8/2/23;-0.23
9/2/23;-0.38
10/2/23;0.12
13/2/23;1.55
14/2/23;-0.09
15/2/23;0.34
16/2/23;-1.04
17/2/23;-1.26
21/2/23;-2.26
22/2/23;-0.08
23/2/23;0.30
24/2/23;-0.87
27/2/23;1.05
28/2/23;0.99
1/3/23;2.55
2/3/23;1.40
3/3/23;1.72
6/3/23;-0.56
7/3/23;-0.55
8/3/23;0.03
9/3/23;-3.57
10/3/23;-2.30
13/3/23;-1.22
14/3/23;1.59
15/3/23;-3.89
16/3/23;2.88
17/3/23;-2.72
20/3/23;-0.20
21/3/23;1.88
22/3/23;-2.65
23/3/23;1.42
24/3/23;-0.32
27/3/23;0.08
28/3/23;0.30
29/3/23;1.67
30/3/23;0.91
31/3/23;1.71
3/4/23;0.12
4/4/23;-0.69
5/4/23;-2.79
6/4/23;0.08
10/4/23;0.73
11/4/23;-0.38
12/4/23;-0.83
13/4/23;1.62
14/4/23;-0.30
17/4/23;0.85
18/4/23;0.68
19/4/23;-0.49
20/4/23;-0.25
21/4/23;0.18
24/4/23;-0.30
25/4/23;-1.61
26/4/23;-0.80
27/4/23;0.86
28/4/23;0.69
1/5/23;1.32
2/5/23;-1.16
3/5/23;-0.82
4/5/23;-0.58
5/5/23;1.82
8/5/23;1.26
9/5/23;-0.55
10/5/23;0.61
11/5/23;-0.66
12/5/23;1.97
15/5/23;0.47
16/5/23;-0.98
17/5/23;1.81
18/5/23;1.35
19/5/23;-0.72
22/5/23;-0.21
23/5/23;-2.58
24/5/23;-0.49
25/5/23;3.06
26/5/23;1.32
30/5/23;0.19
31/5/23;-0.92
1/6/23;1.36
2/6/23;0.76
5/6/23;-0.07
6/6/23;0.65
7/6/23;-1.18
8/6/23;0.55
9/6/23;0.68
12/6/23;1.89
13/6/23;0.24
14/6/23;0.17
15/6/23;0.48
16/6/23;-1.01
20/6/23;0.13
21/6/23;-0.72
22/6/23;0.09
23/6/23;-0.44
26/6/23;-1.06
27/6/23;1.80
28/6/23;0.66
29/6/23;-0.12
30/6/23;1.38
3/7/23;-0.26
5/7/23;0.01
6/7/23;-1.45
7/7/23;0.01
10/7/23;1.87
11/7/23;0.30
12/7/23;0.48
13/7/23;0.75
14/7/23;-0.36
17/7/23;1.13
18/7/23;0.55
19/7/23;-0.58
20/7/23;-2.41
21/7/23;0.01
24/7/23;-0.08
25/7/23;1.42
26/7/23;-0.52
27/7/23;2.57
28/7/23;0.84
31/7/23;0.31
1/8/23;-0.16
2/8/23;-3.06
3/8/23;0.02
4/8/23;0.19
7/8/23;1.84
8/8/23;-1.35
9/8/23;-2.06
10/8/23;-0.31
11/8/23;-1.32
14/8/23;2.04
15/8/23;-0.90
16/8/23;-1.91
17/8/23;-1.89
18/8/23;0.18
21/8/23;1.40
22/8/23;-0.24
23/8/23;2.19
24/8/23;-3.21
25/8/23;0.08
28/8/23;0.80
29/8/23;2.51
30/8/23;0.07
31/8/23;0.87
1/9/23;-0.50
5/9/23;-0.49
6/9/23;-0.14
7/9/23;-0.81
8/9/23;-0.34
11/9/23;0.88
12/9/23;-1.18
13/9/23;0.07
14/9/23;1.15
15/9/23;-2.09
18/9/23;0.09
19/9/23;0.34
20/9/23;-1.41
21/9/23;-2.05
22/9/23;0.07
25/9/23;0.29
26/9/23;-0.86
27/9/23;0.34
28/9/23;1.22
29/9/23;-0.68
2/10/23;0.25
3/10/23;-1.57
4/10/23;1.19
5/10/23;-0.01
6/10/23;1.37
9/10/23;-0.07
10/10/23;0.62
11/10/23;0.84
12/10/23;-0.29
13/10/23;-1.23
16/10/23;0.49
17/10/23;-0.17
18/10/23;-1.37
19/10/23;-0.91
20/10/23;-0.94
23/10/23;0.50
24/10/23;1.11
25/10/23;-1.45
26/10/23;-1.15
27/10/23;-0.08
30/10/23;0.97
31/10/23;0.02
1/11/23;0.75
2/11/23;1.16
3/11/23;0.64
6/11/23;0.24
7/11/23;0.95
8/11/23;0.53
9/11/23;-0.54
10/11/23;1.38
13/11/23;0.53
14/11/23;1.56
15/11/23;-0.85
16/11/23;-0.10
17/11/23;0.48
20/11/23;0.91
21/11/23;-0.22
22/11/23;0.08
24/11/23;0.09
27/11/23;-0.15
28/11/23;0.26
29/11/23;0.74
30/11/23;-0.19
1/12/23;0.12
4/12/23;-1.11
5/12/23;0.51
6/12/23;-1.01
7/12/23;1.19
8/12/23;0.97
11/12/23;0.78
12/12/23;1.53
13/12/23;0.95
14/12/23;-1.31
15/12/23;1.35
18/12/23;1.07
19/12/23;0.38
20/12/23;-1.74
21/12/23;0.96
22/12/23;-0.17
26/12/23;0.76
27/12/23;0.16
28/12/23;-0.14
29/12/23;-0.37
2/1/24;-3.09
3/1/24;-1.21
4/1/24;0.26
5/1/24;0.90
8/1/24;3.27
9/1/24;1.45
10/1/24;1.20
11/1/24;0.63
12/1/24;-0.29
16/1/24;0.73
17/1/24;-1.00
18/1/24;1.74
19/1/24;2.90
22/1/24;0.53
23/1/24;-0.39
24/1/24;1.38
25/1/24;0.12
26/1/24;-1.97
29/1/24;1.21
30/1/24;-1.11
31/1/24;-1.52
1/2/24;1.86
2/2/24;3.68
5/2/24;-0.27
6/2/24;-0.73
7/2/24;2.48
8/2/24;1.25
9/2/24;1.13
12/2/24;-0.74
13/2/24;-1.55
14/2/24;3.69
15/2/24;0.17
16/2/24;-1.18
20/2/24;-2.06
21/2/24;-3.80
22/2/24;6.41
23/2/24;0.09
26/2/24;0.99
27/2/24;0.32
28/2/24;-0.72
29/2/24;2.02
1/3/24;1.48
4/3/24;1.07
5/3/24;-1.41
6/3/24;1.98
7/3/24;1.28
8/3/24;-2.48
11/3/24;-2.11
12/3/24;2.45
13/3/24;-0.43
14/3/24;-1.33
15/3/24;-0.89
18/3/24;0.74
19/3/24;0.27
20/3/24;1.73
21/3/24;0.73
22/3/24;0.58
25/3/24;0.13
26/3/24;-0.59
27/3/24;-0.65
28/3/24;-0.35
1/4/24;0.46
2/4/24;-0.73
3/4/24;1.44
4/4/24;-2.45
5/4/24;2.58
8/4/24;-0.93
9/4/24;-1.00
10/4/24;-0.35
11/4/24;2.15
12/4/24;-1.68
15/4/24;-2.35
16/4/24;0.45
17/4/24;-2.14
18/4/24;-0.74
19/4/24;-3.61
22/4/24;1.39
23/4/24;3.05
24/4/24;-1.09
25/4/24;0.09
26/4/24;1.90
29/4/24;-0.08
30/4/24;-1.66
1/5/24;-0.95
2/5/24;0.33
3/5/24;1.73
6/5/24;2.65
7/5/24;-1.32
8/5/24;0.47
9/5/24;1.43
10/5/24;0.23
13/5/24;-0.43
14/5/24;1.13
15/5/24;2.63
16/5/24;-1.22
17/5/24;-0.62
20/5/24;0.65
21/5/24;0.77
22/5/24;-0.99
23/5/24;1.27
24/5/24;2.77
28/5/24;1.11
29/5/24;-0.56
30/5/24;-1.97
31/5/24;-1.24
3/6/24;-0.41
4/6/24;-0.94
5/6/24;4.32
6/6/24;-1.96
7/6/24;0.04
10/6/24;2.83
11/6/24;0.32
12/6/24;1.38
13/6/24;0.52
14/6/24;-0.71
17/6/24;1.04
18/6/24;1.58
20/6/24;-1.79
21/6/24;-1.39
24/6/24;-1.78
25/6/24;2.04
26/6/24;-0.99
27/6/24;-0.90
28/6/24;-1.15
1/7/24;1.12
2/7/24;0.00
3/7/24;1.88
5/7/24;-0.82
8/7/24;1.10
9/7/24;0.29
10/7/24;0.58
11/7/24;-1.92
12/7/24;0.58
15/7/24;-0.68
16/7/24;-0.95
17/7/24;-4.98
18/7/24;-0.08
19/7/24;-1.72
22/7/24;0.83
23/7/24;0.57
24/7/24;-4.57
25/7/24;-1.67
26/7/24;1.35
29/7/24;-0.35
30/7/24;-3.53
31/7/24;5.99
1/8/24;-2.35
2/8/24;-2.31
5/8/24;-1.78
6/8/24;1.97
7/8/24;-0.96
8/8/24;3.54
9/8/24;0.84
12/8/24;-0.26
13/8/24;1.72
14/8/24;0.41
15/8/24;1.26
16/8/24;-0.09
19/8/24;0.49
20/8/24;-0.50
21/8/24;0.90
22/8/24;-0.73
23/8/24;1.43
26/8/24;-0.73
27/8/24;0.37
28/8/24;-0.93
29/8/24;0.46
30/8/24;1.24
3/9/24;-4.37
4/9/24;0.52
5/9/24;-0.90
6/9/24;-1.55
9/9/24;1.52
10/9/24;0.53
11/9/24;1.42
12/9/24;0.78
13/9/24;1.68
16/9/24;0.81
17/9/24;0.13
18/9/24;0.40
19/9/24;1.33
20/9/24;3.15
23/9/24;0.77
24/9/24;0.04
25/9/24;0.93
26/9/24;-0.73
27/9/24;0.26
30/9/24;0.55
1/10/24;-0.31
2/10/24;0.73
3/10/24;1.43
4/10/24;1.60
7/10/24;-0.80
8/10/24;0.57
9/10/24;-0.77
10/10/24;-0.55
11/10/24;1.46
14/10/24;2.13
15/10/24;-1.85
16/10/24;2.20
17/10/24;-1.39
18/10/24;0.09
21/10/24;0.53
22/10/24;-1.98
23/10/24;-0.48
24/10/24;-0.12
25/10/24;-0.08
28/10/24;1.08
29/10/24;0.00
30/10/24;-0.63
31/10/24;-1.62
1/11/24;-0.84
4/11/24;-2.13
5/11/24;5.05
6/11/24;4.50
7/11/24;2.09
8/11/24;2.14
11/11/24;0.64
12/11/24;-0.96
13/11/24;-0.27
14/11/24;-0.88
15/11/24;0.67
18/11/24;-0.21
19/11/24;2.86
20/11/24;0.00
21/11/24;2.08
22/11/24;0.23
25/11/24;-0.99
26/11/24;2.47
27/11/24;-1.77
29/11/24;1.55
2/12/24;-0.95
3/12/24;-0.02
4/12/24;1.56
5/12/24;0.45
6/12/24;-0.04
9/12/24;-3.37
10/12/24;-0.98
11/12/24;1.81
12/12/24;-0.83
13/12/24;-0.32
16/12/24;0.29
17/12/24;-1.07
18/12/24;-3.77
19/12/24;1.02
20/12/24;1.58
23/12/24;0.67
24/12/24;1.43
26/12/24;-0.40
27/12/24;-1.53
30/12/24;-0.63
31/12/24;-0.85
2/1/25;1.00
3/1/25;1.30
6/1/25;0.65
7/1/25;-0.78
8/1/25;0.41
10/1/25;-0.14
13/1/25;-0.37
14/1/25;1.17
15/1/25;0.50
16/1/25;0.46
17/1/25;0.47
21/1/25;1.41
22/1/25;0.27
23/1/25;0.03
24/1/25;-0.25
27/1/25;-6.47
28/1/25;2.36
29/1/25;0.43
30/1/25;1.99
31/1/25;-0.85
3/2/25;-0.35
4/2/25;0.43
5/2/25;0.85
6/2/25;0.34
7/2/25;-1.15
10/2/25;-0.28
11/2/25;-1.35
12/2/25;0.13
13/2/25;0.72
14/2/25;0.23
18/2/25;0.25
19/2/25;0.42
20/2/25;-2.28
21/2/25;-3.39
24/2/25;-0.49
25/2/25;-1.11
26/2/25;1.05
27/2/25;-2.01
28/2/25;1.81
3/3/25;-1.12
4/3/25;-1.96
5/3/25;0.71
6/3/25;-2.73
7/3/25;-0.27
10/3/25;-2.01
11/3/25;0.18
12/3/25;0.10
13/3/25;-1.99
14/3/25;2.01
17/3/25;1.01
18/3/25;-1.06
19/3/25;1.79
20/3/25;-0.09
21/3/25;-0.49
24/3/25;2.10
25/3/25;0.36
26/3/25;-0.70
27/3/25;-1.05
28/3/25;-1.52
31/3/25;0.62
1/4/25;0.20
2/4/25;0.86
3/4/25;-3.58
4/4/25;-3.53
7/4/25;0.45
8/4/25;-0.75
9/4/25;4.19
10/4/25;-1.66
11/4/25;0.51
14/4/25;0.56
15/4/25;0.40
16/4/25;-0.60
17/4/25;0.11
21/4/25;-1.17
22/4/25;1.44
23/4/25;0.99
24/4/25;0.96
25/4/25;0.00
28/4/25;0.32
29/4/25;0.16
30/4/25;-0.04
1/5/25;0.24
2/5/25;0.59
5/5/25;-0.01
6/5/25;-0.10
7/5/25;0.13
8/5/25;0.40
9/5/25;-0.12
12/5/25;0.23
13/5/25;0.55
14/5/25;0.01
15/5/25;0.05
16/5/25;0.21
19/5/25;0.32
20/5/25;0.02
21/5/25;-0.29
22/5/25;-0.07
23/5/25;-0.02
27/5/25;0.41
28/5/25;0.03
29/5/25;-0.33
30/5/25;0.23
2/6/25;1.21
3/6/25;0.82
4/6/25;0.70
5/6/25;-0.26
6/6/25;0.38
9/6/25;-1.21
10/6/25;-1.66
11/6/25;1.08
12/6/25;-0.12
13/6/25;-0.91
16/6/25;1.43
17/6/25;-1.02
18/6/25;-0.78
20/6/25;-0.20
23/6/25;1.57
24/6/25;1.87
25/6/25;-1.16
26/6/25;1.82
27/6/25;1.11
30/6/25;1.69
1/7/25;-4.31
2/7/25;0.74
3/7/25;2.12
7/7/25;0.67
8/7/25;-1.18
9/7/25;1.92
10/7/25;-1.57
11/7/25;0.41
14/7/25;1.82
15/7/25;-0.87
16/7/25;-0.49
17/7/25;0.86
18/7/25;0.33
21/7/25;0.11
22/7/25;-1.41
23/7/25;2.41
24/7/25;-0.30
25/7/25;0.78
28/7/25;0.33
29/7/25;-0.91
30/7/25;2.08
31/7/25;-0.54
1/8/25;-0.98
4/8/25;2.93
5/8/25;-0.02
6/8/25;-0.16
7/8/25;1.58
8/8/25;0.21
11/8/25;-0.49
12/8/25;1.70
13/8/25;-1.89
14/8/25;-3.28
15/8/25;-0.52
18/8/25;0.39
19/8/25;-3.88
20/8/25;-0.19
21/8/25;-0.12
22/8/25;1.40
25/8/25;-0.39
26/8/25;2.27
27/8/25;-0.47
28/8/25;1.59
29/8/25;-2.16
2/9/25;-0.96
3/9/25;1.07
4/9/25;1.98
5/9/25;-0.49
8/9/25;1.78
9/9/25;0.79
10/9/25;1.75
11/9/25;0.54
12/9/25;0.05
15/9/25;1.75
16/9/25;-0.26
17/9/25;-0.15
18/9/25;1.68
19/9/25;1.43
22/9/25;1.27
23/9/25;-0.25
24/9/25;-1.25
25/9/25;-1.67
26/9/25;1.03
29/9/25;2.24
30/9/25;1.02
1/10/25;1.32
2/10/25;0.22
3/10/25;-0.80
6/10/25;1.17
7/10/25;-1.00
8/10/25;1.30
9/10/25;-1.17
10/10/25;-4.10
13/10/25;4.17
14/10/25;0.15
15/10/25;0.97
16/10/25;0.49
17/10/25;-1.23
20/10/25;1.25
21/10/25;-0.64
22/10/25;-0.73
23/10/25;2.63
24/10/25;0.28
27/10/25;0.26
28/10/25;-0.23
29/10/25;1.49
30/10/25;-0.59
31/10/25;0.49
3/11/25;0.26
4/11/25;-2.65
5/11/25;1.33
6/11/25;-1.95
7/11/25;0.34
10/11/25;2.71
11/11/25;-0.97
12/11/25;-0.52
13/11/25;-3.38
14/11/25;0.33
17/11/25;-0.82
18/11/25;-0.62
19/11/25;1.83
20/11/25;-3.19
21/11/25;0.67
24/11/25;3.20
25/11/25;0.63
26/11/25;1.60
28/11/25;0.63
1/12/25;-1.50
2/12/25;0.88
3/12/25;0.03
4/12/25;0.01
5/12/25;0.77
8/12/25;0.20
9/12/25;0.73
10/12/25;1.69
11/12/25;-0.17
12/12/25;-2.10
15/12/25;-0.08
16/12/25;-0.40
17/12/25;-1.91
18/12/25;0.95
19/12/25;1.30
22/12/25;0.85
23/12/25;0.27
24/12/25;0.20
26/12/25;-0.09
29/12/25;-0.47
30/12/25;0.00
31/12/25;-0.52